thoi_gian_s,ax,ay,az,gx,gy,gz
0.00,0.000,-0.032,9.728,0.09,-0.09,-0.01
0.02,-0.069,-0.006,9.848,-0.08,-0.14,-0.03
0.04,0.013,-0.033,9.885,-0.00,0.10,0.02
0.06,-0.055,0.081,9.786,0.14,0.12,0.10
0.08,-0.070,-0.006,9.687,0.14,-0.09,0.12
0.10,-0.064,-0.007,9.848,-0.01,0.12,-0.03
0.12,-0.024,-0.028,9.707,-0.07,0.12,0.16
0.14,0.034,-0.012,9.771,-0.04,0.08,0.04
0.16,0.025,0.022,9.739,-0.00,0.06,0.12
0.18,0.016,0.038,9.855,0.06,-0.12,0.01
0.20,0.036,-0.061,9.801,0.18,0.02,0.07
0.22,-0.009,-0.045,9.821,-0.19,0.06,-0.08
0.24,0.008,-0.047,9.720,-0.05,-0.04,-0.02
0.26,-0.119,0.014,9.945,-0.12,-0.00,-0.05
0.28,-0.006,-0.015,9.837,-0.18,0.09,0.14
0.30,-0.003,-0.003,9.822,-0.00,-0.07,-0.19
0.32,0.008,-0.018,9.762,-0.12,0.02,-0.08
0.34,-0.087,0.075,9.819,-0.07,0.10,0.05
0.36,-0.020,-0.104,9.811,-0.02,-0.13,0.14
0.38,0.068,-0.016,9.806,-0.22,0.09,-0.08
0.40,-0.019,0.030,9.762,0.05,-0.03,-0.17
0.42,-0.039,0.084,9.824,0.18,0.01,-0.03
0.44,-0.047,0.055,9.800,-0.20,-0.04,0.04
0.46,0.033,0.006,9.810,0.06,-0.02,0.03
0.48,0.092,0.047,9.759,-0.19,0.01,0.06
0.50,-0.072,0.007,9.767,-0.04,0.10,0.13
0.52,-0.008,-0.095,9.778,0.02,0.02,0.03
0.54,-0.126,-0.045,9.872,0.18,0.15,0.07
0.56,-0.014,-0.011,9.843,-0.12,-0.04,-0.07
0.58,-0.010,-0.025,9.769,-0.15,0.02,-0.08
0.60,0.001,-0.082,9.870,-0.04,0.05,-0.00
0.62,-0.013,-0.068,9.862,-0.02,0.05,0.06
0.64,-0.017,-0.023,9.773,-0.05,-0.08,0.02
0.66,-0.055,0.003,9.902,-0.10,-0.07,-0.15
0.68,0.115,-0.001,9.854,-0.05,-0.03,-0.04
0.70,-0.009,-0.018,9.797,0.04,0.01,0.08
0.72,0.063,0.001,9.812,-0.06,-0.04,-0.17
0.74,0.017,-0.078,9.822,-0.05,0.09,0.03
0.76,-0.084,0.013,9.794,-0.09,0.15,-0.07
0.78,0.004,-0.044,9.877,0.06,0.02,0.10
0.80,-0.041,-0.003,9.780,0.01,0.15,0.11
0.82,-0.007,-0.013,9.808,0.14,-0.16,-0.14
0.84,-0.036,-0.052,9.857,-0.05,0.07,-0.11
0.86,-0.065,0.007,9.925,-0.02,-0.02,0.02
0.88,0.017,0.078,9.813,0.02,-0.14,0.00
0.90,0.059,-0.004,9.815,0.10,0.04,-0.23
0.92,-0.008,-0.027,9.843,0.14,0.09,0.10
0.94,-0.032,0.014,9.768,0.08,0.04,0.04
0.96,-0.016,-0.072,9.790,-0.03,-0.10,-0.22
0.98,0.014,-0.067,9.881,0.10,0.09,0.02
1.00,-0.014,0.027,9.824,0.31,0.02,-0.02
1.02,-0.026,0.064,9.761,0.01,-0.01,0.03
1.04,-0.058,-0.046,9.780,-0.03,0.23,-0.02
1.06,0.011,0.076,9.881,-0.07,0.06,-0.07
1.08,0.042,-0.082,9.677,0.17,-0.05,0.22
1.10,0.028,0.087,9.739,-0.10,-0.01,0.03
1.12,0.047,0.029,9.793,0.07,-0.13,-0.04
1.14,0.004,-0.037,9.859,-0.04,-0.15,0.10
1.16,-0.065,0.027,9.746,0.02,0.05,-0.10
1.18,-0.060,0.024,9.947,-0.01,-0.07,-0.04
1.20,0.015,0.009,9.813,0.08,-0.01,0.08
1.22,-0.047,0.022,9.818,-0.01,0.01,0.07
1.24,-0.031,-0.039,9.857,-0.01,-0.21,-0.05
1.26,-0.022,-0.032,9.869,0.20,-0.03,0.07
1.28,-0.028,-0.032,9.748,0.02,-0.15,-0.05
1.30,-0.092,0.032,9.788,0.18,0.21,0.05
1.32,0.075,0.011,9.888,0.13,-0.04,0.10
1.34,0.145,-0.023,9.871,-0.08,0.09,0.04
1.36,-0.009,-0.003,9.854,-0.07,-0.12,0.19
1.38,-0.041,-0.037,9.881,0.19,0.01,0.03
1.40,0.063,0.036,9.843,0.01,-0.01,-0.06
1.42,0.020,0.017,9.802,-0.07,-0.01,0.17
1.44,-0.072,0.008,9.840,0.06,-0.05,0.00
1.46,0.031,-0.019,9.843,-0.12,0.08,0.22
1.48,0.046,-0.066,9.811,0.09,-0.04,-0.11
1.50,0.035,-0.103,9.848,-0.09,0.09,-0.13
1.52,-0.078,0.071,9.754,-0.10,-0.16,-0.04
1.54,-0.066,-0.078,9.746,0.10,0.15,0.05
1.56,0.032,0.019,9.938,-0.10,-0.02,-0.10
1.58,0.071,-0.060,9.767,0.04,-0.18,0.13
1.60,-0.068,0.002,9.856,0.00,-0.09,0.12
1.62,0.047,-0.057,9.826,0.15,0.00,0.00
1.64,-0.047,0.036,9.864,0.02,0.06,0.12
1.66,-0.018,-0.080,9.870,0.06,0.08,-0.14
1.68,-0.104,0.033,9.771,0.13,-0.15,-0.05
1.70,-0.019,0.018,9.870,-0.06,0.07,-0.05
1.72,-0.015,-0.011,9.791,0.00,-0.00,0.14
1.74,0.027,-0.024,9.863,-0.10,0.08,0.04
1.76,0.014,-0.044,9.776,0.03,0.01,-0.05
1.78,-0.002,-0.011,9.884,-0.01,-0.05,0.20
1.80,0.010,0.010,9.827,-0.04,-0.23,-0.06
1.82,-0.043,-0.023,9.842,-0.07,0.18,-0.06
1.84,-0.062,0.100,9.808,-0.02,-0.03,-0.07
1.86,0.003,-0.015,9.854,0.01,-0.00,0.15
1.88,-0.002,-0.027,9.807,-0.04,-0.08,-0.04
1.90,0.003,-0.013,9.762,0.13,-0.06,0.02
1.92,0.032,0.010,9.845,0.05,-0.04,-0.10
1.94,-0.036,-0.091,9.813,0.06,0.03,0.11
1.96,-0.015,0.016,9.840,-0.14,0.15,-0.20
1.98,-0.050,0.001,9.764,0.03,0.11,-0.08
2.00,-0.009,0.057,9.809,0.01,-0.07,-0.12
2.02,0.058,-0.030,9.795,0.04,-0.00,0.02
2.04,0.040,0.057,9.843,-0.02,0.17,-0.05
2.06,-0.004,-0.055,9.726,-0.12,-0.01,-0.07
2.08,-0.024,-0.014,9.789,-0.09,-0.07,-0.06
2.10,0.007,0.020,9.835,0.06,0.03,0.03
2.12,-0.011,-0.025,9.845,0.12,0.17,0.04
2.14,-0.060,-0.053,9.867,0.03,-0.09,-0.05
2.16,0.002,-0.018,9.740,-0.08,0.01,0.01
2.18,-0.060,0.050,9.795,0.10,0.10,0.14
2.20,-0.028,0.090,9.746,0.02,-0.07,-0.09
2.22,-0.096,0.085,9.744,-0.10,0.01,0.21
2.24,0.022,0.058,9.837,0.17,-0.01,-0.13
2.26,-0.067,0.043,9.888,-0.04,-0.04,0.02
2.28,0.066,-0.116,9.763,0.08,0.02,-0.04
2.30,0.024,0.092,9.870,-0.05,-0.06,0.06
2.32,-0.065,-0.022,9.804,-0.07,0.14,0.03
2.34,0.059,0.008,9.773,0.02,0.06,0.03
2.36,0.031,-0.044,9.783,0.02,0.01,-0.10
2.38,-0.067,0.085,9.850,0.15,0.17,0.07
2.40,0.045,0.145,9.880,0.23,-0.03,-0.05
2.42,-0.052,0.016,9.945,0.03,-0.11,0.16
2.44,-0.041,0.058,9.774,0.06,0.00,0.03
2.46,-0.049,0.011,9.726,0.13,-0.04,0.06
2.48,0.016,0.014,9.803,-0.08,0.11,0.04
2.50,-0.020,-0.013,9.828,0.05,-0.06,-0.16
2.52,0.035,0.077,9.854,0.15,0.04,0.06
2.54,-0.113,0.024,9.827,0.06,-0.02,-0.01
2.56,0.020,0.004,9.776,0.03,-0.02,0.06
2.58,-0.071,-0.058,9.722,-0.07,-0.04,0.17
2.60,0.063,0.099,9.931,-0.03,-0.21,-0.12
2.62,-0.007,-0.042,9.809,-0.09,-0.09,-0.04
2.64,-0.071,0.068,9.712,0.13,-0.05,0.12
2.66,-0.041,-0.016,9.785,-0.11,-0.06,-0.09
2.68,0.016,-0.055,9.797,-0.00,-0.01,0.12
2.70,0.037,-0.046,9.838,0.03,-0.08,0.03
2.72,-0.011,0.008,9.861,0.01,-0.08,-0.11
2.74,0.050,0.029,9.756,-0.06,-0.00,0.15
2.76,0.023,-0.032,9.772,0.06,-0.08,-0.02
2.78,0.010,0.053,9.797,0.09,-0.08,0.08
2.80,-0.069,0.020,9.893,-0.06,-0.23,-0.01
2.82,-0.023,0.013,9.793,0.14,-0.04,0.06
2.84,-0.003,0.016,9.752,0.21,-0.06,-0.03
2.86,-0.077,0.052,9.722,0.04,-0.05,0.10
2.88,0.023,0.022,9.849,0.06,-0.12,-0.01
2.90,0.104,0.051,9.793,-0.04,-0.03,-0.02
2.92,-0.051,0.056,9.868,-0.14,-0.02,0.11
2.94,0.012,0.042,9.790,-0.02,0.03,-0.05
2.96,-0.010,-0.022,9.707,-0.04,0.17,0.12
2.98,-0.089,-0.088,9.852,-0.01,0.16,-0.00
3.00,-0.033,0.068,9.764,0.04,0.14,0.01
3.02,-0.087,-0.104,9.837,0.19,0.03,0.16
3.04,-0.009,0.004,9.803,-0.03,-0.10,-0.02
3.06,0.052,-0.028,9.803,0.04,-0.00,0.05
3.08,-0.046,-0.026,9.792,-0.21,-0.11,-0.02
3.10,-0.062,-0.006,9.800,0.03,0.12,0.12
3.12,0.026,-0.002,9.775,-0.08,0.04,0.16
3.14,-0.005,-0.041,9.783,-0.23,0.13,0.02
3.16,0.044,-0.076,9.760,-0.19,0.09,-0.02
3.18,-0.002,-0.035,9.748,-0.05,0.10,-0.05
3.20,0.018,-0.009,9.789,0.11,0.12,-0.04
3.22,0.083,-0.018,9.875,-0.05,0.03,0.13
3.24,0.005,0.044,9.881,-0.00,-0.12,0.20
3.26,-0.030,0.015,9.845,0.11,0.08,-0.02
3.28,-0.029,0.075,9.826,0.04,-0.02,0.08
3.30,0.007,0.010,9.845,-0.13,-0.09,0.17
3.32,-0.018,-0.008,9.894,0.25,0.13,0.03
3.34,-0.024,0.059,9.789,0.07,0.16,-0.18
3.36,-0.041,-0.060,9.820,0.03,-0.04,-0.16
3.38,0.020,-0.043,9.799,-0.09,-0.14,0.06
3.40,-0.042,0.099,9.856,0.09,-0.00,-0.09
3.42,0.005,-0.040,9.777,0.02,0.16,0.15
3.44,-0.017,0.056,9.834,0.07,-0.10,0.14
3.46,0.069,-0.054,9.832,-0.00,0.01,-0.07
3.48,-0.020,0.056,9.837,-0.01,0.08,-0.11
3.50,0.066,0.025,9.796,0.05,-0.02,0.03
3.52,-0.002,-0.003,9.764,0.11,0.11,-0.15
3.54,0.047,-0.011,9.807,-0.21,0.04,-0.20
3.56,0.066,-0.013,9.845,-0.04,0.00,0.02
3.58,-0.052,0.043,9.757,-0.03,0.08,0.03
3.60,0.143,0.002,9.877,-0.06,-0.09,-0.07
3.62,-0.022,0.015,9.913,-0.08,0.01,0.11
3.64,0.099,-0.080,9.818,0.04,-0.03,0.15
3.66,-0.017,0.077,9.791,0.04,0.12,0.07
3.68,0.008,-0.038,9.906,0.18,0.01,-0.05
3.70,0.008,0.048,9.780,-0.03,0.06,-0.08
3.72,-0.039,-0.026,9.793,0.15,0.01,-0.12
3.74,0.018,-0.011,9.746,0.05,-0.20,0.18
3.76,0.005,-0.067,9.851,-0.10,0.05,0.02
3.78,-0.019,-0.018,9.837,-0.05,-0.08,0.15
3.80,0.155,-0.072,9.774,-0.12,-0.02,0.09
3.82,0.110,0.011,9.817,0.20,-0.01,-0.06
3.84,0.050,0.013,9.742,-0.10,-0.08,0.09
3.86,0.058,0.055,9.778,-0.02,-0.04,0.06
3.88,0.054,-0.035,9.880,-0.05,0.15,-0.08
3.90,-0.006,-0.064,9.825,-0.02,-0.05,-0.07
3.92,0.040,0.043,9.877,0.05,-0.01,-0.10
3.94,-0.002,-0.011,9.833,-0.02,0.08,0.18
3.96,-0.032,0.068,9.909,-0.05,-0.00,-0.11
3.98,0.044,-0.053,9.833,0.14,0.05,0.13
4.00,-0.102,-0.068,9.783,0.07,-0.02,0.05
4.02,0.059,0.014,9.765,-0.05,-0.15,-0.24
4.04,0.023,0.004,9.771,0.16,0.10,0.08
4.06,-0.074,-0.037,9.700,0.04,0.08,-0.11
4.08,0.033,0.032,9.691,-0.01,0.01,-0.21
4.10,-0.030,0.058,9.828,-0.08,-0.00,0.20
4.12,0.050,0.058,9.842,0.03,0.06,-0.12
4.14,-0.027,0.061,9.853,-0.13,0.02,-0.02
4.16,-0.060,0.049,9.773,-0.03,-0.18,0.03
4.18,-0.053,0.053,9.794,0.17,-0.09,-0.16
4.20,-0.026,-0.060,9.811,-0.00,0.15,0.00
4.22,0.004,-0.009,9.849,0.07,0.13,0.11
4.24,0.041,0.051,9.756,-0.04,-0.14,-0.08
4.26,0.038,-0.042,9.705,0.18,-0.08,0.04
4.28,-0.082,0.075,9.687,0.13,0.05,0.17
4.30,-0.002,0.066,9.811,-0.14,0.13,-0.15
4.32,0.055,-0.049,9.905,0.14,-0.12,-0.13
4.34,-0.009,0.056,9.826,-0.21,-0.11,-0.02
4.36,-0.079,0.058,9.792,-0.02,0.11,-0.02
4.38,-0.103,0.094,9.831,-0.09,0.13,-0.08
4.40,-0.008,0.011,9.786,0.05,0.02,-0.17
4.42,0.002,0.027,9.742,0.08,-0.09,0.02
4.44,-0.014,-0.009,9.845,-0.04,-0.01,-0.03
4.46,0.029,0.007,9.923,-0.08,-0.06,-0.20
4.48,0.004,0.046,9.761,0.11,-0.05,-0.09
4.50,-0.023,0.045,9.798,0.10,-0.08,-0.06
4.52,0.018,0.033,9.836,-0.04,0.12,-0.01
4.54,-0.104,0.020,9.841,0.01,0.02,0.05
4.56,0.059,0.005,9.779,0.04,0.03,-0.00
4.58,-0.016,0.008,9.874,0.19,0.23,-0.12
4.60,0.028,-0.007,9.834,0.18,-0.06,-0.03
4.62,-0.006,0.054,9.746,0.03,0.05,0.11
4.64,-0.040,0.089,9.778,0.05,-0.09,0.00
4.66,-0.036,-0.037,9.811,-0.04,-0.10,0.08
4.68,0.021,0.027,9.824,-0.05,-0.04,0.01
4.70,0.061,0.031,9.849,0.15,-0.16,-0.05
4.72,-0.046,-0.037,9.887,0.14,-0.13,0.05
4.74,0.010,-0.058,9.825,-0.05,-0.02,0.04
4.76,-0.029,0.055,9.730,-0.12,0.16,0.13
4.78,0.023,0.081,9.872,0.06,-0.08,0.11
4.80,-0.077,0.033,9.772,0.04,-0.11,-0.04
4.82,0.085,-0.072,9.921,0.04,0.01,-0.14
4.84,-0.031,0.085,9.811,-0.12,0.01,0.07
4.86,-0.008,0.053,9.853,-0.05,0.00,0.00
4.88,-0.078,-0.025,9.819,0.00,0.04,0.06
4.90,-0.006,0.050,9.904,0.09,-0.09,-0.03
4.92,0.030,0.060,9.867,0.04,-0.22,-0.02
4.94,-0.029,-0.034,9.763,-0.05,-0.06,-0.12
4.96,0.015,-0.091,9.840,-0.04,0.06,0.09
4.98,-0.102,0.037,9.788,0.05,-0.02,0.02
5.00,0.012,0.005,9.817,0.00,0.16,-0.06
5.02,0.018,-0.021,9.779,-0.11,-0.03,0.07
5.04,-0.086,-0.063,9.911,0.18,0.06,-0.29
5.06,0.062,0.005,9.871,-0.02,0.07,0.06
5.08,0.013,-0.009,9.828,0.03,0.01,0.07
5.10,0.003,-0.016,9.939,0.01,0.14,-0.13
5.12,-0.014,0.018,9.917,0.17,0.16,-0.20
5.14,-0.038,-0.007,9.859,0.00,0.04,-0.08
5.16,-0.019,-0.065,9.814,-0.01,0.23,-0.10
5.18,0.034,-0.016,9.892,0.05,0.03,-0.02
5.20,-0.016,0.033,9.676,-0.13,-0.11,0.14
5.22,0.027,0.081,9.755,0.14,0.03,-0.05
5.24,-0.046,0.085,9.889,-0.12,-0.07,-0.19
5.26,-0.093,-0.045,9.853,0.00,0.18,0.13
5.28,-0.023,-0.034,9.789,-0.13,0.01,-0.00
5.30,0.003,-0.015,9.828,-0.04,0.02,-0.09
5.32,-0.009,0.011,9.830,-0.09,-0.22,0.07
5.34,-0.037,-0.110,9.881,0.24,0.09,0.04
5.36,0.034,-0.004,9.747,0.11,-0.06,-0.01
5.38,0.035,0.050,9.851,0.21,-0.07,-0.14
5.40,-0.029,0.005,9.818,0.17,-0.07,-0.00
5.42,0.058,-0.062,9.867,-0.18,0.03,0.01
5.44,-0.055,-0.069,9.823,0.03,-0.13,0.01
5.46,0.057,-0.050,9.847,0.02,-0.00,-0.04
5.48,0.064,0.027,9.790,0.09,0.16,-0.09
5.50,-0.020,0.028,9.831,-0.14,0.02,-0.12
5.52,-0.029,-0.062,9.787,-0.14,0.00,-0.16
5.54,-0.051,-0.048,9.773,-0.01,-0.03,0.03
5.56,0.011,-0.022,9.788,-0.11,-0.02,-0.17
5.58,-0.011,0.003,9.978,0.07,-0.09,0.00
5.60,0.036,-0.058,9.796,-0.09,-0.15,0.16
5.62,-0.083,-0.029,9.823,-0.03,0.03,-0.09
5.64,0.033,0.116,9.777,-0.02,-0.10,0.11
5.66,-0.049,0.071,9.803,0.02,-0.03,0.04
5.68,0.032,0.067,9.747,0.02,0.02,-0.03
5.70,0.057,-0.026,9.820,-0.04,0.15,0.03
5.72,-0.027,-0.061,9.773,-0.03,0.11,-0.02
5.74,-0.033,0.028,9.856,-0.01,-0.12,0.01
5.76,0.055,-0.020,9.857,-0.13,0.03,-0.10
5.78,0.040,-0.042,9.780,-0.07,0.05,-0.03
5.80,-0.008,-0.055,9.766,0.03,-0.18,-0.19
5.82,-0.048,-0.005,9.758,-0.05,0.07,0.08
5.84,0.002,0.002,9.770,0.08,-0.10,0.01
5.86,0.026,-0.046,9.772,-0.12,0.00,-0.04
5.88,0.006,0.031,9.796,-0.10,0.10,-0.04
5.90,0.021,0.066,9.810,0.12,-0.01,0.00
5.92,-0.034,-0.012,9.780,0.09,-0.08,0.03
5.94,-0.086,-0.033,9.777,-0.09,-0.02,0.03
5.96,0.040,0.038,9.806,0.04,0.02,-0.15
5.98,-0.116,-0.040,9.811,0.17,-0.15,-0.18
6.00,0.021,-0.033,9.811,0.15,0.19,-0.08
6.02,-0.007,-0.041,9.811,-0.01,0.15,-0.11
6.04,-0.021,0.018,9.839,0.03,-0.08,0.06
6.06,-0.008,0.012,9.798,0.01,-0.11,-0.13
6.08,0.019,-0.002,9.807,-0.09,0.16,-0.01
6.10,-0.101,0.116,9.795,0.01,0.08,0.03
6.12,-0.011,-0.033,9.828,-0.11,-0.17,-0.03
6.14,0.047,-0.042,9.844,0.11,-0.01,0.11
6.16,-0.043,0.060,9.762,-0.26,-0.09,0.09
6.18,0.038,-0.007,9.769,-0.04,0.02,-0.10
6.20,0.032,0.052,9.775,-0.02,0.18,0.04
6.22,-0.000,0.074,9.824,-0.19,-0.00,0.12
6.24,0.038,-0.004,9.770,0.05,0.09,0.02
6.26,-0.030,0.027,9.758,0.04,-0.08,-0.05
6.28,0.007,0.045,9.839,0.03,-0.05,-0.02
6.30,-0.023,-0.013,9.826,0.10,0.08,-0.03
6.32,-0.002,0.025,9.778,-0.02,0.04,-0.05
6.34,0.041,-0.008,9.799,-0.06,0.18,-0.06
6.36,0.006,0.004,9.843,0.09,0.11,-0.11
6.38,0.072,-0.015,9.804,0.13,0.08,-0.05
6.40,0.034,-0.062,9.778,-0.02,0.07,-0.00
6.42,0.064,-0.085,9.770,0.18,-0.04,0.10
6.44,0.076,-0.040,9.834,-0.05,0.07,0.09
6.46,-0.015,-0.034,9.770,0.16,0.08,-0.15
6.48,0.044,0.048,9.798,0.15,-0.09,0.05
6.50,-0.032,0.089,9.853,-0.09,0.04,0.23
6.52,-0.010,-0.035,9.834,0.02,-0.00,0.01
6.54,0.042,0.166,9.814,0.06,-0.07,0.05
6.56,-0.001,0.012,9.874,-0.02,-0.07,0.06
6.58,-0.017,-0.016,9.798,-0.15,0.03,-0.06
6.60,0.035,-0.071,9.850,0.02,0.14,-0.06
6.62,0.072,-0.043,9.843,0.04,-0.17,-0.02
6.64,0.044,0.021,9.791,0.02,0.13,-0.14
6.66,-0.069,-0.003,9.790,0.27,-0.08,-0.12
6.68,-0.089,-0.053,9.743,0.05,0.06,-0.04
6.70,-0.043,0.003,9.780,0.24,-0.02,-0.04
6.72,0.029,0.035,9.714,-0.02,-0.03,-0.01
6.74,-0.063,-0.008,9.803,-0.17,0.05,0.02
6.76,-0.010,-0.006,9.878,-0.08,0.15,-0.06
6.78,-0.016,-0.090,9.884,0.00,-0.03,-0.12
6.80,-0.015,0.063,9.822,-0.05,0.08,-0.25
6.82,0.052,-0.000,9.867,-0.14,0.12,0.17
6.84,0.017,-0.000,9.830,0.08,-0.19,0.12
6.86,-0.069,0.122,9.771,0.03,-0.30,0.08
6.88,-0.011,-0.047,9.670,0.15,-0.04,0.10
6.90,-0.042,-0.045,9.771,-0.15,-0.09,-0.17
6.92,0.004,-0.070,9.760,-0.23,-0.20,0.06
6.94,0.032,0.030,9.736,-0.17,-0.04,-0.03
6.96,-0.009,0.044,9.803,-0.05,-0.03,0.09
6.98,0.017,0.009,9.826,0.10,-0.21,0.02
7.00,0.076,0.064,9.790,0.03,0.00,0.16
7.02,-0.004,0.014,9.895,0.03,-0.01,-0.08
7.04,0.044,0.043,9.777,0.00,0.04,0.04
7.06,0.163,-0.001,9.864,-0.24,-0.09,-0.11
7.08,-0.084,0.053,9.754,-0.13,-0.17,-0.06
7.10,-0.050,0.009,9.852,0.07,0.16,0.02
7.12,-0.006,-0.021,9.845,-0.08,-0.01,0.04
7.14,0.143,-0.139,9.759,0.13,0.05,0.04
7.16,-0.003,-0.013,9.759,0.00,-0.03,0.04
7.18,-0.049,-0.031,9.795,-0.04,0.06,0.05
7.20,-0.011,0.029,9.835,-0.09,-0.06,0.11
7.22,-0.016,0.027,9.798,0.11,0.00,0.10
7.24,0.036,0.008,9.788,0.05,0.10,-0.04
7.26,0.064,0.032,9.853,-0.05,-0.08,-0.17
7.28,-0.029,-0.047,9.737,0.10,-0.10,-0.03
7.30,-0.061,-0.008,9.798,-0.05,-0.04,-0.08
7.32,0.017,0.018,9.757,0.07,-0.05,0.12
7.34,0.096,0.008,9.742,-0.13,0.09,-0.03
7.36,-0.031,-0.014,9.901,-0.14,0.03,-0.04
7.38,0.047,-0.109,9.878,0.00,0.07,0.07
7.40,0.057,-0.062,9.798,-0.04,-0.15,-0.08
7.42,0.004,0.015,9.867,0.09,0.02,0.05
7.44,-0.112,-0.025,9.776,-0.09,0.07,-0.16
7.46,0.035,0.007,9.852,-0.05,-0.11,-0.10
7.48,-0.000,-0.019,9.785,0.07,0.09,0.06
7.50,-0.053,0.081,9.827,-0.03,0.04,0.14
7.52,0.053,-0.002,9.843,0.16,-0.21,-0.06
7.54,0.035,0.064,9.845,0.00,0.03,-0.02
7.56,0.048,-0.017,9.859,-0.02,-0.14,0.00
7.58,0.038,-0.084,9.771,-0.05,-0.06,-0.03
7.60,-0.071,-0.120,9.799,-0.01,-0.12,0.03
7.62,0.067,0.031,9.810,0.11,0.02,0.09
7.64,-0.098,-0.030,9.886,0.04,0.18,0.09
7.66,-0.063,0.031,9.825,0.05,-0.17,0.07
7.68,-0.014,0.028,9.843,0.08,0.18,-0.05
7.70,0.081,-0.043,9.764,-0.08,0.06,0.25
7.72,0.012,0.011,9.880,-0.02,0.06,-0.00
7.74,0.069,-0.049,9.828,-0.05,-0.03,0.12
7.76,0.120,-0.006,9.817,-0.06,0.08,0.07
7.78,-0.042,0.063,9.855,-0.13,0.00,0.05
7.80,-0.048,0.013,9.750,-0.14,0.09,-0.10
7.82,-0.010,0.009,9.768,-0.22,0.12,-0.16
7.84,-0.007,-0.067,9.812,0.23,-0.01,0.07
7.86,-0.007,-0.011,9.823,0.14,0.07,-0.13
7.88,-0.041,-0.038,9.856,-0.08,-0.07,0.02
7.90,-0.027,0.035,9.864,-0.09,-0.02,0.07
7.92,0.072,0.071,9.854,0.15,0.01,0.08
7.94,0.051,0.034,9.894,-0.20,-0.01,-0.17
7.96,-0.046,0.012,9.795,-0.12,-0.08,-0.02
7.98,-0.015,-0.006,9.859,0.03,0.11,-0.01
8.00,0.103,-0.058,9.883,0.08,0.06,-0.18
8.02,0.033,0.006,9.864,0.09,0.05,-0.05
8.04,-0.044,0.083,9.787,0.07,-0.09,-0.26
8.06,-0.049,0.046,9.830,-0.02,-0.06,0.06
8.08,-0.138,0.099,9.780,0.05,0.05,0.12
8.10,-0.004,-0.050,9.871,0.15,-0.02,0.02
8.12,-0.001,0.023,9.767,0.16,0.15,0.10
8.14,0.015,0.034,9.809,-0.14,-0.04,-0.05
8.16,0.090,-0.071,9.772,-0.02,-0.02,-0.11
8.18,-0.017,0.051,9.817,0.04,0.00,0.04
8.20,-0.090,0.115,9.784,0.04,-0.11,-0.13
8.22,-0.036,0.028,9.765,0.01,0.02,0.08
8.24,0.049,-0.150,9.898,-0.09,-0.19,-0.01
8.26,0.045,-0.032,9.767,0.06,-0.05,-0.00
8.28,0.014,0.041,9.774,0.10,0.02,0.03
8.30,-0.041,-0.002,9.792,-0.06,0.12,0.03
8.32,0.050,0.006,9.831,0.00,0.11,-0.11
8.34,0.057,0.028,9.809,-0.18,0.09,0.07
8.36,-0.027,0.048,9.805,-0.12,-0.01,-0.08
8.38,-0.043,-0.003,9.754,-0.04,-0.00,0.16
8.40,-0.012,0.001,9.788,-0.09,-0.08,-0.12
8.42,0.005,0.068,9.733,0.08,-0.01,0.06
8.44,-0.040,-0.054,9.820,-0.15,0.10,0.08
8.46,-0.126,0.048,9.748,0.08,-0.07,-0.21
8.48,-0.055,0.064,9.761,-0.05,0.08,0.05
8.50,-0.072,0.029,9.752,0.08,0.15,-0.03
8.52,-0.000,-0.039,9.777,-0.19,0.08,0.12
8.54,-0.055,0.044,9.841,0.08,-0.00,0.00
8.56,0.011,-0.009,9.820,-0.01,-0.08,0.07
8.58,-0.026,-0.047,9.832,-0.13,0.17,0.06
8.60,0.044,-0.055,9.737,0.12,0.08,-0.09
8.62,-0.084,-0.041,9.739,-0.17,-0.11,0.09
8.64,0.022,0.013,9.825,0.21,0.10,-0.20
8.66,0.036,0.072,9.810,-0.04,0.04,0.14
8.68,-0.010,-0.004,9.886,0.15,0.07,0.05
8.70,0.057,-0.047,9.803,-0.04,-0.05,-0.04
8.72,0.095,0.001,9.832,-0.08,-0.18,0.01
8.74,-0.022,0.016,9.814,0.16,-0.00,-0.35
8.76,-0.126,-0.082,9.831,-0.02,0.10,-0.04
8.78,0.016,-0.047,9.694,-0.04,0.19,-0.20
8.80,-0.086,-0.061,9.825,0.01,0.01,0.16
8.82,-0.091,-0.018,9.879,-0.02,0.08,-0.15
8.84,0.075,0.115,9.832,0.08,0.12,0.04
8.86,-0.046,0.036,9.750,0.05,0.06,-0.02
8.88,0.023,-0.006,9.797,-0.01,0.12,-0.04
8.90,0.024,0.025,9.852,-0.14,0.07,-0.11
8.92,-0.062,0.013,9.869,-0.15,0.09,-0.11
8.94,-0.065,-0.100,9.795,-0.05,-0.18,0.01
8.96,-0.013,-0.052,9.769,-0.08,0.21,-0.18
8.98,0.026,-0.017,9.789,-0.07,0.02,0.02
9.00,-0.077,0.051,9.810,-0.06,0.22,0.13
9.02,-0.084,0.013,9.844,0.06,0.13,0.05
9.04,0.049,-0.065,9.724,0.04,-0.18,0.21
9.06,-0.047,-0.063,9.828,-0.03,0.13,-0.13
9.08,-0.017,-0.063,9.824,0.08,0.01,0.01
9.10,-0.010,-0.022,9.816,-0.08,-0.04,-0.02
9.12,0.070,-0.062,9.801,-0.04,0.09,0.11
9.14,-0.057,0.035,9.870,-0.01,0.03,-0.25
9.16,0.030,-0.118,9.781,0.12,0.18,-0.06
9.18,0.036,0.109,9.699,-0.08,-0.13,-0.21
9.20,0.017,0.009,9.803,0.04,0.01,0.05
9.22,-0.004,0.039,9.858,-0.10,-0.17,0.03
9.24,-0.012,-0.042,9.784,0.05,0.08,-0.06
9.26,-0.047,0.000,9.782,0.00,0.25,0.01
9.28,-0.067,-0.010,9.862,0.02,0.06,-0.08
9.30,-0.107,-0.078,9.767,0.14,-0.01,-0.24
9.32,-0.090,-0.059,9.787,-0.01,-0.01,-0.05
9.34,-0.067,-0.083,9.777,-0.02,0.14,0.10
9.36,-0.066,-0.001,9.819,-0.13,-0.16,-0.03
9.38,0.093,-0.069,9.785,-0.03,-0.02,0.25
9.40,-0.050,0.144,9.843,0.10,0.03,-0.03
9.42,0.056,-0.068,9.812,0.04,-0.16,-0.12
9.44,0.031,-0.003,9.764,0.12,0.07,-0.11
9.46,0.062,0.036,9.719,0.11,-0.08,-0.18
9.48,-0.072,-0.014,9.795,-0.00,-0.01,0.15
9.50,0.045,0.039,9.844,-0.07,0.08,-0.05
9.52,-0.035,-0.019,9.842,0.03,0.03,-0.03
9.54,-0.043,0.022,9.849,-0.02,-0.04,-0.20
9.56,0.056,0.029,9.881,-0.08,-0.02,0.00
9.58,0.057,0.037,9.820,0.03,-0.12,0.01
9.60,-0.008,0.004,9.852,-0.25,-0.04,-0.03
9.62,-0.058,-0.012,9.745,0.11,0.02,0.01
9.64,-0.091,0.001,9.842,0.11,0.12,0.16
9.66,-0.002,-0.025,9.784,-0.05,0.10,-0.08
9.68,-0.008,0.032,9.815,0.08,-0.15,-0.09
9.70,-0.002,0.033,9.849,0.02,0.17,0.04
9.72,0.010,0.056,9.682,0.03,0.09,-0.02
9.74,0.012,0.023,9.839,-0.07,0.00,-0.03
9.76,-0.024,-0.006,9.880,0.13,-0.07,-0.10
9.78,-0.044,0.001,9.745,0.01,-0.11,-0.01
9.80,0.007,0.009,9.795,-0.00,-0.04,0.15
9.82,-0.055,-0.036,9.860,0.02,-0.07,-0.01
9.84,0.044,0.036,9.840,-0.03,0.21,0.08
9.86,0.002,0.043,9.814,-0.13,-0.16,0.00
9.88,0.010,-0.030,9.818,-0.03,-0.00,0.04
9.90,0.006,0.041,9.775,-0.05,-0.13,-0.02
9.92,0.019,0.022,9.768,-0.10,0.10,-0.04
9.94,0.035,-0.057,9.742,-0.05,-0.10,-0.12
9.96,-0.032,0.009,9.766,-0.02,0.02,0.04
9.98,-0.025,-0.038,9.862,-0.14,-0.02,-0.07
10.00,-0.053,-0.002,9.766,0.12,0.09,-0.12
10.02,0.057,0.111,9.740,-0.02,0.11,-0.01
10.04,-0.061,-0.015,9.764,-0.05,0.07,-0.09
10.06,0.084,0.018,9.806,-0.02,-0.07,-0.08
10.08,0.019,0.026,9.854,-0.10,-0.08,0.09
10.10,-0.004,0.034,9.839,-0.09,-0.02,0.10
10.12,-0.104,-0.048,9.804,0.04,-0.18,0.06
10.14,0.002,0.044,9.846,-0.01,0.03,-0.05
10.16,-0.034,-0.022,9.817,0.10,0.13,0.01
10.18,-0.007,0.100,9.864,0.11,0.12,0.17
10.20,0.029,-0.038,9.864,0.05,-0.13,0.07
10.22,-0.003,-0.025,9.813,0.12,-0.02,-0.02
10.24,-0.045,-0.019,9.785,0.07,-0.11,-0.02
10.26,0.118,-0.037,9.901,-0.05,-0.03,-0.07
10.28,0.067,-0.110,9.833,0.10,-0.07,0.03
10.30,0.044,0.009,9.845,0.17,-0.12,0.04
10.32,0.103,0.078,9.875,0.11,0.03,-0.12
10.34,-0.007,0.058,9.812,-0.11,-0.21,-0.01
10.36,0.066,0.008,9.756,-0.17,-0.16,-0.00
10.38,0.034,-0.034,9.818,0.03,-0.01,-0.07
10.40,-0.090,-0.018,9.861,0.04,0.08,0.06
10.42,0.058,-0.095,9.846,0.15,-0.04,0.05
10.44,-0.023,0.028,9.807,-0.06,-0.10,0.14
10.46,0.062,-0.015,9.913,0.01,0.08,-0.09
10.48,-0.077,-0.051,9.776,0.12,0.01,0.04
10.50,0.067,-0.015,9.794,0.18,0.21,0.03
10.52,-0.055,0.000,9.948,-0.02,0.04,-0.13
10.54,-0.023,0.049,9.778,0.24,0.11,0.10
10.56,0.046,-0.060,9.886,-0.09,0.14,-0.15
10.58,0.046,-0.067,9.821,-0.13,0.14,0.01
10.60,-0.029,0.140,9.737,0.02,-0.06,-0.17
10.62,0.000,0.035,9.781,0.09,0.17,0.04
10.64,-0.022,0.067,9.867,0.03,-0.01,0.10
10.66,0.047,-0.004,9.788,0.05,0.00,0.08
10.68,0.082,0.058,9.818,-0.02,0.12,0.08
10.70,-0.042,0.065,9.710,0.01,-0.02,0.06
10.72,-0.006,0.033,9.817,0.14,0.07,0.02
10.74,0.002,0.006,9.797,-0.01,0.00,-0.02
10.76,0.026,-0.028,9.791,-0.04,-0.01,-0.09
10.78,0.062,-0.007,9.890,-0.01,-0.01,0.03
10.80,0.036,-0.015,9.776,0.08,-0.02,-0.16
10.82,-0.040,-0.037,9.856,-0.08,0.09,0.10
10.84,0.029,0.007,9.833,-0.26,-0.04,0.14
10.86,0.038,-0.015,9.727,0.16,0.11,0.10
10.88,0.033,0.012,9.899,0.10,-0.18,-0.31
10.90,0.023,-0.002,9.861,0.04,-0.02,0.01
10.92,0.091,0.114,9.781,-0.05,-0.11,0.04
10.94,0.002,-0.053,9.737,-0.08,0.16,-0.05
10.96,0.043,0.005,9.799,0.04,-0.00,0.21
10.98,-0.073,-0.015,9.754,0.01,0.09,-0.05
11.00,-0.095,0.017,9.872,-0.09,0.06,-0.06
11.02,-0.037,0.034,9.833,0.02,0.09,0.04
11.04,0.040,0.093,9.813,0.02,0.00,-0.15
11.06,-0.012,-0.056,9.764,-0.05,-0.07,-0.05
11.08,-0.012,0.061,9.828,0.06,-0.18,0.05
11.10,-0.025,-0.053,9.836,0.12,0.11,0.14
11.12,0.024,0.037,9.840,-0.11,0.05,0.01
11.14,0.060,-0.039,9.829,-0.02,0.00,0.10
11.16,-0.023,0.085,9.838,0.02,0.05,-0.16
11.18,0.032,-0.007,9.799,0.10,-0.19,-0.01
11.20,0.029,0.001,9.806,-0.09,0.06,0.05
11.22,-0.006,-0.003,9.766,-0.10,0.05,-0.19
11.24,-0.017,-0.007,9.753,0.07,0.06,0.08
11.26,-0.020,-0.093,9.839,-0.03,0.18,-0.02
11.28,-0.006,-0.010,9.929,0.11,-0.09,-0.08
11.30,0.053,0.046,9.771,0.04,0.11,0.22
11.32,-0.036,0.003,9.844,-0.07,0.15,0.17
11.34,0.049,0.057,9.777,0.10,-0.04,0.13
11.36,0.118,-0.044,9.871,0.05,0.14,0.06
11.38,-0.052,-0.073,9.732,0.03,0.03,-0.10
11.40,0.035,-0.010,9.850,-0.11,-0.03,0.15
11.42,-0.110,0.052,9.765,-0.04,-0.01,-0.16
11.44,-0.008,-0.015,9.815,-0.13,0.01,0.06
11.46,0.037,-0.066,9.789,0.03,-0.01,-0.15
11.48,0.000,0.002,9.840,0.04,-0.15,0.10
11.50,-0.020,0.052,9.825,-0.02,0.03,-0.10
11.52,0.072,0.009,9.839,-0.07,0.00,-0.06
11.54,-0.003,0.060,9.799,0.26,0.20,-0.02
11.56,-0.085,0.059,9.841,0.03,-0.02,0.00
11.58,-0.017,-0.029,9.843,-0.11,-0.02,0.09
11.60,-0.070,-0.002,9.771,-0.07,-0.08,0.18
11.62,0.059,0.059,9.801,-0.09,0.10,-0.01
11.64,0.045,0.053,9.794,0.00,0.05,-0.09
11.66,0.008,0.010,9.872,-0.10,-0.02,-0.08
11.68,0.078,-0.057,9.805,-0.05,-0.08,-0.04
11.70,-0.013,0.045,9.857,0.01,-0.16,0.09
11.72,-0.049,-0.018,9.878,0.04,0.00,-0.05
11.74,0.097,0.086,9.885,-0.04,-0.04,-0.15
11.76,0.001,0.089,9.828,0.07,0.03,0.08
11.78,0.046,0.008,9.792,-0.03,0.02,0.16
11.80,-0.025,-0.058,9.813,0.15,-0.02,-0.04
11.82,-0.067,0.044,9.853,0.01,-0.00,0.07
11.84,-0.014,-0.027,9.813,0.04,-0.01,-0.02
11.86,-0.126,0.017,9.833,-0.12,0.26,-0.21
11.88,0.115,-0.122,9.815,0.04,-0.01,0.09
11.90,0.061,0.008,9.819,0.04,0.05,-0.05
11.92,-0.028,-0.004,9.795,-0.07,0.10,-0.03
11.94,-0.013,0.047,9.870,0.01,0.02,0.06
11.96,-0.026,0.117,9.784,-0.10,0.16,-0.00
11.98,-0.042,0.039,9.779,0.08,0.02,0.06
12.00,0.030,-0.022,9.838,0.05,-0.05,-0.20
12.02,0.049,0.000,9.793,-0.02,-0.06,0.06
12.04,0.068,0.003,9.800,-0.14,0.11,0.07
12.06,0.005,-0.036,9.766,-0.03,0.08,-0.02
12.08,-0.003,0.050,9.832,-0.16,0.21,-0.05
12.10,0.024,0.018,9.783,0.09,-0.08,-0.25
12.12,-0.014,-0.047,9.811,0.09,-0.05,-0.07
12.14,-0.025,0.040,9.774,-0.06,-0.10,0.03
12.16,-0.028,0.011,9.816,0.03,0.19,0.03
12.18,0.008,0.016,9.839,-0.01,0.21,-0.04
12.20,0.031,0.028,9.838,0.10,0.03,-0.04
12.22,-0.003,0.076,9.794,-0.13,-0.12,0.29
12.24,0.003,0.072,9.818,-0.04,-0.09,-0.01
12.26,-0.023,-0.045,9.863,0.11,-0.05,0.03
12.28,-0.001,-0.012,9.808,0.10,0.07,0.06
12.30,-0.035,-0.035,9.830,0.05,0.08,0.05
12.32,-0.022,0.080,9.799,0.03,-0.06,0.05
12.34,0.076,0.036,9.784,-0.02,0.11,0.04
12.36,-0.067,-0.052,9.755,0.06,-0.04,0.14
12.38,-0.004,-0.011,9.708,0.04,-0.04,-0.10
12.40,-0.020,0.052,9.806,-0.02,-0.01,0.07
12.42,-0.020,0.019,9.834,0.13,-0.07,-0.08
12.44,0.044,-0.021,9.845,-0.00,0.02,0.14
12.46,0.038,0.069,9.823,-0.05,0.01,0.08
12.48,0.018,0.040,9.858,-0.09,-0.05,-0.09
12.50,0.016,-0.097,9.770,0.10,0.04,0.15
12.52,-0.018,-0.026,9.761,0.06,-0.05,0.04
12.54,0.013,0.095,9.851,-0.02,-0.09,-0.04
12.56,0.064,-0.140,9.762,0.09,0.01,-0.12
12.58,0.013,0.021,9.872,0.04,-0.09,-0.00
12.60,-0.022,0.045,9.773,0.22,-0.00,-0.12
12.62,-0.042,-0.028,9.751,-0.14,-0.09,0.02
12.64,-0.072,-0.173,9.755,-0.12,0.04,0.17
12.66,0.016,0.034,9.760,0.10,-0.04,-0.12
12.68,-0.002,-0.044,9.767,0.16,0.07,0.08
12.70,-0.019,0.052,9.876,-0.02,0.02,-0.16
12.72,-0.005,0.033,9.846,-0.18,0.05,-0.10
12.74,0.113,-0.004,9.810,-0.04,-0.12,-0.16
12.76,0.029,0.012,9.712,0.10,-0.07,0.10
12.78,0.009,-0.076,9.786,0.14,-0.01,-0.03
12.80,-0.048,0.078,9.842,0.03,0.15,0.13
12.82,-0.065,0.036,9.901,-0.06,-0.05,-0.15
12.84,-0.079,0.022,9.819,-0.03,0.40,0.02
12.86,0.042,-0.126,9.761,-0.02,-0.07,-0.00
12.88,-0.034,-0.004,9.811,-0.12,0.06,-0.12
12.90,0.091,-0.060,9.837,0.05,-0.07,-0.06
12.92,0.028,0.002,9.804,-0.03,0.03,0.06
12.94,-0.062,-0.014,9.768,-0.08,0.04,-0.03
12.96,-0.036,0.013,9.757,0.19,-0.01,0.04
12.98,0.056,0.037,9.807,0.08,0.02,0.14
13.00,-0.032,0.073,9.858,-0.21,-0.18,0.18
13.02,0.057,0.079,9.816,0.11,-0.07,0.02
13.04,-0.007,0.034,9.885,0.21,-0.04,-0.02
13.06,-0.081,-0.023,9.942,0.03,-0.07,-0.25
13.08,-0.052,-0.012,9.798,0.04,-0.07,0.11
13.10,0.067,-0.056,9.820,-0.07,-0.02,-0.02
13.12,-0.043,-0.003,9.726,0.02,-0.12,0.08
13.14,-0.028,-0.001,9.732,-0.03,-0.08,0.02
13.16,-0.105,0.035,9.835,0.00,-0.05,0.10
13.18,-0.071,0.062,9.885,0.01,-0.03,0.01
13.20,0.054,0.026,9.753,0.10,0.02,0.02
13.22,0.034,0.032,9.794,0.07,0.06,0.10
13.24,0.065,-0.010,9.843,0.00,0.16,-0.07
13.26,-0.007,-0.018,9.703,0.12,0.08,0.07
13.28,0.040,-0.045,9.840,0.08,-0.11,0.01
13.30,0.036,-0.082,9.780,0.01,0.02,0.02
13.32,-0.002,0.076,9.799,-0.13,0.10,0.08
13.34,-0.043,-0.025,9.871,0.06,-0.15,0.20
13.36,-0.070,0.035,9.748,0.04,0.01,0.05
13.38,0.056,0.047,9.779,0.21,0.04,0.01
13.40,-0.017,-0.035,9.779,0.03,0.03,-0.03
13.42,-0.083,-0.062,9.842,-0.13,0.02,0.10
13.44,0.028,0.034,9.883,0.00,0.08,0.03
13.46,-0.013,-0.030,9.769,-0.03,0.05,-0.09
13.48,0.015,0.045,9.849,0.08,0.08,-0.06
13.50,-0.107,-0.094,9.795,-0.14,0.00,-0.09
13.52,0.110,0.003,9.721,-0.04,0.01,0.01
13.54,0.017,-0.081,9.770,0.12,-0.02,0.11
13.56,0.035,0.078,9.941,0.08,0.08,0.02
13.58,0.016,-0.057,9.858,0.01,0.07,-0.08
13.60,0.046,0.047,9.820,0.11,-0.05,0.18
13.62,-0.045,0.059,9.877,0.20,0.09,-0.01
13.64,-0.004,0.082,9.800,-0.03,0.10,-0.03
13.66,-0.032,0.039,9.827,-0.03,0.04,-0.03
13.68,0.016,-0.098,9.804,-0.12,0.15,-0.15
13.70,-0.035,0.095,9.790,-0.10,-0.10,-0.02
13.72,0.072,-0.084,9.849,-0.00,-0.25,0.15
13.74,0.043,-0.020,9.780,-0.17,-0.02,0.06
13.76,-0.017,0.071,9.733,0.17,0.03,-0.36
13.78,-0.017,0.038,9.726,0.08,-0.21,0.16
13.80,-0.029,0.020,9.849,-0.06,-0.04,-0.09
13.82,0.031,-0.020,9.844,0.05,-0.02,0.03
13.84,0.008,-0.056,9.765,-0.08,0.05,-0.03
13.86,0.043,0.037,9.849,0.11,0.06,0.07
13.88,0.067,0.002,9.771,0.05,0.04,-0.13
13.90,-0.057,-0.004,9.803,0.10,-0.04,0.09
13.92,0.001,-0.098,9.810,-0.00,0.16,-0.08
13.94,-0.012,-0.034,9.830,-0.00,0.06,0.07
13.96,0.075,-0.040,9.776,-0.09,-0.11,-0.07
13.98,-0.052,-0.023,9.790,0.10,0.00,0.11
14.00,-0.004,-0.071,9.826,0.07,-0.14,-0.04
14.02,0.079,-0.103,9.781,-0.00,0.01,-0.04
14.04,-0.037,0.016,9.841,0.03,0.16,-0.01
14.06,-0.015,0.018,9.933,0.04,0.02,-0.02
14.08,-0.047,-0.023,9.717,0.06,0.08,0.05
14.10,0.016,0.015,9.769,-0.16,0.01,0.18
14.12,-0.036,0.013,9.777,0.14,-0.11,-0.00
14.14,0.066,0.079,9.796,-0.12,-0.11,0.17
14.16,-0.100,-0.002,9.782,-0.08,0.01,0.09
14.18,-0.040,0.084,9.682,0.02,0.17,-0.00
14.20,-0.019,0.030,9.773,0.06,-0.04,-0.02
14.22,-0.042,-0.067,9.836,-0.02,0.00,0.05
14.24,-0.019,-0.024,9.816,0.09,-0.00,0.07
14.26,-0.082,-0.056,9.787,-0.04,-0.07,-0.01
14.28,0.134,-0.137,9.830,0.06,-0.08,0.05
14.30,-0.016,-0.008,9.763,-0.00,-0.12,0.04
14.32,0.032,0.031,9.761,0.14,-0.06,0.01
14.34,-0.049,-0.062,9.786,0.15,0.06,0.23
14.36,-0.044,0.034,9.672,0.02,-0.03,0.03
14.38,0.016,0.042,9.870,0.21,-0.08,-0.09
14.40,-0.006,0.016,9.921,0.06,0.04,0.06
14.42,-0.054,0.044,9.816,-0.02,-0.14,-0.19
14.44,-0.054,-0.051,9.801,0.04,-0.09,0.03
14.46,-0.021,-0.028,9.771,-0.08,-0.15,-0.02
14.48,-0.012,0.069,9.763,0.04,-0.07,0.03
14.50,0.062,0.038,9.708,-0.17,0.01,-0.29
14.52,-0.070,0.046,9.922,-0.13,0.19,0.01
14.54,-0.075,0.014,9.824,-0.16,0.08,0.08
14.56,-0.048,-0.025,9.708,0.10,0.02,-0.06
14.58,0.072,-0.046,9.760,0.03,0.12,0.01
14.60,0.102,-0.008,9.899,-0.03,0.11,0.04
14.62,0.017,-0.122,9.841,-0.09,0.19,0.17
14.64,0.052,-0.078,9.775,0.12,0.21,-0.10
14.66,-0.020,-0.074,9.749,-0.18,-0.09,-0.01
14.68,-0.072,-0.001,9.777,-0.01,0.15,0.09
14.70,-0.067,-0.070,9.748,-0.15,0.07,-0.17
14.72,-0.019,0.025,9.825,0.09,0.04,-0.00
14.74,-0.020,-0.004,9.790,-0.13,0.15,0.11
14.76,0.020,-0.025,9.853,0.02,-0.10,-0.02
14.78,0.093,-0.014,9.787,-0.06,0.08,-0.07
14.80,0.113,0.036,9.771,0.07,0.14,-0.15
14.82,0.148,0.061,9.820,0.06,-0.16,0.02
14.84,0.058,-0.047,9.797,0.05,0.00,0.08
14.86,0.195,0.013,9.803,0.12,0.03,-0.17
14.88,0.138,-0.004,9.784,-0.10,0.12,0.05
14.90,0.218,0.079,9.738,-0.23,0.10,-0.05
14.92,0.210,-0.004,9.845,0.08,0.07,0.19
14.94,0.261,0.004,9.842,0.08,0.01,-0.15
14.96,0.223,0.022,9.807,-0.06,0.04,0.13
14.98,0.250,0.035,9.795,-0.09,-0.11,-0.19
15.00,0.296,0.034,9.837,-0.02,-0.09,-0.07
15.02,0.238,-0.066,9.803,-0.07,0.12,0.05
15.04,0.361,-0.066,9.821,-0.03,-0.21,0.02
15.06,0.326,-0.031,9.813,-0.04,-0.02,-0.03
15.08,0.388,0.064,9.742,-0.25,-0.02,0.10
15.10,0.357,0.041,9.825,0.07,-0.09,-0.00
15.12,0.464,-0.029,9.835,0.07,-0.14,-0.00
15.14,0.379,0.029,9.864,0.18,-0.10,0.05
15.16,0.384,-0.068,9.822,0.03,0.07,-0.13
15.18,0.395,-0.068,9.851,0.00,0.10,0.17
15.20,0.456,0.015,9.798,-0.04,-0.01,-0.14
15.22,0.565,-0.042,9.759,0.14,0.00,-0.04
15.24,0.510,0.075,9.852,-0.04,-0.01,-0.06
15.26,0.483,0.038,9.808,0.17,0.14,-0.13
15.28,0.526,0.048,9.814,0.00,-0.12,0.06
15.30,0.515,-0.017,9.869,-0.10,-0.05,-0.16
15.32,0.531,-0.006,9.755,-0.17,-0.13,-0.09
15.34,0.610,0.026,9.823,0.10,0.01,0.02
15.36,0.450,-0.031,9.824,-0.03,-0.11,-0.14
15.38,0.492,-0.009,9.814,0.07,-0.00,-0.13
15.40,0.573,-0.027,9.793,-0.06,0.16,-0.09
15.42,0.523,0.030,9.783,0.15,0.04,0.10
15.44,0.555,-0.013,9.740,0.01,0.08,-0.05
15.46,0.554,0.032,9.821,-0.12,-0.01,-0.04
15.48,0.612,-0.049,9.852,-0.02,0.13,-0.15
15.50,0.488,-0.006,9.739,-0.16,0.07,0.01
15.52,0.549,0.002,9.802,-0.09,-0.03,-0.12
15.54,0.609,-0.034,9.835,-0.01,0.19,-0.02
15.56,0.596,-0.082,9.763,-0.08,0.06,-0.06
15.58,0.487,-0.087,9.796,-0.02,0.10,0.02
15.60,0.567,0.033,9.860,-0.17,-0.12,0.11
15.62,0.583,0.052,9.824,0.13,-0.10,-0.05
15.64,0.497,-0.007,9.808,-0.09,-0.19,-0.08
15.66,0.526,-0.007,9.849,0.04,-0.14,0.16
15.68,0.573,0.017,9.842,-0.27,-0.18,-0.05
15.70,0.600,0.052,9.843,-0.16,0.01,0.03
15.72,0.585,-0.042,9.812,-0.01,0.11,-0.19
15.74,0.457,0.035,9.867,0.10,0.13,0.02
15.76,0.484,-0.050,9.785,0.04,0.01,0.11
15.78,0.639,-0.070,9.779,-0.02,-0.11,-0.09
15.80,0.616,-0.044,9.842,0.02,-0.09,-0.01
15.82,0.553,0.059,9.814,-0.22,-0.06,0.01
15.84,0.519,0.057,9.827,0.02,0.13,0.12
15.86,0.551,-0.065,9.866,-0.13,-0.32,-0.07
15.88,0.552,0.067,9.865,-0.15,0.02,-0.16
15.90,0.492,0.010,9.749,0.24,0.04,0.14
15.92,0.501,0.024,9.822,0.00,-0.11,0.13
15.94,0.588,-0.037,9.750,0.02,0.12,0.11
15.96,0.561,0.083,9.850,0.00,-0.04,-0.11
15.98,0.623,-0.021,9.799,-0.07,-0.01,0.09
16.00,0.498,-0.034,9.838,0.01,-0.14,-0.13
16.02,0.582,0.015,9.765,0.11,-0.02,0.04
16.04,0.509,-0.071,9.812,0.04,0.09,0.16
16.06,0.595,-0.035,9.872,0.15,-0.00,0.00
16.08,0.627,-0.008,9.831,-0.00,-0.03,0.06
16.10,0.552,0.032,9.788,0.04,-0.06,-0.10
16.12,0.467,0.063,9.798,-0.05,0.13,-0.17
16.14,0.481,-0.014,9.776,-0.22,-0.01,0.06
16.16,0.591,-0.042,9.939,-0.00,-0.03,-0.09
16.18,0.643,0.081,9.883,-0.09,-0.09,-0.10
16.20,0.565,-0.062,9.900,0.00,-0.00,-0.09
16.22,0.527,0.019,9.754,-0.05,0.08,0.12
16.24,0.599,-0.017,9.840,-0.04,0.20,0.16
16.26,0.530,0.021,9.797,-0.06,0.03,0.16
16.28,0.521,-0.044,9.725,-0.03,-0.08,0.23
16.30,0.569,0.071,9.698,-0.08,0.09,0.20
16.32,0.495,-0.037,9.812,-0.03,0.08,0.13
16.34,0.602,0.042,9.778,-0.03,0.11,-0.14
16.36,0.581,-0.119,9.723,-0.00,0.07,0.01
16.38,0.596,0.052,9.743,0.08,0.00,-0.05
16.40,0.454,0.006,9.814,0.25,0.13,-0.07
16.42,0.591,-0.047,9.827,0.07,0.01,-0.06
16.44,0.633,0.022,9.902,-0.00,-0.05,0.04
16.46,0.497,0.013,9.790,0.03,-0.01,-0.03
16.48,0.519,-0.026,9.882,-0.02,-0.08,0.03
16.50,0.569,-0.084,9.822,-0.05,0.13,-0.07
16.52,0.553,-0.033,9.886,-0.03,-0.12,-0.09
16.54,0.461,-0.062,9.821,0.05,-0.03,0.09
16.56,0.569,0.007,9.791,0.03,-0.15,-0.24
16.58,0.545,-0.018,9.695,0.17,-0.18,-0.14
16.60,0.595,-0.047,9.787,-0.01,0.12,-0.07
16.62,0.635,0.109,9.764,0.03,0.00,-0.10
16.64,0.513,0.080,9.862,-0.04,-0.03,0.10
16.66,0.508,0.044,9.796,0.05,0.04,-0.08
16.68,0.521,0.015,9.771,-0.06,0.02,0.06
16.70,0.586,0.126,9.756,0.07,-0.14,0.01
16.72,0.554,-0.002,9.697,0.08,-0.15,0.10
16.74,0.457,-0.040,9.830,0.01,0.04,0.02
16.76,0.592,0.013,9.879,0.02,-0.09,-0.24
16.78,0.469,0.015,9.835,-0.19,-0.01,-0.10
16.80,0.629,-0.096,9.805,0.12,-0.04,0.11
16.82,0.533,0.101,9.864,0.02,0.12,0.04
16.84,0.505,0.019,9.849,-0.08,-0.05,0.01
16.86,0.548,-0.071,9.853,0.12,0.16,0.07
16.88,0.549,-0.012,9.778,0.08,0.02,-0.01
16.90,0.515,-0.044,9.817,0.07,-0.21,0.07
16.92,0.620,0.003,9.787,-0.21,-0.05,0.26
16.94,0.490,-0.031,9.872,0.14,-0.10,-0.03
16.96,0.605,0.074,9.769,-0.07,-0.03,0.15
16.98,0.534,0.026,9.847,0.18,-0.11,-0.11
17.00,0.590,0.069,9.833,-0.05,0.05,-0.22
17.02,0.581,0.039,9.867,0.05,-0.01,-0.12
17.04,0.571,-0.110,9.865,-0.06,-0.02,-0.05
17.06,0.618,-0.067,9.812,0.10,-0.11,0.02
17.08,0.548,0.026,9.816,-0.06,0.03,-0.11
17.10,0.551,-0.053,9.831,-0.15,-0.14,-0.03
17.12,0.473,0.006,9.755,0.08,-0.23,0.07
17.14,0.620,0.033,9.842,-0.03,-0.19,-0.00
17.16,0.583,0.025,9.807,0.00,-0.02,-0.18
17.18,0.552,0.044,9.863,-0.01,-0.07,-0.11
17.20,0.516,0.020,9.846,-0.11,-0.09,0.16
17.22,0.515,-0.003,9.817,-0.12,0.02,-0.16
17.24,0.552,0.070,9.843,-0.05,-0.11,0.05
17.26,0.507,-0.036,9.848,0.13,0.09,-0.02
17.28,0.497,0.089,9.811,-0.04,0.15,0.16
17.30,0.623,0.023,9.765,-0.03,-0.14,0.05
17.32,0.608,-0.035,9.781,-0.06,-0.04,-0.12
17.34,0.571,-0.026,9.764,0.04,0.24,-0.06
17.36,0.575,0.011,9.787,-0.00,-0.07,0.22
17.38,0.531,-0.039,9.682,0.04,0.00,-0.11
17.40,0.580,0.015,9.753,-0.03,-0.10,-0.13
17.42,0.520,0.053,9.776,0.08,-0.01,-0.03
17.44,0.647,-0.020,9.814,-0.05,0.02,-0.03
17.46,0.496,0.027,9.841,-0.09,-0.12,0.13
17.48,0.566,0.058,9.791,-0.07,0.01,0.03
17.50,0.577,0.039,9.820,-0.07,0.07,0.17
17.52,0.596,0.013,9.801,0.08,-0.11,-0.01
17.54,0.557,-0.060,9.772,-0.03,-0.01,-0.01
17.56,0.365,-0.151,9.720,-0.06,-0.06,0.13
17.58,0.681,0.054,9.816,0.02,0.10,0.01
17.60,0.607,-0.062,9.792,0.06,-0.00,-0.07
17.62,0.558,-0.039,9.754,-0.10,0.10,-0.19
17.64,0.547,-0.046,9.829,-0.15,-0.21,0.02
17.66,0.484,0.082,9.864,-0.09,-0.25,0.01
17.68,0.513,-0.004,9.856,-0.08,0.04,0.16
17.70,0.523,-0.020,9.814,0.05,0.04,-0.10
17.72,0.488,-0.051,9.768,0.09,0.17,-0.12
17.74,0.533,-0.037,9.839,0.03,0.04,0.03
17.76,0.514,0.083,9.851,0.04,0.08,0.01
17.78,0.588,0.001,9.794,-0.11,-0.03,-0.04
17.80,0.615,-0.012,9.789,0.16,-0.07,0.08
17.82,0.518,-0.001,9.853,-0.02,-0.03,-0.04
17.84,0.567,0.092,9.796,0.12,0.05,-0.23
17.86,0.510,-0.000,9.729,-0.11,0.15,0.02
17.88,0.566,-0.029,9.850,0.08,0.16,-0.08
17.90,0.626,-0.049,9.782,0.01,0.03,-0.06
17.92,0.410,-0.023,9.791,0.03,0.03,0.17
17.94,0.535,-0.047,9.777,0.11,-0.01,-0.15
17.96,0.571,-0.050,9.802,0.11,-0.12,0.18
17.98,0.510,0.053,9.806,0.07,-0.10,-0.07
18.00,0.578,-0.104,9.853,0.01,-0.03,-0.05
18.02,0.567,0.072,9.830,0.03,0.04,-0.08
18.04,0.540,-0.064,9.869,0.11,-0.05,-0.02
18.06,0.657,0.021,9.778,-0.02,0.29,-0.07
18.08,0.543,0.018,9.868,0.02,-0.07,0.09
18.10,0.512,0.059,9.815,-0.07,-0.16,-0.02
18.12,0.654,0.022,9.759,0.01,-0.23,-0.01
18.14,0.486,0.005,9.732,-0.07,0.28,0.04
18.16,0.593,-0.041,9.798,0.05,-0.08,0.04
18.18,0.493,-0.023,9.798,0.02,0.13,-0.05
18.20,0.563,-0.073,9.779,0.15,0.06,0.01
18.22,0.545,-0.108,9.821,0.04,0.23,-0.18
18.24,0.480,-0.074,9.817,-0.11,-0.02,-0.10
18.26,0.523,-0.030,9.829,0.07,0.03,0.04
18.28,0.549,0.039,9.877,0.04,-0.08,-0.13
18.30,0.618,0.023,9.784,-0.01,-0.06,0.10
18.32,0.569,0.037,9.767,0.05,0.12,-0.01
18.34,0.581,-0.094,9.829,0.01,-0.11,-0.16
18.36,0.584,-0.012,9.838,0.00,0.03,0.04
18.38,0.566,-0.052,9.833,-0.17,-0.10,-0.27
18.40,0.557,0.021,9.902,-0.04,-0.08,-0.21
18.42,0.609,0.039,9.853,-0.14,0.00,-0.04
18.44,0.512,-0.024,9.799,0.07,0.03,-0.05
18.46,0.486,-0.008,9.886,-0.20,0.03,-0.09
18.48,0.601,0.046,9.839,-0.11,0.02,0.03
18.50,0.503,-0.071,9.800,-0.05,0.09,-0.00
18.52,0.630,-0.031,9.806,0.22,0.06,0.01
18.54,0.523,0.016,9.758,0.13,-0.15,-0.10
18.56,0.529,0.028,9.851,-0.14,0.08,0.14
18.58,0.627,0.033,9.868,0.17,0.14,-0.15
18.60,0.547,0.056,9.839,-0.02,-0.12,0.04
18.62,0.484,0.070,9.880,0.05,-0.13,0.17
18.64,0.493,-0.010,9.796,-0.06,0.00,-0.02
18.66,0.564,0.032,9.827,0.08,0.12,0.03
18.68,0.522,0.012,9.812,0.02,-0.39,-0.04
18.70,0.568,-0.044,9.846,0.21,-0.14,0.10
18.72,0.547,-0.008,9.750,0.06,0.14,0.06
18.74,0.573,-0.024,9.842,0.10,-0.06,-0.12
18.76,0.470,0.001,9.809,0.01,-0.05,0.00
18.78,0.547,0.063,9.819,-0.05,0.01,-0.13
18.80,0.537,-0.011,9.779,-0.21,0.09,-0.25
18.82,0.552,0.035,9.835,0.07,-0.08,-0.13
18.84,0.619,-0.035,9.858,0.18,0.04,0.12
18.86,0.594,-0.067,9.837,0.05,0.00,-0.04
18.88,0.585,-0.041,9.747,-0.11,0.06,-0.02
18.90,0.578,-0.035,9.803,0.00,-0.05,-0.09
18.92,0.525,0.016,9.816,0.11,-0.03,0.08
18.94,0.531,-0.068,9.756,-0.01,-0.05,0.11
18.96,0.541,0.002,9.821,0.08,-0.00,-0.07
18.98,0.587,-0.036,9.830,0.05,0.07,-0.20
19.00,0.545,0.074,9.804,-0.16,0.08,-0.04
19.02,0.653,0.026,9.807,0.01,0.08,-0.03
19.04,0.584,-0.066,9.785,0.01,0.10,-0.05
19.06,0.554,-0.036,9.752,-0.05,-0.11,0.05
19.08,0.582,-0.017,9.842,0.09,0.06,-0.05
19.10,0.598,-0.003,9.758,0.14,0.03,0.04
19.12,0.593,-0.039,9.920,-0.02,0.01,0.02
19.14,0.622,0.028,9.762,0.14,0.01,-0.01
19.16,0.546,-0.025,9.764,-0.02,0.16,0.16
19.18,0.509,-0.085,9.872,-0.08,0.06,-0.04
19.20,0.511,0.063,9.730,0.10,0.03,-0.12
19.22,0.502,0.001,9.696,0.11,-0.04,-0.02
19.24,0.583,0.053,9.825,-0.14,0.01,-0.11
19.26,0.602,0.101,9.899,-0.11,0.08,-0.05
19.28,0.596,0.005,9.746,-0.04,0.04,0.03
19.30,0.478,0.019,9.921,-0.02,0.15,-0.10
19.32,0.543,-0.005,9.793,0.07,0.16,0.18
19.34,0.562,0.007,9.748,-0.18,0.08,-0.14
19.36,0.572,0.006,9.874,-0.18,-0.02,-0.01
19.38,0.548,-0.053,9.819,-0.08,-0.02,0.01
19.40,0.489,0.047,9.872,0.06,-0.21,-0.06
19.42,0.579,0.061,9.805,0.09,-0.11,0.10
19.44,0.615,0.045,9.751,0.01,0.14,-0.27
19.46,0.511,0.022,9.848,-0.07,-0.06,-0.04
19.48,0.538,0.051,9.808,-0.03,0.17,0.10
19.50,0.476,-0.081,9.786,-0.14,0.04,0.15
19.52,0.539,0.042,9.858,-0.17,0.09,0.01
19.54,0.580,0.052,9.899,0.06,0.14,-0.14
19.56,0.487,-0.095,9.829,-0.01,0.04,-0.12
19.58,0.589,0.013,9.919,-0.03,-0.02,-0.02
19.60,0.580,0.049,9.776,0.06,0.06,-0.08
19.62,0.518,0.033,9.927,-0.05,-0.05,-0.07
19.64,0.629,0.025,9.783,-0.04,-0.01,-0.11
19.66,0.553,0.023,9.728,-0.04,0.15,-0.15
19.68,0.517,-0.047,9.803,-0.12,-0.08,-0.01
19.70,0.592,0.101,9.800,0.17,0.04,0.15
19.72,0.465,-0.006,9.743,-0.08,-0.06,0.14
19.74,0.507,0.081,9.814,0.02,-0.06,-0.08
19.76,0.575,0.013,9.804,0.04,-0.08,0.21
19.78,0.561,0.069,9.753,-0.04,0.07,-0.12
19.80,0.592,0.046,9.808,0.08,0.02,0.06
19.82,0.486,-0.035,9.794,-0.06,0.13,-0.03
19.84,0.541,0.016,9.803,-0.02,0.06,-0.06
19.86,0.540,-0.031,9.859,-0.10,0.12,-0.23
19.88,0.509,0.032,9.890,-0.10,-0.08,0.20
19.90,0.561,-0.001,9.882,-0.28,0.21,-0.07
19.92,0.551,0.033,9.888,-0.07,0.01,-0.09
19.94,0.578,-0.041,9.744,-0.11,0.06,-0.02
19.96,0.534,0.041,9.836,-0.00,0.03,-0.07
19.98,0.600,-0.018,9.779,-0.05,-0.01,0.14
20.00,0.567,-0.067,9.821,0.06,0.16,0.08
20.02,0.593,0.083,9.793,0.05,-0.03,-0.03
20.04,0.556,0.063,9.831,0.02,0.02,0.07
20.06,0.510,0.015,9.792,-0.18,-0.18,-0.01
20.08,0.499,0.020,9.863,0.24,0.01,-0.01
20.10,0.512,0.028,9.827,0.12,-0.03,-0.13
20.12,0.547,0.042,9.828,0.05,-0.11,-0.05
20.14,0.493,-0.042,9.817,-0.11,-0.12,-0.04
20.16,0.529,-0.043,9.750,0.04,-0.12,-0.16
20.18,0.605,0.002,9.825,0.07,0.16,-0.06
20.20,0.550,-0.029,9.836,-0.13,-0.06,0.12
20.22,0.510,-0.064,9.803,0.21,0.02,0.04
20.24,0.565,0.036,9.794,-0.13,-0.05,0.02
20.26,0.585,0.005,9.781,-0.07,0.04,-0.05
20.28,0.581,0.006,9.908,-0.06,-0.02,0.01
20.30,0.534,0.037,9.859,0.19,-0.06,-0.09
20.32,0.561,0.049,9.815,0.01,-0.06,0.02
20.34,0.574,0.028,9.804,0.09,0.12,0.18
20.36,0.572,-0.086,9.764,-0.05,0.03,-0.07
20.38,0.529,0.002,9.775,-0.09,0.02,-0.14
20.40,0.563,0.006,9.881,-0.13,0.00,0.02
20.42,0.559,0.002,9.830,0.08,-0.11,-0.07
20.44,0.628,0.031,9.768,-0.04,0.08,-0.05
20.46,0.577,0.069,9.779,-0.08,-0.14,0.04
20.48,0.443,0.038,9.849,-0.08,0.15,0.00
20.50,0.589,0.035,9.834,0.03,-0.03,0.04
20.52,0.496,-0.064,9.824,0.02,-0.05,-0.06
20.54,0.485,0.016,9.750,-0.03,0.07,0.13
20.56,0.557,-0.002,9.831,-0.16,0.05,-0.18
20.58,0.616,0.067,9.801,-0.18,0.11,0.20
20.60,0.509,-0.034,9.861,-0.02,0.07,0.18
20.62,0.575,0.027,9.743,0.09,-0.08,0.07
20.64,0.540,0.006,9.891,0.03,0.16,0.15
20.66,0.605,0.041,9.806,-0.07,0.16,0.12
20.68,0.594,-0.041,9.822,0.14,0.03,0.15
20.70,0.449,0.017,9.840,-0.04,0.10,-0.09
20.72,0.453,0.108,9.786,-0.08,0.04,-0.00
20.74,0.590,0.018,9.821,0.04,0.15,-0.07
20.76,0.550,0.010,9.852,-0.06,0.01,0.03
20.78,0.563,0.005,9.825,0.12,0.04,0.17
20.80,0.541,0.113,9.793,-0.02,-0.09,0.04
20.82,0.477,-0.142,9.796,0.00,-0.12,0.01
20.84,0.584,-0.052,9.684,-0.20,0.03,0.04
20.86,0.610,0.037,9.864,0.11,-0.19,-0.02
20.88,0.552,-0.066,9.757,-0.24,-0.10,-0.02
20.90,0.529,0.008,9.769,-0.08,0.15,-0.02
20.92,0.535,-0.105,9.811,0.03,0.11,0.20
20.94,0.651,-0.078,9.769,0.03,0.03,-0.03
20.96,0.536,-0.012,9.741,0.08,0.09,0.19
20.98,0.598,-0.105,9.859,0.07,0.05,0.13
21.00,0.517,0.053,9.766,-0.11,-0.01,-0.03
21.02,0.544,-0.035,9.848,-0.11,0.09,0.18
21.04,0.548,0.035,9.839,0.03,0.00,0.02
21.06,0.624,0.006,9.779,0.05,0.00,0.19
21.08,0.534,-0.077,9.833,0.10,0.02,0.09
21.10,0.582,-0.004,9.740,0.06,0.02,-0.01
21.12,0.521,0.085,9.813,0.10,-0.02,-0.26
21.14,0.700,-0.036,9.800,-0.04,-0.08,-0.21
21.16,0.658,-0.031,9.914,0.07,-0.02,0.13
21.18,0.551,0.070,9.709,0.15,0.13,0.05
21.20,0.554,0.024,9.756,-0.06,0.08,0.14
21.22,0.563,0.016,9.830,-0.01,0.04,0.18
21.24,0.549,0.042,9.844,0.15,0.16,0.02
21.26,0.544,0.015,9.873,-0.07,-0.15,-0.14
21.28,0.566,-0.038,9.799,-0.03,-0.04,0.12
21.30,0.542,-0.050,9.714,-0.20,0.03,0.13
21.32,0.578,0.103,9.797,0.04,0.15,0.07
21.34,0.596,0.032,9.829,-0.06,-0.09,-0.12
21.36,0.496,0.082,9.774,0.08,-0.08,0.06
21.38,0.619,-0.076,9.800,0.13,0.07,0.30
21.40,0.616,-0.014,9.774,0.09,-0.12,-0.04
21.42,0.657,0.045,9.723,0.08,-0.01,0.08
21.44,0.568,-0.051,9.856,0.09,-0.03,-0.03
21.46,0.589,-0.010,9.804,-0.07,-0.11,0.12
21.48,0.649,-0.001,9.959,0.06,-0.00,0.15
21.50,0.515,-0.001,9.734,0.07,0.25,-0.08
21.52,0.627,0.038,9.795,0.14,-0.08,0.20
21.54,0.509,-0.068,9.773,0.04,-0.17,-0.02
21.56,0.584,0.005,9.748,-0.24,-0.03,0.14
21.58,0.445,-0.033,9.789,-0.00,0.02,0.06
21.60,0.587,0.006,9.697,0.01,-0.07,-0.00
21.62,0.548,0.091,9.737,0.03,-0.06,-0.08
21.64,0.614,0.044,9.766,-0.07,0.21,0.09
21.66,0.619,0.054,9.843,-0.05,-0.12,0.02
21.68,0.587,-0.029,9.780,-0.09,-0.03,-0.03
21.70,0.467,0.084,9.816,-0.13,0.00,0.05
21.72,0.631,-0.008,9.821,0.01,-0.09,-0.06
21.74,0.490,0.015,9.871,-0.01,-0.12,-0.05
21.76,0.572,-0.078,9.850,-0.02,0.12,-0.08
21.78,0.513,-0.008,9.792,-0.06,-0.01,-0.11
21.80,0.547,0.038,9.884,-0.04,-0.06,-0.04
21.82,0.560,-0.024,9.736,-0.01,0.18,-0.06
21.84,0.600,0.030,9.883,0.07,0.04,0.07
21.86,0.480,-0.029,9.779,0.06,0.01,0.04
21.88,0.490,0.008,9.812,0.15,0.07,-0.11
21.90,0.525,0.034,9.788,-0.08,0.00,0.08
21.92,0.563,0.026,9.814,0.03,-0.01,-0.28
21.94,0.572,-0.034,9.909,-0.10,0.06,0.06
21.96,0.605,0.046,9.803,0.13,0.04,0.05
21.98,0.592,0.051,9.807,0.19,-0.09,0.02
22.00,0.518,-0.038,9.795,0.09,-0.12,0.09
22.02,0.575,-0.017,9.788,-0.02,0.08,0.01
22.04,0.532,-0.002,9.837,-0.02,-0.11,-0.12
22.06,0.571,-0.015,9.753,0.03,-0.03,-0.01
22.08,0.561,0.079,9.794,0.10,-0.02,0.01
22.10,0.613,-0.100,9.872,-0.00,-0.02,-0.10
22.12,0.677,0.042,9.775,-0.06,-0.09,0.22
22.14,0.522,-0.014,9.834,0.06,0.12,-0.19
22.16,0.533,0.066,9.806,0.03,-0.08,-0.13
22.18,0.524,0.036,9.860,-0.06,-0.11,-0.00
22.20,0.531,-0.072,9.873,0.11,0.12,0.05
22.22,0.658,0.039,9.809,0.00,0.17,0.23
22.24,0.615,-0.081,9.912,-0.06,-0.04,-0.03
22.26,0.544,-0.023,9.800,-0.07,-0.19,-0.07
22.28,0.540,0.033,9.766,0.04,-0.08,-0.03
22.30,0.509,-0.046,9.814,-0.12,0.13,0.03
22.32,0.550,-0.028,9.824,-0.05,0.09,0.02
22.34,0.533,0.067,9.784,-0.25,-0.15,0.04
22.36,0.517,-0.061,9.863,0.14,-0.03,0.08
22.38,0.644,-0.033,9.784,-0.12,-0.00,0.08
22.40,0.587,-0.008,9.883,-0.04,-0.06,-0.11
22.42,0.494,0.002,9.757,-0.12,-0.05,-0.03
22.44,0.512,-0.035,9.796,-0.11,0.13,-0.10
22.46,0.599,-0.001,9.801,0.03,0.09,-0.06
22.48,0.560,0.073,9.884,-0.08,-0.02,0.04
22.50,0.425,0.100,9.797,0.02,-0.09,0.02
22.52,0.555,-0.016,9.822,-0.12,0.03,0.07
22.54,0.487,-0.060,9.701,0.11,-0.02,0.16
22.56,0.513,0.014,9.790,-0.04,0.09,0.16
22.58,0.514,0.030,9.870,0.06,0.00,-0.01
22.60,0.561,-0.050,9.759,-0.14,0.07,0.07
22.62,0.467,-0.021,9.748,-0.03,0.06,-0.06
22.64,0.505,0.051,9.936,-0.20,-0.02,0.21
22.66,0.547,0.100,9.812,-0.02,-0.10,0.01
22.68,0.686,0.012,9.831,-0.17,0.07,0.00
22.70,0.486,-0.011,9.820,-0.08,0.07,-0.10
22.72,0.427,-0.059,9.770,0.03,0.10,-0.03
22.74,0.549,0.037,9.839,0.07,0.10,0.09
22.76,0.580,0.020,9.863,-0.02,0.06,-0.03
22.78,0.526,0.032,9.755,0.05,0.04,0.06
22.80,0.575,-0.084,9.765,-0.04,-0.04,-0.11
22.82,0.573,-0.038,9.804,-0.14,-0.16,0.02
22.84,0.588,-0.022,9.849,-0.02,0.03,-0.00
22.86,0.474,0.056,9.858,-0.05,-0.06,-0.05
22.88,0.503,-0.008,9.883,0.01,0.00,0.03
22.90,0.636,0.029,9.877,0.05,-0.17,-0.26
22.92,0.570,0.025,9.803,0.02,0.03,0.05
22.94,0.570,0.114,9.861,0.02,0.06,0.03
22.96,0.465,-0.032,9.687,-0.10,0.03,0.07
22.98,0.547,-0.039,9.814,-0.02,0.02,0.01
23.00,0.604,-0.011,9.804,-0.10,-0.07,0.00
23.02,0.549,-0.022,9.807,-0.04,0.03,-0.00
23.04,0.562,-0.043,9.889,-0.01,-0.13,-0.23
23.06,0.620,-0.026,9.882,-0.05,0.01,0.09
23.08,0.498,0.099,9.881,0.06,-0.14,0.01
23.10,0.508,0.013,9.821,-0.05,0.11,0.11
23.12,0.590,-0.005,9.736,0.05,-0.15,-0.10
23.14,0.650,0.049,9.806,0.19,-0.07,0.02
23.16,0.561,0.071,9.776,-0.18,-0.09,-0.17
23.18,0.620,-0.055,9.771,0.07,-0.10,0.19
23.20,0.569,0.051,9.813,-0.08,-0.20,-0.17
23.22,0.580,0.096,9.801,-0.02,-0.01,0.22
23.24,0.596,-0.027,9.736,0.04,0.07,-0.13
23.26,0.572,0.076,9.808,0.21,-0.00,0.01
23.28,0.615,0.055,9.715,-0.15,0.04,0.17
23.30,0.570,-0.073,9.853,-0.06,0.01,0.12
23.32,0.540,0.029,9.880,0.09,-0.08,-0.12
23.34,0.639,-0.023,9.850,-0.14,0.03,0.04
23.36,0.593,-0.017,9.829,-0.07,0.27,0.06
23.38,0.571,0.051,9.806,-0.10,-0.21,0.00
23.40,0.457,0.008,9.792,-0.10,-0.06,-0.03
23.42,0.522,-0.019,9.837,-0.08,0.06,0.10
23.44,0.575,-0.034,9.836,0.05,0.10,-0.06
23.46,0.457,0.051,9.760,-0.06,0.16,0.03
23.48,0.480,-0.030,9.803,0.09,0.04,-0.01
23.50,0.546,-0.034,9.819,0.02,0.09,0.09
23.52,0.526,0.012,9.821,-0.19,-0.28,-0.00
23.54,0.561,0.008,9.834,0.11,-0.00,0.01
23.56,0.586,0.043,9.870,-0.17,0.05,-0.05
23.58,0.597,-0.019,9.825,-0.02,-0.05,-0.07
23.60,0.570,-0.019,9.733,0.17,-0.15,-0.13
23.62,0.550,-0.011,9.891,-0.02,0.05,-0.18
23.64,0.529,0.000,9.766,0.13,-0.12,-0.02
23.66,0.540,0.040,9.859,0.08,0.02,-0.15
23.68,0.540,0.018,9.896,-0.08,0.10,0.00
23.70,0.458,0.038,9.798,0.07,-0.22,0.17
23.72,0.607,0.018,9.791,0.01,0.00,-0.15
23.74,0.535,0.072,9.876,-0.11,0.00,-0.07
23.76,0.554,0.047,9.851,-0.14,-0.07,0.02
23.78,0.470,0.052,9.731,0.21,-0.13,0.13
23.80,0.588,0.050,9.833,-0.06,0.04,-0.05
23.82,0.500,-0.061,9.717,0.20,0.06,0.16
23.84,0.466,0.025,9.869,0.13,0.08,0.04
23.86,0.597,-0.058,9.873,0.21,-0.10,0.05
23.88,0.586,-0.048,9.699,0.04,0.11,-0.03
23.90,0.501,0.013,9.857,0.07,-0.09,-0.02
23.92,0.599,0.024,9.665,-0.09,-0.05,0.05
23.94,0.564,0.039,9.862,-0.05,-0.03,0.15
23.96,0.633,0.029,9.743,0.11,0.10,-0.24
23.98,0.580,-0.053,9.789,0.15,0.11,-0.22
24.00,0.592,-0.024,9.802,0.21,0.05,0.11
24.02,0.576,-0.024,9.854,0.07,0.17,0.15
24.04,0.495,-0.032,9.902,-0.09,0.11,0.07
24.06,0.537,0.079,9.818,0.11,0.03,0.07
24.08,0.472,-0.012,9.874,0.06,-0.10,0.03
24.10,0.564,0.145,9.892,-0.19,0.12,0.21
24.12,0.623,-0.065,9.909,0.05,0.07,-0.16
24.14,0.626,-0.025,9.765,-0.08,-0.00,-0.01
24.16,0.528,0.011,9.822,-0.03,-0.17,0.01
24.18,0.559,-0.024,9.925,0.12,-0.19,0.00
24.20,0.519,-0.096,9.780,0.01,0.10,0.05
24.22,0.569,-0.036,9.798,-0.08,-0.05,-0.09
24.24,0.582,-0.061,9.884,-0.07,-0.19,0.13
24.26,0.473,-0.091,9.785,0.07,0.05,-0.01
24.28,0.598,0.038,9.856,-0.16,-0.00,-0.02
24.30,0.572,-0.011,9.783,-0.05,0.12,0.09
24.32,0.539,-0.068,9.744,0.05,0.02,-0.08
24.34,0.510,0.013,9.783,0.07,-0.00,-0.09
24.36,0.539,0.005,9.822,-0.18,-0.18,-0.19
24.38,0.510,-0.014,9.797,0.20,0.07,0.09
24.40,0.493,0.088,9.819,0.08,-0.09,0.00
24.42,0.628,0.061,9.811,-0.06,-0.10,0.01
24.44,0.546,0.077,9.819,-0.10,-0.07,0.05
24.46,0.572,0.019,9.814,-0.02,-0.14,0.10
24.48,0.539,-0.020,9.731,-0.08,-0.12,0.01
24.50,0.581,-0.023,9.775,-0.10,-0.06,-0.12
24.52,0.482,-0.017,9.764,0.14,0.03,-0.07
24.54,0.560,-0.063,9.841,0.05,0.06,0.17
24.56,0.656,0.086,9.762,-0.21,-0.01,-0.07
24.58,0.467,-0.127,9.838,-0.26,-0.01,-0.08
24.60,0.602,-0.007,9.781,0.03,-0.09,0.03
24.62,0.517,0.070,9.810,0.11,-0.10,-0.05
24.64,0.540,0.030,9.796,-0.15,0.18,-0.08
24.66,0.580,-0.023,9.897,0.07,0.09,-0.07
24.68,0.538,0.007,9.793,-0.15,0.01,-0.09
24.70,0.559,0.023,9.862,-0.04,0.05,-0.08
24.72,0.622,-0.012,9.827,-0.03,-0.17,-0.02
24.74,0.571,-0.021,9.880,0.16,-0.05,-0.00
24.76,0.497,-0.015,9.795,0.08,0.08,-0.05
24.78,0.539,0.055,9.800,-0.16,-0.02,-0.02
24.80,0.574,-0.078,9.877,0.10,-0.01,0.11
24.82,0.578,-0.044,9.741,-0.10,-0.12,-0.20
24.84,0.537,-0.002,9.811,0.19,0.07,0.07
24.86,0.505,-0.081,9.863,-0.07,-0.12,-0.02
24.88,0.549,-0.004,9.922,-0.06,-0.01,0.07
24.90,0.598,-0.077,9.862,-0.09,0.15,0.00
24.92,0.551,-0.039,9.813,-0.07,-0.11,0.12
24.94,0.558,-0.040,9.875,-0.07,0.11,-0.01
24.96,0.511,-0.061,9.848,-0.11,0.07,0.02
24.98,0.582,0.032,9.805,0.11,0.18,0.06
25.00,0.619,0.004,9.816,0.10,-0.11,0.17
25.02,0.546,0.068,9.858,0.05,0.09,0.17
25.04,0.525,-0.015,9.777,-0.00,-0.01,0.01
25.06,0.542,0.008,9.839,0.16,0.02,0.01
25.08,0.516,-0.056,9.826,-0.05,-0.10,-0.04
25.10,0.581,-0.033,9.717,0.21,-0.13,-0.12
25.12,0.503,0.032,9.781,0.00,-0.10,0.07
25.14,0.565,-0.110,9.731,-0.12,0.10,-0.00
25.16,0.481,0.018,9.810,-0.02,-0.06,0.00
25.18,0.558,0.015,9.819,-0.02,0.05,-0.21
25.20,0.489,-0.016,9.716,-0.03,0.02,0.04
25.22,0.488,0.026,9.879,-0.01,0.21,0.13
25.24,0.547,0.010,9.839,0.03,-0.05,-0.01
25.26,0.538,0.024,9.942,0.07,-0.06,0.02
25.28,0.531,-0.009,9.889,-0.08,-0.05,-0.03
25.30,0.674,-0.066,9.751,0.11,0.03,-0.10
25.32,0.612,-0.033,9.877,0.03,0.18,0.18
25.34,0.574,0.041,9.733,0.11,0.15,-0.00
25.36,0.569,0.015,9.791,-0.00,-0.13,-0.11
25.38,0.494,0.011,9.808,-0.14,0.04,0.22
25.40,0.568,-0.009,9.820,0.15,0.02,-0.02
25.42,0.481,0.045,9.800,0.16,0.04,-0.11
25.44,0.514,-0.096,9.797,-0.03,0.01,-0.07
25.46,0.612,-0.024,9.808,-0.12,-0.10,-0.02
25.48,0.587,-0.015,9.847,-0.09,0.06,0.04
25.50,0.614,-0.017,9.786,0.10,-0.07,-0.23
25.52,0.575,-0.007,9.926,-0.04,0.01,-0.07
25.54,0.528,0.018,9.780,-0.17,-0.02,0.17
25.56,0.517,0.013,9.740,-0.31,0.04,-0.20
25.58,0.566,0.024,9.795,0.08,0.03,0.05
25.60,0.589,-0.049,9.808,0.03,-0.10,0.22
25.62,0.550,0.056,9.897,-0.18,0.03,0.09
25.64,0.505,-0.108,9.806,-0.04,0.09,0.03
25.66,0.559,-0.036,9.746,0.05,-0.02,-0.01
25.68,0.514,-0.009,9.803,-0.00,0.03,-0.06
25.70,0.434,-0.087,9.786,0.14,0.03,-0.26
25.72,0.535,-0.019,9.721,-0.08,-0.05,-0.13
25.74,0.545,0.047,9.862,0.04,0.07,-0.06
25.76,0.494,0.050,9.802,0.04,0.06,0.14
25.78,0.682,0.050,9.768,-0.00,0.15,0.19
25.80,0.614,0.052,9.750,0.15,-0.15,-0.01
25.82,0.566,0.024,9.770,-0.04,0.09,-0.04
25.84,0.578,-0.108,9.773,-0.01,0.20,0.03
25.86,0.439,-0.084,9.842,0.12,0.15,0.04
25.88,0.543,-0.053,9.797,0.07,0.03,-0.01
25.90,0.569,-0.001,9.804,-0.17,-0.03,0.10
25.92,0.516,-0.050,9.738,0.17,0.11,0.10
25.94,0.488,-0.068,9.815,0.06,-0.11,0.07
25.96,0.559,0.008,9.877,-0.03,0.20,0.21
25.98,0.624,0.083,9.766,-0.19,0.28,0.13
26.00,0.566,-0.072,9.739,0.08,0.09,-0.02
26.02,0.560,0.003,9.823,-0.06,0.11,0.02
26.04,0.556,0.008,9.762,-0.03,0.12,0.03
26.06,0.700,-0.068,9.841,0.09,0.01,-0.01
26.08,0.579,0.012,9.826,-0.10,-0.01,0.23
26.10,0.546,0.045,9.744,0.14,0.09,0.07
26.12,0.463,0.001,9.802,-0.13,0.10,0.08
26.14,0.616,-0.092,9.812,-0.08,-0.06,-0.01
26.16,0.588,0.026,9.726,-0.10,0.05,-0.03
26.18,0.535,0.021,9.810,-0.04,-0.04,0.03
26.20,0.576,0.108,9.820,-0.06,-0.00,0.07
26.22,0.637,0.061,9.744,-0.01,0.04,0.04
26.24,0.571,0.008,9.825,0.01,0.00,0.01
26.26,0.513,0.055,9.890,-0.05,0.08,-0.24
26.28,0.498,0.001,9.803,0.22,0.07,0.15
26.30,0.463,-0.038,9.767,-0.10,0.00,-0.04
26.32,0.512,-0.035,9.908,-0.03,0.08,0.09
26.34,0.516,0.032,9.805,-0.06,-0.06,-0.07
26.36,0.574,0.001,9.809,0.04,0.03,0.09
26.38,0.583,-0.064,9.772,-0.07,-0.05,0.02
26.40,0.499,-0.045,9.802,-0.11,-0.10,-0.10
26.42,0.586,0.045,9.767,-0.05,0.03,0.18
26.44,0.522,-0.077,9.795,0.17,0.08,-0.20
26.46,0.482,-0.040,9.834,-0.09,-0.06,-0.06
26.48,0.514,-0.032,9.886,0.00,-0.10,0.07
26.50,0.571,0.013,9.863,-0.05,0.09,-0.17
26.52,0.538,-0.004,9.812,-0.08,0.20,-0.06
26.54,0.527,0.013,9.695,0.07,-0.01,0.00
26.56,0.598,-0.068,9.771,0.03,-0.03,-0.01
26.58,0.574,-0.035,9.803,-0.01,-0.05,-0.07
26.60,0.556,-0.035,9.868,0.04,-0.06,0.16
26.62,0.509,0.007,9.897,-0.08,0.04,-0.19
26.64,0.496,-0.001,9.813,-0.06,-0.01,-0.12
26.66,0.504,-0.070,9.850,-0.02,0.02,0.01
26.68,0.574,0.090,9.745,-0.06,0.11,-0.14
26.70,0.514,0.015,9.813,-0.03,-0.10,0.10
26.72,0.525,-0.006,9.806,0.11,-0.03,0.00
26.74,0.604,0.045,9.782,-0.06,-0.08,0.01
26.76,0.589,-0.008,9.848,-0.07,-0.00,0.12
26.78,0.564,0.006,9.792,-0.05,0.01,-0.23
26.80,0.561,-0.057,9.731,-0.15,-0.05,0.14
26.82,0.582,-0.043,9.789,-0.02,0.03,-0.07
26.84,0.480,-0.005,9.931,-0.05,0.02,0.10
26.86,0.542,-0.017,9.845,0.08,-0.08,0.05
26.88,0.641,-0.070,9.865,0.03,0.03,-0.04
26.90,0.534,-0.040,9.866,0.06,0.06,0.05
26.92,0.515,-0.014,9.813,0.08,0.04,-0.05
26.94,0.558,0.020,9.839,-0.04,0.06,-0.06
26.96,0.603,-0.004,9.772,-0.09,0.04,0.01
26.98,0.523,0.082,9.872,-0.04,0.11,0.09
27.00,0.627,-0.029,9.702,0.06,0.05,0.15
27.02,0.512,0.041,9.818,-0.01,0.04,0.02
27.04,0.556,0.030,9.660,0.05,0.11,0.24
27.06,0.627,0.031,9.770,0.03,-0.10,-0.09
27.08,0.572,-0.059,9.842,-0.04,0.01,0.05
27.10,0.535,0.032,9.701,0.08,0.01,-0.24
27.12,0.516,-0.045,9.694,-0.05,0.18,0.04
27.14,0.655,-0.039,9.761,0.09,-0.08,-0.22
27.16,0.539,0.003,9.814,0.05,0.03,-0.00
27.18,0.535,0.022,9.817,0.04,-0.03,-0.07
27.20,0.546,0.024,9.752,-0.11,-0.05,-0.03
27.22,0.587,-0.008,9.767,-0.16,0.02,0.13
27.24,0.585,-0.040,9.797,-0.14,0.03,0.03
27.26,0.591,-0.081,9.746,0.15,-0.12,-0.12
27.28,0.515,-0.024,9.903,0.01,-0.03,-0.11
27.30,0.551,-0.036,9.838,-0.02,-0.04,0.17
27.32,0.647,0.100,9.836,0.11,-0.11,0.10
27.34,0.615,-0.013,9.799,-0.21,0.04,-0.13
27.36,0.613,0.024,9.798,0.08,-0.06,-0.08
27.38,0.571,0.004,9.767,-0.04,-0.03,0.07
27.40,0.530,0.053,9.762,0.14,0.06,0.01
27.42,0.592,-0.026,9.736,-0.05,0.14,0.01
27.44,0.565,-0.055,9.820,0.12,-0.01,0.03
27.46,0.518,0.033,9.827,0.05,0.04,-0.05
27.48,0.578,0.054,9.805,-0.11,0.04,0.02
27.50,0.483,0.100,9.799,-0.04,0.01,0.07
27.52,0.596,-0.002,9.903,0.08,0.04,-0.20
27.54,0.597,-0.021,9.802,0.14,-0.02,0.14
27.56,0.484,-0.000,9.835,-0.05,0.00,-0.03
27.58,0.622,-0.108,9.820,-0.08,-0.04,-0.10
27.60,0.524,0.047,9.812,0.07,0.01,0.20
27.62,0.651,0.038,9.748,0.06,0.01,0.02
27.64,0.601,0.020,9.892,-0.11,0.04,0.09
27.66,0.524,-0.035,9.823,0.04,0.08,-0.03
27.68,0.554,-0.041,9.806,-0.23,-0.09,0.17
27.70,0.580,-0.033,9.779,0.12,0.06,-0.00
27.72,0.578,0.000,9.806,-0.05,0.04,0.16
27.74,0.551,0.039,9.820,-0.14,0.06,0.12
27.76,0.598,-0.044,9.777,-0.06,0.03,0.00
27.78,0.535,0.029,9.827,-0.12,0.16,-0.11
27.80,0.612,0.010,9.840,-0.06,-0.08,0.02
27.82,0.580,0.029,9.869,0.06,-0.06,0.01
27.84,0.564,0.036,9.791,0.03,-0.44,-0.14
27.86,0.537,0.056,9.842,0.15,-0.01,0.21
27.88,0.508,-0.049,9.806,0.00,0.01,0.07
27.90,0.542,-0.052,9.815,0.00,0.19,0.00
27.92,0.536,0.035,9.855,0.02,0.04,0.02
27.94,0.525,0.021,9.779,0.01,0.07,0.05
27.96,0.531,0.040,9.806,-0.05,0.02,-0.04
27.98,0.532,0.073,9.775,-0.23,-0.06,-0.09
28.00,0.474,-0.034,9.755,0.06,-0.12,-0.01
28.02,0.594,0.042,9.875,0.00,-0.12,-0.04
28.04,0.478,0.118,9.892,-0.07,0.02,-0.02
28.06,0.537,-0.064,9.768,-0.08,0.09,-0.20
28.08,0.651,-0.029,9.856,-0.10,0.18,0.09
28.10,0.521,-0.041,9.788,-0.03,0.15,-0.07
28.12,0.464,-0.045,9.766,0.06,-0.07,-0.17
28.14,0.466,0.027,9.745,0.19,0.11,-0.13
28.16,0.582,0.024,9.911,-0.08,-0.07,-0.06
28.18,0.462,-0.026,9.824,-0.05,-0.06,-0.15
28.20,0.536,0.026,9.870,-0.11,0.13,-0.04
28.22,0.520,0.054,9.777,0.17,0.08,-0.22
28.24,0.519,0.028,9.844,-0.09,0.05,0.20
28.26,0.609,0.075,9.825,-0.03,0.00,0.02
28.28,0.563,-0.049,9.776,0.04,-0.02,-0.01
28.30,0.586,-0.023,9.768,0.18,-0.10,0.04
28.32,0.567,-0.086,9.837,-0.13,-0.09,0.02
28.34,0.617,0.022,9.858,-0.13,0.22,-0.12
28.36,0.548,-0.088,9.681,-0.05,-0.07,-0.09
28.38,0.556,-0.008,9.778,-0.02,0.20,-0.15
28.40,0.491,0.067,9.823,-0.11,0.08,-0.01
28.42,0.574,0.092,9.772,0.19,-0.08,0.07
28.44,0.497,-0.031,9.738,-0.04,-0.06,-0.05
28.46,0.561,-0.002,9.737,-0.01,0.06,-0.10
28.48,0.505,-0.024,9.841,0.07,-0.09,0.02
28.50,0.571,0.031,9.849,0.07,-0.14,0.02
28.52,0.551,0.056,9.876,0.05,0.08,0.12
28.54,0.511,0.061,9.793,0.07,-0.15,0.04
28.56,0.547,-0.025,9.830,0.01,-0.06,-0.01
28.58,0.565,0.096,9.764,-0.03,0.02,-0.06
28.60,0.493,0.062,9.806,-0.06,-0.07,0.02
28.62,0.584,-0.072,9.812,0.21,-0.05,-0.18
28.64,0.486,0.008,9.910,-0.02,0.01,-0.03
28.66,0.751,0.030,9.723,-0.03,0.00,0.13
28.68,0.548,-0.071,9.756,-0.14,0.07,-0.04
28.70,0.557,-0.033,9.801,-0.18,-0.05,-0.14
28.72,0.540,0.030,9.779,-0.06,0.16,0.00
28.74,0.592,-0.051,9.826,0.00,0.06,0.05
28.76,0.510,0.037,9.746,0.13,-0.08,-0.04
28.78,0.540,0.071,9.864,0.13,0.05,-0.16
28.80,0.575,-0.047,9.772,-0.12,0.07,-0.07
28.82,0.461,0.005,9.752,0.05,-0.03,0.05
28.84,0.554,0.055,9.865,0.11,-0.02,-0.13
28.86,0.432,-0.022,9.771,-0.04,-0.07,-0.21
28.88,0.599,-0.107,9.875,-0.15,0.02,0.12
28.90,0.486,0.002,9.852,-0.07,-0.01,0.17
28.92,0.494,-0.054,9.733,0.01,0.04,-0.02
28.94,0.534,0.031,9.787,-0.06,0.03,0.09
28.96,0.583,0.094,9.761,0.09,-0.23,-0.01
28.98,0.483,0.018,9.852,-0.01,0.07,-0.19
29.00,0.553,-0.074,9.797,-0.01,0.00,0.16
29.02,0.499,-0.028,9.826,-0.03,0.14,-0.06
29.04,0.605,0.018,9.892,-0.05,-0.17,0.01
29.06,0.520,-0.027,9.796,-0.08,0.01,0.00
29.08,0.566,-0.028,9.817,-0.10,0.19,0.12
29.10,0.667,0.012,9.787,-0.18,-0.08,-0.02
29.12,0.577,-0.132,9.856,0.01,0.05,0.16
29.14,0.391,-0.034,9.775,0.06,0.05,0.07
29.16,0.531,0.054,9.767,0.12,-0.07,-0.08
29.18,0.624,-0.008,9.821,-0.01,0.11,0.04
29.20,0.623,-0.015,9.825,-0.15,0.05,-0.02
29.22,0.603,0.123,9.759,-0.12,0.17,0.16
29.24,0.574,-0.100,9.846,-0.03,-0.10,-0.08
29.26,0.542,-0.029,9.765,-0.15,0.01,-0.10
29.28,0.607,0.008,9.784,0.14,-0.01,0.01
29.30,0.634,-0.023,9.831,-0.14,-0.13,0.04
29.32,0.595,0.060,9.781,0.03,0.07,-0.04
29.34,0.478,0.007,9.808,0.04,-0.03,0.09
29.36,0.525,-0.087,9.793,0.02,-0.09,-0.03
29.38,0.611,0.043,9.917,0.11,0.09,-0.22
29.40,0.621,-0.028,9.860,-0.01,-0.24,0.07
29.42,0.506,0.025,9.865,0.01,0.02,-0.06
29.44,0.586,0.014,9.807,0.26,0.18,-0.01
29.46,0.556,-0.038,9.826,-0.07,0.05,-0.01
29.48,0.653,-0.016,9.801,0.05,-0.20,0.02
29.50,0.590,0.023,9.876,-0.02,-0.15,0.04
29.52,0.733,-0.050,9.838,-0.03,-0.11,0.08
29.54,0.576,0.055,9.819,-0.15,-0.09,-0.05
29.56,0.590,0.119,9.753,-0.02,0.01,0.09
29.58,0.589,0.024,9.683,-0.13,0.03,-0.10
29.60,0.489,-0.043,9.844,0.01,0.20,0.05
29.62,0.599,-0.076,9.819,-0.04,0.04,0.00
29.64,0.553,0.052,9.717,-0.12,0.06,-0.04
29.66,0.542,-0.038,9.784,0.04,-0.01,-0.08
29.68,0.533,0.037,9.828,-0.04,-0.00,-0.01
29.70,0.610,-0.048,9.863,0.11,-0.11,0.22
29.72,0.590,-0.008,9.807,0.01,-0.09,-0.02
29.74,0.596,0.008,9.834,-0.08,-0.10,0.01
29.76,0.598,-0.039,9.833,-0.01,0.07,-0.02
29.78,0.583,-0.070,9.795,0.06,0.09,-0.11
29.80,0.568,-0.010,9.839,0.08,-0.15,-0.10
29.82,0.517,0.023,9.818,0.09,0.04,0.00
29.84,0.575,-0.006,9.783,-0.15,-0.01,-0.26
29.86,0.562,-0.028,9.765,0.06,0.00,-0.05
29.88,0.554,-0.064,9.746,-0.13,0.12,-0.02
29.90,0.532,0.040,9.793,-0.13,-0.01,-0.13
29.92,0.512,-0.090,9.853,-0.10,0.00,0.04
29.94,0.550,-0.030,9.859,0.04,-0.04,-0.08
29.96,0.497,0.055,9.774,-0.05,0.01,-0.20
29.98,0.554,0.084,9.896,-0.14,-0.06,-0.05
30.00,0.539,-0.001,9.717,-0.14,0.02,-0.08
30.02,0.595,0.051,9.772,0.13,-0.04,-0.02
30.04,0.513,0.006,9.745,-0.06,-0.04,-0.00
30.06,0.479,0.080,9.749,-0.00,0.01,0.04
30.08,0.413,0.030,9.829,0.11,0.07,0.04
30.10,0.579,-0.016,9.772,0.02,-0.24,0.07
30.12,0.612,0.006,9.863,-0.05,-0.17,0.06
30.14,0.549,0.061,9.786,-0.17,-0.24,-0.11
30.16,0.550,-0.046,9.729,-0.28,-0.11,0.03
30.18,0.596,-0.011,9.805,-0.07,-0.10,-0.11
30.20,0.509,0.034,9.751,0.10,-0.08,-0.30
30.22,0.610,-0.001,9.885,0.07,0.10,0.07
30.24,0.635,-0.105,9.845,0.17,0.10,0.06
30.26,0.532,-0.051,9.857,0.16,0.07,-0.10
30.28,0.546,-0.005,9.782,-0.00,0.03,-0.06
30.30,0.546,-0.026,9.747,0.17,-0.05,-0.07
30.32,0.575,-0.101,9.749,-0.05,-0.02,0.04
30.34,0.477,0.045,9.853,-0.00,0.04,-0.18
30.36,0.502,-0.119,9.771,0.04,-0.02,-0.03
30.38,0.541,0.009,9.834,-0.08,-0.27,-0.03
30.40,0.492,0.019,9.832,-0.05,-0.07,-0.02
30.42,0.420,-0.013,9.873,-0.05,-0.03,0.02
30.44,0.571,0.088,9.797,-0.06,-0.08,-0.23
30.46,0.607,-0.007,9.734,-0.07,-0.00,0.13
30.48,0.571,0.037,9.852,-0.22,0.14,-0.17
30.50,0.507,-0.020,9.921,-0.13,0.02,0.16
30.52,0.555,0.012,9.782,0.02,-0.06,0.16
30.54,0.547,-0.032,9.812,-0.15,0.08,0.16
30.56,0.556,0.012,9.827,-0.08,0.11,0.04
30.58,0.691,0.003,9.856,-0.09,0.04,0.13
30.60,0.525,0.068,9.836,0.00,-0.05,-0.17
30.62,0.601,-0.035,9.833,-0.01,0.02,-0.17
30.64,0.603,-0.020,9.937,-0.07,0.19,0.07
30.66,0.470,-0.047,9.863,-0.05,-0.04,-0.03
30.68,0.504,-0.021,9.879,-0.13,0.18,-0.03
30.70,0.636,-0.009,9.802,0.07,0.15,0.01
30.72,0.508,0.017,9.819,-0.02,0.19,-0.11
30.74,0.623,0.120,9.836,0.03,-0.11,0.13
30.76,0.535,0.044,9.882,-0.04,0.03,-0.04
30.78,0.599,0.045,9.762,0.03,-0.01,-0.06
30.80,0.529,-0.014,9.814,0.18,0.04,0.17
30.82,0.557,-0.025,9.789,0.12,-0.08,-0.21
30.84,0.560,0.016,9.714,-0.07,-0.06,0.14
30.86,0.526,0.037,9.726,0.03,-0.03,-0.03
30.88,0.556,-0.132,9.800,0.03,-0.03,0.03
30.90,0.615,-0.017,9.801,-0.22,0.18,0.25
30.92,0.569,0.021,9.768,-0.11,0.00,0.02
30.94,0.544,0.005,9.855,0.14,0.00,0.14
30.96,0.534,-0.053,9.828,-0.01,-0.06,-0.11
30.98,0.593,-0.022,9.749,0.01,0.10,-0.03
31.00,0.520,-0.093,9.757,0.03,-0.04,-0.06
31.02,0.607,0.059,9.863,0.04,-0.02,-0.21
31.04,0.528,0.111,9.716,-0.05,0.01,-0.18
31.06,0.627,-0.035,9.756,-0.02,0.14,0.03
31.08,0.547,-0.055,9.807,0.09,0.08,0.03
31.10,0.510,-0.014,9.773,0.07,0.04,0.08
31.12,0.535,-0.012,9.754,-0.09,-0.07,-0.08
31.14,0.526,0.080,9.821,-0.13,-0.04,-0.01
31.16,0.603,-0.059,9.844,0.07,0.02,-0.25
31.18,0.518,0.053,9.769,0.07,0.08,-0.05
31.20,0.655,0.082,9.838,0.09,0.16,0.06
31.22,0.559,0.006,9.797,-0.03,0.01,-0.15
31.24,0.533,0.024,9.916,-0.07,-0.14,-0.10
31.26,0.569,0.011,9.778,0.05,-0.02,0.09
31.28,0.577,0.004,9.724,-0.08,-0.05,0.15
31.30,0.586,-0.027,9.700,0.01,-0.07,-0.04
31.32,0.502,-0.033,9.738,-0.12,-0.04,-0.05
31.34,0.531,-0.062,9.879,-0.03,-0.18,0.13
31.36,0.543,0.008,9.841,0.08,-0.00,-0.03
31.38,0.525,0.009,9.787,0.10,-0.11,0.03
31.40,0.512,-0.021,9.841,-0.03,0.14,0.01
31.42,0.493,0.036,9.747,-0.02,-0.06,-0.01
31.44,0.517,-0.010,9.869,0.03,-0.01,0.18
31.46,0.568,-0.108,9.780,-0.08,0.05,0.04
31.48,0.466,0.056,9.936,-0.05,-0.01,-0.03
31.50,0.580,-0.008,9.691,0.17,0.24,0.11
31.52,0.529,-0.001,9.851,-0.10,0.01,0.01
31.54,0.600,0.038,9.737,0.07,0.08,-0.08
31.56,0.539,-0.002,9.817,0.10,0.13,0.14
31.58,0.614,0.079,9.808,-0.02,-0.19,-0.09
31.60,0.558,-0.009,9.807,0.08,0.11,0.03
31.62,0.477,-0.034,9.872,0.01,0.06,-0.00
31.64,0.541,0.061,9.835,-0.12,-0.06,0.07
31.66,0.567,-0.119,9.815,0.07,-0.02,0.12
31.68,0.468,-0.002,9.832,-0.08,0.16,-0.09
31.70,0.628,-0.046,9.831,-0.01,-0.03,0.09
31.72,0.531,0.036,9.772,0.03,-0.21,0.07
31.74,0.465,-0.047,9.778,-0.10,0.02,-0.02
31.76,0.485,-0.010,9.795,-0.19,-0.05,0.01
31.78,0.621,-0.021,9.771,0.19,-0.03,0.03
31.80,0.565,-0.027,9.917,-0.03,0.02,-0.06
31.82,0.569,-0.053,9.825,-0.06,0.01,0.03
31.84,0.584,0.002,9.864,-0.10,-0.01,0.13
31.86,0.532,-0.072,9.842,0.13,-0.08,0.01
31.88,0.469,-0.016,9.842,0.00,-0.05,0.02
31.90,0.574,-0.000,9.774,0.09,0.05,0.09
31.92,0.622,0.044,9.773,-0.01,-0.00,0.06
31.94,0.533,-0.030,9.857,0.01,0.02,-0.04
31.96,0.569,0.138,9.860,0.19,0.03,0.03
31.98,0.540,-0.030,9.857,-0.12,0.02,0.20
32.00,0.480,0.003,9.801,-0.09,0.03,-0.02
32.02,0.581,-0.057,9.740,-0.22,-0.05,0.09
32.04,0.651,0.032,9.842,0.04,-0.17,0.00
32.06,0.608,0.010,9.759,0.12,-0.10,0.16
32.08,0.562,-0.068,9.951,-0.11,-0.21,-0.07
32.10,0.492,0.015,9.788,0.06,-0.02,-0.21
32.12,0.550,-0.019,9.752,0.07,0.12,0.03
32.14,0.524,-0.022,9.824,0.07,-0.05,0.04
32.16,0.526,0.036,9.841,-0.10,0.11,-0.09
32.18,0.659,-0.065,9.797,0.03,-0.09,0.03
32.20,0.559,-0.010,9.792,0.05,0.05,-0.10
32.22,0.506,-0.035,9.831,-0.16,0.07,0.02
32.24,0.546,0.008,9.805,0.01,0.04,-0.05
32.26,0.544,0.043,9.827,-0.02,-0.09,-0.06
32.28,0.586,0.008,9.768,0.05,0.10,0.13
32.30,0.505,0.005,9.861,-0.02,0.06,0.11
32.32,0.583,-0.047,9.804,-0.00,0.12,-0.08
32.34,0.516,-0.069,9.758,0.00,0.06,-0.00
32.36,0.638,-0.001,9.816,-0.07,-0.08,-0.03
32.38,0.593,0.020,9.884,0.03,-0.11,0.03
32.40,0.618,0.036,9.828,-0.04,0.01,0.05
32.42,0.610,-0.071,9.766,0.13,0.12,0.07
32.44,0.509,0.037,9.790,0.09,0.09,0.03
32.46,0.598,0.012,9.787,-0.04,0.23,-0.08
32.48,0.469,-0.033,9.809,-0.13,-0.01,-0.06
32.50,0.524,0.046,9.887,0.05,0.06,0.27
32.52,0.572,0.048,9.711,-0.13,-0.01,0.20
32.54,0.572,0.009,9.800,0.04,-0.07,0.07
32.56,0.533,-0.028,9.754,0.05,0.03,0.02
32.58,0.616,-0.008,9.863,-0.05,-0.04,-0.11
32.60,0.562,0.027,9.838,0.10,-0.15,0.14
32.62,0.606,0.030,9.804,-0.00,0.07,-0.09
32.64,0.533,-0.013,9.841,0.12,0.04,0.03
32.66,0.534,0.022,9.766,-0.00,-0.11,0.06
32.68,0.591,0.037,9.807,0.11,-0.14,0.06
32.70,0.550,0.022,9.768,-0.14,0.02,-0.09
32.72,0.618,0.013,9.825,-0.09,-0.02,-0.12
32.74,0.553,0.027,9.908,-0.07,-0.08,0.02
32.76,0.598,-0.038,9.763,-0.17,0.15,-0.13
32.78,0.562,-0.073,9.810,0.04,-0.09,-0.10
32.80,0.541,0.027,9.841,-0.11,0.07,-0.20
32.82,0.494,-0.006,9.788,0.05,-0.00,0.07
32.84,0.565,0.056,9.812,-0.17,0.07,-0.13
32.86,0.567,0.063,9.718,-0.01,0.23,0.04
32.88,0.569,0.065,9.720,0.02,0.09,0.16
32.90,0.452,-0.018,9.782,0.15,0.06,-0.10
32.92,0.642,0.048,9.743,0.16,-0.14,-0.02
32.94,0.608,-0.035,9.760,0.00,-0.11,0.10
32.96,0.544,-0.045,9.809,0.01,0.10,-0.06
32.98,0.543,-0.039,9.826,-0.22,-0.07,0.03
33.00,0.526,-0.023,9.854,0.09,-0.03,-0.06
33.02,0.592,-0.021,9.798,-0.20,0.05,0.06
33.04,0.501,-0.020,9.876,0.10,0.03,0.03
33.06,0.598,-0.026,9.779,-0.07,0.13,0.04
33.08,0.459,-0.000,9.778,-0.08,0.07,-0.04
33.10,0.541,0.063,9.839,0.05,-0.13,0.29
33.12,0.576,0.027,9.813,0.09,0.15,-0.06
33.14,0.566,0.005,9.880,-0.09,0.00,-0.06
33.16,0.587,0.009,9.842,-0.04,-0.09,-0.16
33.18,0.549,-0.091,9.798,-0.10,0.11,0.02
33.20,0.695,0.005,9.835,0.22,0.04,0.18
33.22,0.581,0.045,9.784,-0.04,0.21,-0.18
33.24,0.625,0.080,9.775,0.06,-0.03,0.08
33.26,0.514,0.048,9.844,-0.07,-0.10,0.01
33.28,0.513,-0.037,9.797,0.02,0.03,0.02
33.30,0.666,-0.015,9.789,-0.05,-0.06,-0.08
33.32,0.545,-0.006,9.834,-0.07,-0.08,-0.04
33.34,0.548,-0.097,9.777,0.09,0.01,-0.08
33.36,0.495,-0.007,9.684,0.03,-0.06,-0.02
33.38,0.576,-0.002,9.886,0.16,0.12,-0.07
33.40,0.604,-0.025,9.824,0.08,0.18,0.02
33.42,0.577,0.109,9.784,0.01,0.14,0.04
33.44,0.536,-0.012,9.849,-0.02,-0.11,-0.06
33.46,0.580,-0.058,9.777,0.00,0.01,-0.04
33.48,0.633,0.084,9.820,0.08,0.06,0.04
33.50,0.546,-0.037,9.890,-0.01,-0.05,-0.09
33.52,0.608,-0.060,9.773,0.14,-0.05,0.21
33.54,0.578,0.037,9.917,0.02,0.14,0.09
33.56,0.630,-0.026,9.836,0.07,0.04,-0.04
33.58,0.567,0.052,9.872,-0.05,0.10,0.11
33.60,0.518,0.054,9.760,-0.00,-0.07,0.19
33.62,0.574,0.056,9.745,-0.04,0.11,-0.10
33.64,0.577,0.003,9.887,-0.11,-0.01,-0.01
33.66,0.534,-0.091,9.926,-0.02,-0.17,0.13
33.68,0.599,0.004,9.842,0.08,-0.03,0.03
33.70,0.459,0.018,9.746,-0.00,-0.08,-0.04
33.72,0.600,-0.078,9.873,-0.09,-0.02,0.01
33.74,0.592,-0.059,9.769,-0.01,-0.02,0.17
33.76,0.458,-0.027,9.798,-0.18,0.01,-0.10
33.78,0.510,0.016,9.873,-0.12,0.15,0.04
33.80,0.536,0.040,9.766,0.12,0.03,0.11
33.82,0.580,0.035,9.878,0.01,0.04,-0.08
33.84,0.557,0.112,9.813,0.09,-0.05,-0.24
33.86,0.563,-0.025,9.743,-0.02,-0.09,0.14
33.88,0.548,0.043,9.831,-0.08,-0.05,0.09
33.90,0.625,-0.011,9.801,0.07,0.07,-0.01
33.92,0.551,-0.008,9.908,-0.23,0.00,0.02
33.94,0.679,0.079,9.805,-0.08,0.02,0.09
33.96,0.563,-0.034,9.794,-0.08,-0.13,-0.03
33.98,0.582,-0.013,9.822,-0.07,-0.07,0.03
34.00,0.577,0.006,9.748,0.16,-0.18,-0.03
34.02,0.553,-0.049,9.822,-0.07,-0.09,0.01
34.04,0.549,0.022,9.777,0.07,0.03,-0.13
34.06,0.518,-0.025,9.943,0.10,0.07,0.01
34.08,0.534,-0.017,9.784,-0.10,-0.09,-0.05
34.10,0.567,-0.060,9.776,0.02,-0.16,-0.04
34.12,0.547,-0.038,9.920,0.07,-0.09,-0.21
34.14,0.582,-0.038,9.744,-0.04,-0.12,0.00
34.16,0.489,-0.025,9.797,0.13,-0.01,0.08
34.18,0.512,0.019,9.767,0.06,0.07,0.05
34.20,0.613,0.058,9.785,0.02,-0.12,-0.06
34.22,0.579,0.028,9.781,0.19,-0.16,-0.12
34.24,0.500,-0.021,9.711,-0.14,0.03,0.13
34.26,0.510,0.010,9.703,-0.03,-0.01,-0.09
34.28,0.577,0.005,9.790,0.04,0.02,-0.05
34.30,0.505,-0.009,9.861,0.05,-0.00,0.05
34.32,0.508,0.039,9.760,-0.12,-0.01,0.12
34.34,0.547,0.083,9.881,0.12,-0.03,0.05
34.36,0.524,0.015,9.840,0.21,-0.05,0.03
34.38,0.504,0.027,9.777,-0.03,-0.00,0.02
34.40,0.504,-0.033,9.840,0.06,0.06,-0.13
34.42,0.538,-0.028,9.730,-0.04,0.11,-0.10
34.44,0.561,0.126,9.745,0.05,-0.01,-0.07
34.46,0.550,0.037,9.851,-0.04,0.04,-0.12
34.48,0.563,0.048,9.791,-0.06,0.01,0.09
34.50,0.419,-0.067,9.796,0.21,0.04,0.12
34.52,0.634,0.022,9.794,0.13,-0.06,0.17
34.54,0.606,-0.054,9.824,-0.05,-0.08,0.08
34.56,0.604,-0.005,9.778,0.02,-0.06,-0.04
34.58,0.569,-0.104,9.889,-0.07,-0.04,-0.01
34.60,0.517,-0.095,9.760,-0.02,0.02,0.03
34.62,0.517,-0.048,9.795,0.07,0.08,0.00
34.64,0.516,-0.031,9.767,-0.12,-0.11,-0.17
34.66,0.576,-0.041,9.772,0.05,-0.02,0.13
34.68,0.565,0.005,9.803,-0.04,-0.14,0.08
34.70,0.615,0.072,9.762,-0.02,0.09,-0.03
34.72,0.547,0.021,9.811,-0.01,-0.10,0.04
34.74,0.615,-0.024,9.750,0.09,-0.11,0.17
34.76,0.581,0.023,9.832,0.15,0.06,0.10
34.78,0.573,0.032,9.764,-0.07,0.00,-0.03
34.80,0.567,0.049,9.857,-0.11,-0.05,-0.03
34.82,0.518,-0.082,9.880,-0.15,-0.08,-0.04
34.84,0.496,0.012,9.849,0.09,-0.27,0.14
34.86,0.419,0.009,9.805,-0.01,-0.12,-0.09
34.88,0.432,0.002,9.864,-0.02,0.01,0.04
34.90,0.362,0.012,9.920,0.04,-0.01,0.02
34.92,0.278,-0.004,9.843,0.04,-0.09,-0.10
34.94,0.263,0.052,9.747,0.04,-0.07,0.05
34.96,0.376,0.056,9.795,0.07,0.06,0.02
34.98,0.286,-0.074,9.777,0.08,0.07,0.01
35.00,0.284,-0.027,9.774,-0.17,0.06,0.14
35.02,0.248,0.118,9.846,0.17,0.02,-0.04
35.04,0.317,-0.025,9.836,-0.00,0.04,-0.02
35.06,0.224,0.049,9.856,0.06,-0.16,0.15
35.08,0.134,0.022,9.883,0.02,0.11,0.16
35.10,0.170,0.019,9.854,0.03,-0.03,0.08
35.12,0.127,0.018,9.828,0.10,0.07,0.08
35.14,0.165,0.024,9.752,-0.10,0.21,-0.21
35.16,0.097,0.068,9.789,0.23,-0.01,0.02
35.18,0.107,0.011,9.865,-0.18,0.02,0.06
35.20,0.017,0.017,9.833,0.07,0.18,0.22
35.22,0.020,-0.057,9.804,-0.23,0.02,-0.08
35.24,0.100,0.121,9.867,-0.00,-0.03,0.05
35.26,0.007,-0.017,9.768,-0.11,0.14,-0.05
35.28,-0.102,0.071,9.784,0.05,0.05,0.01
35.30,0.037,0.033,9.716,0.11,-0.03,-0.04
35.32,0.057,-0.002,9.769,0.12,-0.05,0.06
35.34,0.058,-0.072,9.775,-0.10,-0.04,0.04
35.36,0.053,-0.037,9.845,-0.13,-0.20,-0.11
35.38,0.035,0.046,9.753,0.10,0.00,0.05
35.40,-0.069,0.094,9.749,0.06,-0.12,-0.04
35.42,-0.017,-0.017,9.770,0.00,-0.05,0.03
35.44,0.015,-0.049,9.833,-0.03,-0.02,-0.01
35.46,-0.061,0.006,9.712,0.12,0.02,0.07
35.48,0.026,0.079,9.795,-0.05,0.10,-0.08
35.50,0.038,-0.045,9.814,0.02,0.05,0.22
35.52,0.100,0.029,9.788,0.09,0.03,0.07
35.54,-0.033,0.101,9.776,-0.11,-0.08,0.03
35.56,0.002,0.023,9.835,0.07,-0.05,-0.07
35.58,-0.037,0.048,9.803,-0.03,0.04,-0.09
35.60,-0.044,0.020,9.870,-0.03,-0.01,-0.14
35.62,-0.030,-0.049,9.839,-0.01,-0.04,0.08
35.64,0.062,0.051,9.807,-0.08,-0.08,-0.12
35.66,-0.049,-0.085,9.777,-0.05,-0.03,-0.02
35.68,-0.028,0.006,9.913,0.06,0.01,-0.04
35.70,-0.003,-0.010,9.754,-0.11,0.15,-0.05
35.72,0.066,0.011,9.814,-0.03,0.07,0.09
35.74,0.113,-0.025,9.838,0.03,-0.06,-0.02
35.76,-0.024,0.047,9.814,-0.01,-0.09,-0.08
35.78,0.008,-0.023,9.796,-0.11,0.02,-0.04
35.80,0.066,0.055,9.745,0.01,0.02,-0.12
35.82,0.010,-0.018,9.852,-0.05,0.04,0.02
35.84,0.047,-0.020,9.765,-0.04,-0.03,-0.01
35.86,-0.046,0.024,9.828,0.26,-0.04,0.07
35.88,0.094,0.025,9.816,0.04,-0.07,-0.24
35.90,-0.019,0.025,9.788,0.11,-0.01,0.20
35.92,-0.007,-0.038,9.774,0.15,0.16,-0.08
35.94,0.023,0.030,9.796,0.04,-0.03,0.13
35.96,0.048,-0.066,9.735,0.12,-0.17,0.01
35.98,-0.002,0.016,9.777,-0.05,0.14,0.15
36.00,-0.027,0.012,9.787,0.11,0.10,0.06
36.02,0.015,-0.079,9.777,0.13,-0.12,0.25
36.04,0.040,-0.040,9.852,-0.03,-0.11,-0.02
36.06,-0.005,-0.035,9.751,-0.03,0.07,-0.07
36.08,-0.028,-0.009,9.727,-0.06,-0.03,-0.12
36.10,0.023,0.076,9.811,-0.06,-0.13,0.01
36.12,0.061,0.029,9.829,0.05,-0.00,-0.03
36.14,-0.017,0.013,9.859,0.07,0.16,0.11
36.16,-0.072,-0.022,9.768,0.07,-0.10,0.09
36.18,0.062,0.034,9.920,0.03,0.08,-0.07
36.20,-0.040,-0.050,9.712,-0.14,-0.04,-0.01
36.22,-0.037,0.047,9.803,-0.14,0.03,-0.03
36.24,0.035,0.002,9.879,0.14,0.00,-0.14
36.26,-0.012,-0.001,9.854,-0.11,0.18,0.10
36.28,-0.030,0.002,9.872,0.01,0.04,0.13
36.30,-0.009,-0.123,9.752,-0.11,0.02,-0.00
36.32,0.042,0.014,9.782,-0.01,-0.01,0.07
36.34,0.025,0.019,9.825,-0.07,0.11,-0.12
36.36,0.002,-0.059,9.744,-0.06,0.18,0.17
36.38,0.023,0.011,9.830,-0.08,0.06,0.09
36.40,-0.032,0.012,9.778,0.12,0.12,0.10
36.42,-0.064,-0.006,9.834,0.17,0.05,0.11
36.44,-0.006,0.013,9.734,-0.09,-0.03,0.04
36.46,-0.005,0.041,9.764,0.23,0.03,0.22
36.48,-0.008,0.098,9.816,-0.15,0.04,-0.05
36.50,0.092,-0.009,9.808,0.05,-0.06,0.00
36.52,-0.037,-0.113,9.768,0.00,-0.01,0.08
36.54,0.000,-0.017,9.840,0.01,0.07,-0.00
36.56,-0.016,0.048,9.822,-0.17,-0.10,0.10
36.58,-0.009,-0.002,9.810,0.07,-0.16,0.07
36.60,-0.055,0.049,9.810,0.08,-0.17,-0.03
36.62,-0.024,0.021,9.833,-0.18,0.15,0.05
36.64,-0.014,0.029,9.833,0.05,0.14,0.17
36.66,0.039,-0.023,9.899,-0.18,-0.05,-0.23
36.68,0.002,-0.025,9.844,0.05,-0.16,0.12
36.70,-0.026,-0.002,9.832,-0.04,0.04,-0.03
36.72,-0.020,-0.050,9.760,-0.12,-0.01,0.03
36.74,0.041,0.001,9.889,-0.10,-0.02,-0.01
36.76,-0.048,-0.045,9.813,-0.04,0.13,0.13
36.78,-0.036,-0.119,9.820,-0.12,0.16,0.04
36.80,-0.037,-0.132,9.798,-0.11,-0.10,-0.14
36.82,0.050,0.000,9.801,0.13,-0.03,0.09
36.84,0.049,-0.001,9.785,-0.02,0.02,0.06
36.86,0.030,0.027,9.732,0.04,-0.03,-0.00
36.88,0.088,-0.009,9.778,0.13,0.03,-0.04
36.90,0.130,0.082,9.876,-0.13,-0.05,0.04
36.92,0.077,0.008,9.762,0.03,-0.25,-0.03
36.94,-0.017,0.001,9.836,0.07,-0.03,-0.12
36.96,-0.007,0.034,9.799,-0.10,-0.12,-0.06
36.98,-0.096,0.052,9.910,0.03,0.02,0.14
37.00,-0.009,0.043,9.825,-0.14,0.01,-0.04
37.02,-0.090,-0.037,9.754,0.06,-0.14,-0.03
37.04,0.031,0.076,9.823,0.08,-0.01,0.03
37.06,-0.066,0.025,9.800,0.15,-0.02,-0.07
37.08,0.045,-0.034,9.710,0.09,-0.05,0.07
37.10,0.023,-0.038,9.834,-0.10,0.03,0.07
37.12,0.019,-0.098,9.802,-0.03,-0.04,-0.10
37.14,-0.038,-0.005,9.850,0.13,0.02,0.02
37.16,-0.021,0.015,9.913,-0.01,-0.09,0.01
37.18,-0.099,0.009,9.754,-0.03,0.02,0.08
37.20,0.014,0.027,9.876,-0.03,-0.03,0.18
37.22,-0.043,-0.038,9.845,-0.05,-0.14,0.03
37.24,0.090,-0.080,9.881,0.08,0.07,0.08
37.26,-0.008,0.067,9.803,0.13,-0.13,-0.00
37.28,0.149,0.015,9.748,0.16,0.16,0.03
37.30,-0.093,-0.015,9.804,0.00,-0.08,-0.07
37.32,0.018,0.009,9.768,-0.02,-0.01,0.01
37.34,0.064,0.021,9.830,-0.08,0.12,0.17
37.36,0.041,-0.000,9.880,0.04,0.08,0.04
37.38,0.015,-0.018,9.764,-0.03,0.03,-0.01
37.40,0.038,-0.014,9.781,0.15,0.04,0.11
37.42,-0.082,-0.059,9.808,0.00,0.29,-0.02
37.44,-0.073,0.060,9.850,-0.02,-0.14,0.01
37.46,0.065,-0.012,9.823,-0.13,-0.08,0.05
37.48,0.021,-0.075,9.779,0.17,0.05,0.13
37.50,-0.015,-0.029,9.871,0.24,0.07,-0.05
37.52,-0.003,0.013,9.817,0.09,-0.11,0.06
37.54,0.013,0.056,9.692,0.09,0.23,-0.05
37.56,-0.007,0.078,9.806,0.00,0.08,-0.04
37.58,0.117,0.008,9.823,-0.08,-0.04,-0.11
37.60,-0.007,-0.062,9.799,-0.00,0.01,0.13
37.62,0.008,-0.022,9.711,-0.16,-0.12,0.07
37.64,0.043,0.020,9.836,0.15,0.01,0.09
37.66,0.103,-0.064,9.853,0.02,-0.08,0.09
37.68,0.062,-0.027,9.811,0.07,0.04,-0.06
37.70,0.017,0.040,9.845,0.03,-0.06,0.06
37.72,-0.048,0.046,9.808,-0.10,0.15,-0.09
37.74,0.104,0.007,9.824,-0.06,0.05,0.02
37.76,0.021,-0.007,9.770,-0.01,0.08,0.03
37.78,0.101,0.031,9.740,0.00,-0.06,0.21
37.80,-0.020,0.024,9.817,-0.06,-0.07,0.03
37.82,0.034,-0.002,9.807,0.22,0.01,0.03
37.84,-0.087,0.083,9.844,0.01,-0.06,0.04
37.86,-0.057,-0.083,9.734,-0.00,0.03,-0.05
37.88,0.014,0.037,9.911,0.08,-0.15,0.03
37.90,-0.000,-0.026,9.866,-0.11,0.02,-0.05
37.92,0.058,-0.084,9.736,0.08,-0.05,-0.04
37.94,0.000,-0.007,9.822,-0.03,-0.07,-0.00
37.96,0.162,-0.053,9.845,0.02,0.03,0.03
37.98,-0.085,-0.013,9.884,0.05,0.10,-0.10
38.00,0.052,-0.041,9.818,0.13,-0.06,-0.09
38.02,0.046,0.055,9.823,0.01,0.23,0.03
38.04,0.005,-0.012,9.734,-0.02,0.03,0.05
38.06,-0.015,0.003,9.790,0.03,0.03,-0.01
38.08,-0.036,0.121,9.867,0.06,-0.08,-0.13
38.10,0.062,-0.046,9.801,-0.14,0.02,-0.03
38.12,-0.022,0.013,9.730,-0.00,-0.05,0.08
38.14,-0.010,0.008,9.843,0.02,-0.09,-0.06
38.16,0.078,0.025,9.863,-0.02,-0.06,-0.08
38.18,0.005,0.041,9.846,0.13,0.01,0.11
38.20,-0.078,0.043,9.780,0.03,-0.08,-0.14
38.22,-0.011,-0.086,9.818,-0.05,0.08,0.08
38.24,0.054,-0.047,9.766,-0.03,-0.15,-0.05
38.26,0.070,0.024,9.860,-0.08,-0.12,-0.15
38.28,0.031,0.072,9.778,-0.13,0.06,0.10
38.30,-0.045,-0.037,9.841,0.03,-0.14,-0.06
38.32,-0.018,0.045,9.789,0.09,0.04,-0.05
38.34,0.106,0.003,9.811,-0.12,-0.13,-0.09
38.36,-0.022,0.025,9.899,-0.11,-0.09,-0.03
38.38,-0.005,-0.020,9.752,-0.04,0.27,0.05
38.40,-0.034,-0.064,9.791,0.11,-0.08,0.01
38.42,0.121,-0.012,9.845,0.05,-0.02,0.07
38.44,0.035,0.022,9.838,-0.13,-0.03,0.16
38.46,0.004,-0.052,9.752,0.18,0.13,-0.03
38.48,-0.035,0.009,9.825,0.13,-0.04,0.23
38.50,-0.012,-0.048,9.866,0.01,0.01,0.04
38.52,-0.021,0.004,9.810,0.10,0.05,0.08
38.54,0.067,0.010,9.855,0.33,0.11,-0.06
38.56,-0.039,-0.046,9.869,0.04,0.10,0.07
38.58,0.027,0.049,9.836,0.08,-0.04,0.03
38.60,-0.024,-0.030,9.803,-0.09,-0.10,0.02
38.62,-0.059,-0.005,9.809,-0.12,-0.04,-0.00
38.64,-0.030,-0.003,9.798,0.04,-0.07,0.02
38.66,0.014,0.037,9.897,0.09,-0.00,0.28
38.68,-0.032,-0.026,9.869,-0.18,-0.02,0.09
38.70,0.010,-0.024,9.792,0.18,-0.05,-0.10
38.72,-0.063,0.081,9.850,0.13,-0.01,-0.19
38.74,0.002,0.066,9.825,-0.01,-0.11,0.03
38.76,-0.011,0.023,9.869,-0.07,0.06,-0.04
38.78,-0.046,0.102,9.784,0.09,-0.00,-0.03
38.80,0.015,-0.097,9.782,-0.01,0.12,-0.22
38.82,-0.040,-0.012,9.828,0.06,-0.14,-0.02
38.84,0.103,0.025,9.715,0.22,-0.10,-0.01
38.86,0.077,0.097,9.829,0.05,-0.10,0.16
38.88,0.006,0.042,9.801,-0.17,-0.12,-0.08
38.90,-0.019,-0.043,9.822,0.10,0.04,-0.11
38.92,0.009,0.059,9.787,-0.15,0.17,0.12
38.94,-0.012,-0.006,9.847,-0.19,-0.22,0.06
38.96,0.047,-0.037,9.836,-0.01,0.23,0.01
38.98,0.035,-0.058,9.875,0.03,0.05,-0.16
39.00,-0.027,0.031,9.850,-0.19,0.16,0.02
39.02,0.050,-0.030,9.770,0.02,0.09,-0.04
39.04,-0.040,-0.019,9.847,0.03,0.13,-0.03
39.06,-0.071,0.011,9.807,-0.09,0.03,0.17
39.08,-0.004,-0.037,9.845,0.05,-0.07,-0.07
39.10,-0.002,0.000,9.786,0.01,-0.00,0.07
39.12,-0.020,-0.007,9.817,-0.16,-0.12,-0.06
39.14,-0.052,0.034,9.881,-0.18,-0.09,0.04
39.16,0.052,-0.056,9.748,-0.01,-0.06,0.03
39.18,0.010,0.070,9.784,0.01,0.18,0.06
39.20,-0.031,0.032,9.696,0.12,0.11,-0.02
39.22,-0.000,-0.046,9.753,-0.09,-0.00,-0.00
39.24,-0.080,-0.043,9.940,-0.04,-0.04,-0.11
39.26,0.033,-0.046,9.832,0.02,0.02,-0.07
39.28,0.055,0.050,9.830,0.03,-0.02,0.02
39.30,0.026,-0.042,9.921,-0.02,0.12,0.00
39.32,-0.025,-0.021,9.831,-0.01,-0.01,-0.01
39.34,0.035,0.071,9.876,-0.06,-0.04,0.10
39.36,0.047,0.031,9.710,0.02,0.05,0.10
39.38,0.005,0.019,9.760,0.02,-0.08,0.11
39.40,0.104,0.002,9.852,-0.17,-0.16,-0.03
39.42,-0.002,-0.038,9.761,-0.12,0.05,0.06
39.44,0.016,0.066,9.730,-0.09,0.01,0.02
39.46,-0.045,-0.029,9.789,-0.11,-0.06,0.01
39.48,0.003,0.032,9.789,0.14,0.00,0.07
39.50,-0.029,0.061,9.803,0.12,0.01,0.10
39.52,0.050,0.035,9.789,0.06,-0.09,-0.04
39.54,0.051,0.013,9.843,0.02,0.04,0.03
39.56,0.111,0.007,9.788,0.05,-0.03,0.06
39.58,0.003,0.014,9.866,0.08,0.03,0.07
39.60,-0.001,0.042,9.798,0.04,0.03,0.11
39.62,-0.042,0.034,9.803,0.01,0.06,0.37
39.64,-0.017,0.041,9.804,0.08,-0.05,-0.01
39.66,0.032,-0.050,9.776,0.14,0.10,-0.08
39.68,0.020,-0.003,9.810,-0.01,-0.00,-0.15
39.70,-0.057,0.105,9.815,0.03,-0.09,-0.15
39.72,-0.046,0.015,9.855,0.08,-0.09,-0.16
39.74,0.038,-0.029,9.932,0.19,-0.02,0.11
39.76,0.006,-0.063,9.849,0.11,-0.12,0.04
39.78,0.004,0.007,9.711,-0.01,0.02,0.00
39.80,-0.035,-0.027,9.900,-0.20,-0.13,0.02
39.82,0.099,-0.051,9.808,-0.14,-0.19,0.01
39.84,0.051,0.038,9.843,0.02,0.10,0.22
39.86,-0.064,-0.021,9.764,0.09,0.13,-0.06
39.88,-0.087,-0.061,9.784,-0.10,0.05,-0.05
39.90,-0.044,-0.009,9.823,-0.15,-0.01,0.06
39.92,-0.027,-0.003,9.867,-0.08,0.09,0.00
39.94,0.096,0.009,9.780,-0.20,-0.08,-0.05
39.96,0.012,0.056,9.850,0.09,0.15,-0.12
39.98,0.031,0.002,9.819,0.06,0.02,-0.10
40.00,0.048,-0.024,9.836,0.00,-0.02,-0.05
40.02,-0.024,-0.036,9.772,-0.01,0.04,-0.11
40.04,-0.034,0.059,9.776,-0.01,-0.07,0.19
40.06,0.043,-0.039,9.694,-0.00,0.08,0.15
40.08,0.010,-0.047,9.808,-0.12,0.02,0.02
40.10,-0.002,0.025,9.846,0.05,-0.06,0.22
40.12,0.074,0.052,9.818,0.05,0.06,0.11
40.14,-0.069,0.037,9.811,0.17,-0.05,-0.04
40.16,0.059,-0.018,9.860,-0.04,0.02,0.09
40.18,0.066,0.065,9.827,0.03,0.09,0.02
40.20,0.059,-0.016,9.848,-0.04,-0.09,0.10
40.22,-0.017,-0.057,9.794,-0.12,-0.14,-0.02
40.24,-0.031,0.034,9.821,0.19,0.05,-0.05
40.26,0.017,0.068,9.697,-0.11,0.03,0.12
40.28,0.039,0.029,9.784,-0.10,0.02,0.12
40.30,0.027,0.061,9.831,0.03,-0.07,-0.09
40.32,-0.010,-0.003,9.748,-0.01,0.05,0.15
40.34,0.006,0.042,9.799,-0.10,0.02,0.02
40.36,0.024,-0.019,9.849,-0.00,0.05,-0.06
40.38,0.002,-0.005,9.862,0.03,0.06,-0.19
40.40,0.077,-0.100,9.879,0.07,0.01,0.07
40.42,0.026,0.135,9.794,0.03,0.12,0.11
40.44,-0.004,0.008,9.808,0.09,-0.09,-0.10
40.46,0.091,0.019,9.855,0.01,-0.06,-0.03
40.48,-0.033,-0.003,9.812,0.09,0.05,0.19
40.50,-0.060,-0.046,9.784,0.09,0.06,-0.13
40.52,0.026,0.114,9.848,-0.13,-0.01,0.01
40.54,0.060,-0.012,9.739,0.02,-0.10,-0.12
40.56,0.018,-0.054,9.774,0.03,-0.01,0.10
40.58,0.007,-0.087,9.777,0.06,0.09,-0.12
40.60,-0.030,-0.030,9.902,0.02,-0.07,0.10
40.62,-0.002,-0.063,9.843,0.02,-0.08,-0.01
40.64,0.020,0.069,9.806,0.01,-0.03,0.04
40.66,-0.041,0.007,9.756,-0.00,-0.16,0.01
40.68,-0.037,0.115,9.757,-0.05,-0.02,0.11
40.70,-0.007,-0.013,9.815,-0.14,0.04,-0.09
40.72,-0.003,0.087,9.813,-0.19,0.13,-0.06
40.74,-0.063,-0.025,9.754,0.06,0.13,-0.02
40.76,0.009,-0.053,9.788,-0.04,0.11,0.01
40.78,0.024,-0.054,9.862,-0.01,0.17,0.13
40.80,0.038,-0.001,9.800,-0.13,0.03,0.05
40.82,0.028,0.024,9.799,0.01,0.14,-0.09
40.84,-0.044,0.003,9.844,0.03,0.09,-0.01
40.86,-0.103,0.062,9.864,0.00,-0.04,0.08
40.88,-0.038,-0.022,9.808,0.17,-0.11,0.01
40.90,0.009,0.071,9.833,0.11,-0.20,0.02
40.92,0.107,-0.043,9.839,0.11,-0.21,-0.01
40.94,-0.012,-0.000,9.709,-0.11,-0.01,-0.05
40.96,-0.032,0.026,9.726,-0.09,0.14,0.01
40.98,0.054,0.081,9.800,0.01,0.14,0.05
41.00,-0.139,0.024,9.797,-0.26,0.22,0.11
41.02,0.026,0.014,9.905,-0.02,-0.13,0.18
41.04,-0.113,0.004,9.853,0.04,0.04,-0.01
41.06,-0.032,-0.009,9.834,0.17,-0.11,-0.10
41.08,-0.061,0.115,9.824,0.15,0.10,0.06
41.10,-0.017,-0.005,9.782,-0.11,0.24,-0.10
41.12,0.033,-0.009,9.819,-0.09,0.06,-0.03
41.14,-0.026,-0.024,9.908,0.03,0.16,0.00
41.16,-0.024,-0.019,9.849,-0.01,0.07,-0.14
41.18,-0.073,-0.000,9.823,0.03,0.13,-0.15
41.20,-0.027,0.053,9.795,0.05,0.09,0.08
41.22,-0.009,-0.009,9.696,0.36,-0.21,-0.11
41.24,0.044,-0.060,9.765,0.02,0.08,0.08
41.26,-0.057,0.045,9.860,0.02,-0.17,0.01
41.28,-0.092,-0.005,9.819,0.01,-0.12,0.06
41.30,-0.061,-0.019,9.889,-0.15,0.08,-0.05
41.32,0.002,-0.011,9.855,0.10,0.07,-0.07
41.34,-0.016,0.059,9.798,0.03,-0.03,-0.01
41.36,0.040,0.075,9.804,0.06,0.06,0.17
41.38,-0.006,-0.008,9.746,-0.04,0.06,-0.12
41.40,-0.020,-0.014,9.793,0.01,0.09,-0.11
41.42,0.020,-0.048,9.751,-0.19,-0.01,0.09
41.44,-0.064,0.101,9.789,0.12,-0.13,0.08
41.46,-0.000,-0.009,9.756,0.09,0.10,0.13
41.48,-0.031,-0.066,9.774,-0.06,0.09,0.06
41.50,-0.023,0.044,9.786,0.10,-0.07,-0.08
41.52,0.019,0.017,9.763,-0.08,0.13,-0.28
41.54,0.004,0.013,9.771,-0.16,-0.00,0.07
41.56,-0.012,0.006,9.837,0.02,0.02,0.06
41.58,-0.080,-0.043,9.873,0.12,-0.03,0.05
41.60,0.047,0.021,9.850,0.03,-0.15,-0.13
41.62,-0.048,0.053,9.838,-0.08,0.07,0.02
41.64,0.126,0.041,9.781,-0.13,0.15,-0.01
41.66,-0.074,-0.033,9.820,-0.03,0.11,-0.12
41.68,-0.016,-0.045,9.902,-0.07,0.14,0.16
41.70,-0.004,0.044,9.807,-0.11,0.21,0.17
41.72,-0.007,0.091,9.891,-0.02,0.03,0.16
41.74,-0.122,-0.021,9.775,-0.05,0.05,-0.05
41.76,0.043,-0.017,9.785,-0.00,-0.19,0.03
41.78,0.044,-0.071,9.733,-0.10,0.01,-0.00
41.80,0.122,-0.026,9.810,-0.30,0.18,0.05
41.82,0.019,-0.017,9.797,-0.15,0.07,-0.09
41.84,0.059,-0.019,9.863,-0.04,0.06,0.06
41.86,-0.014,-0.070,9.855,-0.07,0.12,-0.02
41.88,0.011,-0.027,9.827,0.01,-0.17,0.01
41.90,0.097,0.088,9.810,-0.05,-0.06,-0.03
41.92,0.069,0.023,9.729,-0.06,0.00,-0.23
41.94,0.050,0.047,9.880,-0.05,-0.10,0.01
41.96,0.022,0.048,9.874,0.02,-0.03,-0.07
41.98,0.002,-0.019,9.892,-0.08,-0.01,0.08
42.00,0.019,0.023,9.831,0.03,0.14,-0.02
42.02,-0.104,0.162,9.788,0.03,0.06,-0.10
42.04,0.079,0.135,9.921,0.03,-0.03,-0.28
42.06,-0.103,0.036,9.760,0.14,0.08,0.05
42.08,-0.095,-0.053,9.877,0.01,-0.05,-0.03
42.10,0.005,-0.071,9.866,-0.08,0.30,-0.16
42.12,0.057,0.010,9.806,-0.03,-0.04,0.04
42.14,0.079,-0.024,9.771,-0.03,-0.04,0.14
42.16,-0.039,0.041,9.738,-0.00,-0.05,-0.00
42.18,-0.074,0.001,9.820,-0.06,0.05,-0.05
42.20,0.015,-0.013,9.818,-0.16,0.01,0.03
42.22,0.095,0.029,9.848,0.01,0.00,0.19
42.24,0.012,-0.000,9.780,-0.10,-0.16,0.15
42.26,-0.034,-0.063,9.738,-0.02,-0.10,0.27
42.28,0.007,-0.035,9.826,0.17,0.01,0.32
42.30,-0.028,0.036,9.795,-0.11,0.08,0.17
42.32,-0.064,0.049,9.863,-0.03,0.01,-0.01
42.34,-0.005,-0.019,9.724,0.07,0.03,0.27
42.36,0.011,0.083,9.910,0.14,-0.02,0.16
42.38,0.014,0.139,9.848,0.05,-0.04,0.60
42.40,-0.093,0.079,9.782,-0.17,0.09,0.29
42.42,-0.074,0.062,9.775,-0.04,0.05,0.49
42.44,-0.051,0.089,9.884,0.11,-0.08,0.26
42.46,0.044,0.064,9.842,0.03,-0.03,0.21
42.48,-0.075,0.178,9.832,0.09,0.22,0.33
42.50,-0.057,0.101,9.841,0.02,-0.17,0.44
42.52,0.022,0.075,9.923,-0.01,0.15,0.38
42.54,-0.030,0.109,9.815,0.05,0.01,0.54
42.56,0.015,0.148,9.881,0.02,0.14,0.57
42.58,-0.026,0.049,9.830,0.04,0.02,0.52
42.60,0.021,0.119,9.877,0.10,0.02,0.61
42.62,0.037,0.119,9.876,0.04,0.17,0.69
42.64,-0.017,0.201,9.800,0.08,0.03,0.70
42.66,-0.048,0.249,9.761,-0.02,0.07,0.83
42.68,-0.039,0.196,9.854,0.12,-0.02,0.77
42.70,0.023,0.148,9.832,0.11,0.09,0.76
42.72,-0.037,0.164,9.771,-0.04,-0.06,0.71
42.74,-0.022,0.133,9.770,-0.16,-0.06,0.88
42.76,-0.062,0.151,9.773,-0.08,0.04,1.04
42.78,-0.013,0.216,9.817,0.00,-0.08,1.08
42.80,-0.017,0.209,9.816,0.06,-0.06,1.22
42.82,-0.005,0.195,9.825,0.13,-0.04,1.19
42.84,0.006,0.189,9.835,-0.02,-0.02,1.09
42.86,0.015,0.254,9.794,-0.09,0.01,1.33
42.88,0.090,0.239,9.791,-0.16,-0.11,1.28
42.90,-0.007,0.287,9.898,-0.09,0.05,1.51
42.92,-0.053,0.304,9.853,0.03,-0.14,1.45
42.94,-0.041,0.248,9.750,0.08,-0.05,1.63
42.96,-0.092,0.284,9.761,0.16,-0.05,1.68
42.98,0.022,0.309,9.825,0.09,0.08,1.74
43.00,0.075,0.353,9.731,-0.08,-0.07,1.68
43.02,0.029,0.369,9.748,-0.15,0.06,1.86
43.04,-0.021,0.403,9.849,0.01,-0.10,1.94
43.06,0.095,0.314,9.778,0.01,0.39,1.81
43.08,-0.044,0.393,9.802,-0.03,0.19,2.04
43.10,0.074,0.334,9.871,-0.13,-0.09,2.01
43.12,0.036,0.443,9.727,0.04,-0.05,2.10
43.14,0.003,0.496,9.815,-0.03,-0.12,2.18
43.16,-0.115,0.445,9.735,-0.02,0.12,2.24
43.18,0.019,0.540,9.809,-0.09,0.05,2.28
43.20,-0.001,0.527,9.886,0.12,0.20,2.35
43.22,-0.037,0.466,9.776,-0.01,-0.09,2.44
43.24,-0.008,0.509,9.824,0.01,0.04,2.69
43.26,0.048,0.558,9.833,0.05,0.34,2.57
43.28,0.054,0.553,9.733,-0.07,-0.09,2.75
43.30,0.037,0.596,9.826,-0.02,0.18,2.80
43.32,0.029,0.557,9.688,0.01,-0.23,2.77
43.34,-0.015,0.501,9.828,-0.05,-0.09,3.01
43.36,0.013,0.611,9.792,-0.03,-0.05,3.09
43.38,0.057,0.675,9.764,0.17,0.03,3.15
43.40,0.095,0.619,9.830,-0.03,0.06,3.49
43.42,0.059,0.626,9.829,-0.03,-0.04,3.23
43.44,0.100,0.622,9.827,-0.20,-0.10,3.48
43.46,0.022,0.674,9.747,0.09,-0.22,3.36
43.48,-0.020,0.626,9.797,0.13,-0.04,3.63
43.50,-0.016,0.618,9.866,0.07,-0.04,3.63
43.52,-0.024,0.674,9.834,0.04,0.01,3.69
43.54,-0.013,0.701,9.810,0.04,0.01,4.01
43.56,0.024,0.733,9.760,-0.08,-0.12,4.06
43.58,0.002,0.841,9.751,-0.07,0.14,4.08
43.60,-0.095,0.825,9.754,-0.06,-0.04,4.17
43.62,-0.008,0.873,9.796,-0.06,0.05,4.46
43.64,-0.033,0.922,9.828,0.02,-0.16,4.43
43.66,-0.083,0.905,9.789,0.12,0.06,4.63
43.68,-0.064,0.936,9.811,0.05,-0.18,4.81
43.70,-0.023,0.919,9.861,-0.07,0.05,4.66
43.72,0.064,0.903,9.770,0.02,0.09,4.79
43.74,-0.010,0.967,9.737,0.17,0.06,4.97
43.76,0.040,0.971,9.856,0.13,-0.17,5.07
43.78,0.023,1.004,9.837,-0.04,-0.11,4.90
43.80,-0.040,0.961,9.774,-0.16,-0.04,5.08
43.82,-0.002,1.052,9.768,-0.04,0.11,5.45
43.84,-0.001,0.986,9.875,0.03,-0.06,5.29
43.86,0.032,1.086,9.868,0.07,0.10,5.36
43.88,-0.026,1.096,9.799,-0.07,0.23,5.49
43.90,0.090,1.132,9.768,0.12,0.13,5.74
43.92,0.028,1.193,9.780,-0.04,0.04,5.80
43.94,-0.066,1.218,9.811,-0.20,0.04,5.84
43.96,0.073,1.179,9.846,-0.08,0.10,5.96
43.98,0.046,1.260,9.794,0.16,-0.10,6.10
44.00,0.021,1.220,9.837,-0.08,0.10,6.31
44.02,-0.144,1.292,9.854,0.05,0.07,6.33
44.04,0.004,1.292,9.792,-0.03,0.07,6.51
44.06,0.013,1.314,9.697,0.11,-0.08,6.47
44.08,0.059,1.330,9.854,-0.12,0.02,6.47
44.10,0.044,1.343,9.773,-0.18,-0.00,6.75
44.12,0.107,1.379,9.786,0.07,0.12,6.75
44.14,-0.099,1.424,9.769,0.06,-0.12,7.19
44.16,-0.023,1.311,9.860,0.02,0.01,7.13
44.18,0.028,1.385,9.779,0.16,0.09,7.25
44.20,0.074,1.403,9.851,0.16,-0.02,7.31
44.22,0.032,1.481,9.822,-0.07,-0.16,7.39
44.24,-0.002,1.441,9.909,-0.12,-0.04,7.50
44.26,-0.063,1.452,9.776,0.02,0.04,7.56
44.28,-0.083,1.440,9.864,-0.02,0.12,7.72
44.30,0.034,1.527,9.732,-0.16,0.12,7.75
44.32,-0.063,1.539,9.837,0.02,-0.06,7.90
44.34,0.080,1.580,9.815,0.04,-0.10,8.21
44.36,-0.012,1.566,9.821,-0.08,-0.05,8.14
44.38,0.027,1.523,9.826,0.08,-0.06,8.33
44.40,-0.052,1.688,9.844,0.07,0.05,8.53
44.42,-0.048,1.701,9.767,-0.04,0.15,8.50
44.44,0.057,1.703,9.807,0.05,0.01,8.58
44.46,-0.029,1.713,9.849,0.09,-0.06,8.73
44.48,-0.056,1.773,9.744,0.10,-0.05,9.03
44.50,0.021,1.774,9.785,0.00,0.05,8.90
44.52,-0.062,1.716,9.830,0.04,-0.04,8.96
44.54,0.047,1.695,9.722,-0.00,-0.03,9.10
44.56,-0.023,1.844,9.753,-0.07,-0.17,9.31
44.58,0.011,1.870,9.825,-0.08,-0.01,9.41
44.60,-0.051,1.885,9.862,-0.05,-0.08,9.54
44.62,-0.075,1.805,9.772,0.10,-0.19,9.70
44.64,0.005,1.900,9.850,0.09,0.03,9.73
44.66,0.035,1.963,9.830,0.05,-0.06,10.10
44.68,-0.042,1.986,9.854,0.03,0.08,9.95
44.70,-0.038,1.887,9.851,-0.13,0.05,10.14
44.72,-0.001,1.976,9.833,-0.01,0.11,10.13
44.74,-0.054,2.000,9.815,-0.02,-0.02,10.07
44.76,-0.078,2.005,9.856,0.01,0.01,10.37
44.78,-0.010,2.089,9.823,0.22,0.08,10.40
44.80,-0.014,2.094,9.727,-0.05,-0.09,10.68
44.82,-0.027,2.152,9.805,-0.02,-0.04,10.81
44.84,-0.046,2.129,9.800,-0.05,0.11,10.80
44.86,-0.005,2.152,9.868,0.07,0.16,10.82
44.88,-0.033,2.133,9.788,0.03,0.00,11.11
44.90,0.081,2.146,9.863,-0.01,0.05,11.20
44.92,-0.017,2.169,9.745,0.00,0.04,11.51
44.94,0.015,2.252,9.841,-0.10,-0.00,11.44
44.96,-0.020,2.142,9.819,0.11,0.18,11.55
44.98,0.055,2.291,9.754,0.04,0.06,11.77
45.00,0.011,2.303,9.767,0.04,0.01,11.74
45.02,0.018,2.298,9.784,0.07,-0.06,11.89
45.04,0.025,2.285,9.827,0.14,-0.02,12.13
45.06,0.039,2.318,9.827,-0.12,-0.01,12.11
45.08,0.025,2.449,9.759,0.06,0.02,12.21
45.10,0.031,2.390,9.826,0.00,0.01,12.35
45.12,-0.108,2.323,9.796,0.08,-0.12,12.43
45.14,-0.040,2.480,9.803,-0.09,0.12,12.51
45.16,-0.039,2.505,9.841,-0.03,0.08,12.54
45.18,0.049,2.418,9.789,-0.18,-0.13,12.63
45.20,-0.066,2.565,9.856,0.06,0.12,12.89
45.22,0.034,2.512,9.767,0.02,-0.06,13.01
45.24,-0.033,2.545,9.808,0.16,0.07,13.05
45.26,-0.075,2.533,9.807,0.01,0.14,13.05
45.28,-0.104,2.579,9.814,-0.11,-0.15,13.27
45.30,-0.037,2.556,9.819,-0.05,0.04,13.31
45.32,0.090,2.512,9.796,-0.00,0.01,13.52
45.34,0.064,2.711,9.797,0.13,0.13,13.60
45.36,0.000,2.625,9.746,0.04,0.03,13.71
45.38,-0.029,2.675,9.804,-0.16,0.10,13.53
45.40,0.025,2.629,9.768,0.04,-0.14,13.78
45.42,-0.016,2.814,9.892,-0.18,0.18,13.73
45.44,-0.064,2.691,9.839,-0.20,-0.07,13.95
45.46,-0.007,2.729,9.840,-0.03,-0.01,13.98
45.48,-0.011,2.751,9.777,-0.08,-0.00,14.39
45.50,0.000,2.777,9.745,-0.09,0.10,14.36
45.52,-0.036,2.699,9.808,-0.15,0.06,14.40
45.54,-0.032,2.801,9.779,0.10,-0.08,14.62
45.56,-0.044,2.836,9.843,-0.11,-0.16,14.56
45.58,-0.022,2.970,9.752,-0.05,-0.01,14.70
45.60,0.013,2.894,9.805,-0.10,0.02,14.69
45.62,0.039,2.809,9.836,-0.01,0.08,14.67
45.64,0.056,2.850,9.784,0.04,0.04,14.90
45.66,-0.027,2.955,9.782,-0.07,0.05,15.00
45.68,0.095,2.919,9.726,-0.17,-0.05,14.90
45.70,0.014,2.937,9.758,-0.18,0.13,15.20
45.72,-0.039,2.994,9.800,-0.18,0.24,15.35
45.74,0.071,2.998,9.809,0.11,0.04,15.25
45.76,-0.002,3.060,9.814,0.09,-0.11,15.41
45.78,0.108,3.028,9.774,-0.18,-0.19,15.47
45.80,-0.042,2.956,9.820,0.02,0.02,15.56
45.82,-0.028,3.002,9.826,0.23,-0.02,15.68
45.84,-0.076,3.068,9.839,-0.07,0.01,15.60
45.86,0.019,3.113,9.863,0.16,0.04,15.82
45.88,0.006,3.042,9.786,-0.19,-0.02,15.83
45.90,0.013,3.059,9.751,0.03,0.20,16.26
45.92,-0.001,3.022,9.766,-0.06,0.16,16.13
45.94,-0.076,3.086,9.775,-0.13,-0.12,16.11
45.96,-0.066,3.121,9.792,-0.00,-0.03,16.12
45.98,0.002,3.183,9.809,0.10,0.01,16.28
46.00,0.030,3.168,9.796,0.07,0.04,16.21
46.02,0.049,3.076,9.802,-0.11,0.00,16.38
46.04,0.017,3.083,9.829,-0.11,-0.06,16.27
46.06,0.029,3.133,9.871,0.09,-0.16,16.46
46.08,-0.000,3.206,9.807,-0.07,-0.02,16.44
46.10,-0.073,3.333,9.776,-0.18,-0.06,16.68
46.12,0.072,3.277,9.766,-0.02,0.01,16.55
46.14,-0.048,3.214,9.776,-0.05,-0.23,16.50
46.16,-0.029,3.218,9.825,0.02,0.10,16.75
46.18,0.044,3.285,9.758,0.12,-0.05,16.77
46.20,-0.023,3.272,9.854,0.01,0.12,16.86
46.22,-0.020,3.237,9.810,-0.09,-0.03,16.81
46.24,-0.034,3.266,9.828,-0.01,0.06,16.99
46.26,0.030,3.271,9.808,0.04,-0.07,17.19
46.28,-0.022,3.318,9.826,-0.18,-0.22,17.29
46.30,0.015,3.383,9.865,0.08,0.06,17.20
46.32,0.110,3.375,9.874,-0.11,-0.12,17.07
46.34,-0.023,3.383,9.835,0.02,-0.01,17.29
46.36,0.047,3.271,9.788,-0.09,0.13,17.30
46.38,0.012,3.310,9.751,-0.00,0.05,17.28
46.40,0.044,3.351,9.861,0.15,-0.10,17.34
46.42,0.025,3.425,9.755,0.15,0.12,17.47
46.44,0.034,3.425,9.828,-0.03,0.08,17.39
46.46,0.015,3.302,9.796,-0.02,0.22,17.34
46.48,0.003,3.408,9.870,0.03,-0.04,17.59
46.50,0.059,3.385,9.852,0.09,-0.18,17.66
46.52,-0.067,3.431,9.843,-0.12,-0.09,17.76
46.54,-0.045,3.494,9.807,0.04,-0.02,17.51
46.56,-0.003,3.448,9.833,0.02,0.17,17.67
46.58,-0.047,3.409,9.860,0.16,0.10,17.72
46.60,0.042,3.344,9.792,-0.03,0.01,17.73
46.62,-0.036,3.389,9.835,-0.09,-0.05,17.69
46.64,0.024,3.381,9.910,0.03,-0.01,17.76
46.66,0.044,3.479,9.867,-0.05,0.02,17.68
46.68,0.014,3.403,9.876,-0.11,-0.15,17.82
46.70,0.011,3.444,9.848,-0.04,-0.01,17.73
46.72,-0.011,3.492,9.760,0.03,-0.02,17.92
46.74,0.048,3.407,9.845,0.09,0.09,17.94
46.76,-0.157,3.357,9.735,0.15,0.13,17.93
46.78,-0.006,3.461,9.784,-0.03,-0.08,17.73
46.80,-0.012,3.504,9.733,-0.05,-0.02,17.97
46.82,-0.102,3.432,9.767,0.01,-0.08,18.06
46.84,-0.113,3.528,9.842,0.09,0.11,17.96
46.86,-0.043,3.495,9.892,-0.02,0.10,17.90
46.88,-0.061,3.436,9.760,-0.13,-0.12,17.87
46.90,-0.095,3.484,9.848,-0.03,0.04,17.90
46.92,-0.128,3.473,9.898,0.06,0.01,18.17
46.94,-0.001,3.484,9.834,-0.13,0.07,18.03
46.96,0.000,3.503,9.827,0.01,0.05,17.99
46.98,0.080,3.498,9.836,0.08,-0.07,18.06
47.00,-0.088,3.433,9.878,-0.13,-0.12,17.92
47.02,0.006,3.400,9.871,-0.16,0.21,18.05
47.04,-0.034,3.436,9.786,-0.14,0.01,18.20
47.06,0.058,3.462,9.798,-0.17,0.17,18.12
47.08,0.041,3.573,9.878,-0.01,-0.00,17.85
47.10,0.016,3.523,9.815,0.04,0.01,17.86
47.12,-0.010,3.487,9.776,0.05,0.04,17.91
47.14,-0.011,3.418,9.758,0.11,-0.11,18.12
47.16,0.042,3.421,9.802,-0.11,-0.18,18.05
47.18,-0.023,3.502,9.861,-0.08,-0.00,17.93
47.20,-0.006,3.404,9.825,0.09,-0.01,18.07
47.22,-0.027,3.401,9.785,-0.07,-0.06,18.03
47.24,0.020,3.558,9.889,-0.03,-0.04,17.81
47.26,0.006,3.449,9.779,0.06,0.09,17.95
47.28,0.091,3.385,9.865,-0.03,0.09,17.92
47.30,0.013,3.443,9.759,0.00,0.05,17.91
47.32,0.060,3.430,9.783,0.10,0.07,17.91
47.34,0.007,3.513,9.776,-0.08,-0.07,17.75
47.36,-0.033,3.318,9.761,0.01,-0.02,17.78
47.38,0.000,3.489,9.814,0.08,0.04,17.72
47.40,-0.028,3.566,9.827,-0.01,-0.13,17.79
47.42,0.018,3.386,9.823,-0.06,0.13,17.66
47.44,-0.074,3.345,9.812,-0.09,-0.08,17.64
47.46,-0.117,3.335,9.799,-0.07,-0.13,17.57
47.48,-0.004,3.401,9.811,0.13,0.11,17.59
47.50,-0.132,3.402,9.825,0.08,-0.11,17.23
47.52,0.061,3.369,9.864,-0.02,-0.01,17.57
47.54,0.009,3.328,9.851,-0.09,0.08,17.57
47.56,0.037,3.414,9.894,0.07,-0.12,17.38
47.58,-0.117,3.373,9.855,0.11,-0.05,17.32
47.60,-0.051,3.352,9.777,-0.07,-0.02,17.43
47.62,-0.074,3.350,9.807,0.21,0.06,17.44
47.64,0.042,3.368,9.877,0.08,-0.26,17.35
47.66,0.105,3.357,9.847,0.06,0.12,17.37
47.68,0.035,3.290,9.851,-0.12,-0.07,17.14
47.70,-0.065,3.336,9.839,0.03,-0.03,17.04
47.72,0.109,3.274,9.790,0.08,0.02,16.97
47.74,0.016,3.311,9.815,0.14,-0.14,17.09
47.76,-0.016,3.338,9.750,0.12,-0.04,16.92
47.78,0.013,3.245,9.835,0.06,0.17,16.87
47.80,-0.057,3.234,9.879,-0.07,-0.24,16.84
47.82,-0.049,3.196,9.916,-0.02,0.03,17.02
47.84,-0.027,3.227,9.813,-0.04,-0.02,16.82
47.86,-0.030,3.172,9.864,0.14,-0.15,16.68
47.88,-0.070,3.331,9.766,0.08,-0.22,16.57
47.90,-0.024,3.244,9.791,0.05,-0.17,16.68
47.92,-0.004,3.249,9.869,0.02,-0.08,16.48
47.94,0.099,3.168,9.881,-0.15,-0.09,16.42
47.96,-0.078,3.167,9.794,0.02,-0.13,16.43
47.98,0.049,3.098,9.751,0.00,-0.05,16.32
48.00,-0.085,3.189,9.775,-0.03,-0.06,16.29
48.02,-0.053,3.164,9.800,-0.04,-0.14,16.28
48.04,-0.024,3.110,9.829,-0.01,0.01,16.12
48.06,-0.014,3.041,9.789,0.09,-0.15,16.09
48.08,-0.000,3.119,9.794,0.07,0.01,16.07
48.10,-0.024,3.041,9.889,-0.08,0.05,15.84
48.12,0.018,3.153,9.779,0.03,0.14,15.84
48.14,-0.070,3.087,9.804,-0.07,-0.08,15.90
48.16,0.001,3.098,9.803,0.03,-0.13,15.69
48.18,-0.020,3.063,9.718,-0.09,0.07,15.76
48.20,-0.113,3.027,9.813,-0.01,-0.21,15.71
48.22,0.032,2.995,9.810,-0.03,0.13,15.47
48.24,0.022,2.974,9.825,0.01,-0.20,15.32
48.26,0.033,3.015,9.735,-0.16,0.04,15.26
48.28,-0.033,2.853,9.860,0.17,0.12,15.38
48.30,0.051,2.934,9.805,-0.06,0.10,15.31
48.32,0.055,2.893,9.765,0.24,-0.04,15.12
48.34,-0.128,2.821,9.808,-0.05,0.09,14.83
48.36,0.025,2.912,9.840,0.07,0.08,14.92
48.38,-0.008,2.953,9.804,-0.01,0.00,14.88
48.40,0.075,2.772,9.811,0.08,-0.13,14.70
48.42,-0.033,2.793,9.862,-0.06,-0.17,14.53
48.44,0.136,2.898,9.789,-0.09,-0.06,14.60
48.46,-0.081,2.794,9.724,-0.14,0.16,14.57
48.48,-0.017,2.849,9.838,0.12,-0.01,14.55
48.50,-0.002,2.727,9.843,-0.01,-0.10,14.32
48.52,-0.017,2.851,9.779,0.08,-0.08,14.07
48.54,0.008,2.823,9.768,-0.18,-0.04,14.09
48.56,-0.004,2.695,9.821,0.04,-0.04,13.81
48.58,-0.021,2.639,9.691,-0.01,0.15,13.80
48.60,0.004,2.675,9.824,-0.07,0.02,13.70
48.62,0.033,2.634,9.919,-0.10,0.01,13.62
48.64,0.043,2.709,9.814,-0.05,-0.03,13.65
48.66,0.053,2.676,9.816,-0.08,-0.13,13.63
48.68,-0.048,2.566,9.792,0.10,-0.01,13.43
48.70,0.025,2.580,9.740,0.04,-0.03,13.48
48.72,-0.024,2.625,9.809,0.07,-0.09,13.14
48.74,0.006,2.571,9.736,0.02,0.00,13.20
48.76,-0.009,2.582,9.898,-0.19,-0.05,13.01
48.78,-0.001,2.547,9.871,-0.01,-0.04,12.95
48.80,-0.006,2.526,9.786,-0.00,0.09,13.02
48.82,0.010,2.548,9.673,0.16,0.23,12.90
48.84,0.001,2.442,9.831,0.02,-0.07,12.50
48.86,0.053,2.463,9.809,-0.12,-0.08,12.58
48.88,-0.102,2.528,9.825,0.07,-0.05,12.36
48.90,0.028,2.402,9.791,0.05,-0.01,12.20
48.92,-0.024,2.327,9.825,-0.10,0.06,12.26
48.94,0.061,2.266,9.736,-0.10,0.05,12.32
48.96,0.035,2.345,9.761,-0.01,0.12,12.04
48.98,0.020,2.287,9.924,0.00,0.16,12.05
49.00,0.074,2.223,9.770,-0.05,0.12,11.85
49.02,0.031,2.268,9.793,0.02,0.00,11.53
49.04,-0.002,2.191,9.770,-0.06,0.14,11.65
49.06,-0.030,2.234,9.872,0.03,-0.03,11.37
49.08,-0.011,2.170,9.746,0.08,-0.02,11.47
49.10,0.077,2.254,9.893,0.22,-0.16,11.28
49.12,0.011,2.186,9.830,-0.12,0.12,11.06
49.14,-0.021,2.056,9.849,-0.18,-0.15,11.01
49.16,0.041,2.116,9.815,-0.01,-0.26,10.85
49.18,0.010,2.166,9.783,0.08,-0.04,10.96
49.20,-0.010,2.100,9.798,-0.10,0.13,10.66
49.22,0.049,2.107,9.786,0.04,0.05,10.57
49.24,0.003,1.929,9.882,-0.04,-0.00,10.59
49.26,-0.005,1.986,9.802,0.01,0.08,10.53
49.28,-0.058,2.028,9.770,0.08,0.11,10.39
49.30,0.073,1.921,9.883,-0.16,-0.01,10.07
49.32,0.040,2.073,9.867,0.01,-0.15,9.94
49.34,-0.054,1.928,9.819,0.20,0.08,9.98
49.36,-0.030,1.880,9.857,0.04,0.08,9.69
49.38,-0.012,1.859,9.728,-0.01,0.14,9.73
49.40,-0.006,1.864,9.768,-0.14,0.24,9.45
49.42,0.036,1.858,9.776,0.08,-0.06,9.51
49.44,-0.067,1.794,9.786,0.20,-0.02,9.35
49.46,-0.061,1.786,9.766,0.09,0.02,9.18
49.48,0.056,1.794,9.906,0.05,0.20,9.00
49.50,-0.097,1.852,9.772,-0.10,0.25,9.02
49.52,0.031,1.738,9.811,0.05,0.15,9.01
49.54,-0.021,1.587,9.778,0.17,-0.05,8.86
49.56,0.041,1.666,9.872,-0.03,-0.09,8.72
49.58,0.018,1.582,9.829,0.02,-0.01,8.48
49.60,0.045,1.662,9.840,0.08,-0.08,8.52
49.62,0.003,1.698,9.721,0.08,0.01,8.30
49.64,0.039,1.557,9.909,-0.05,-0.05,8.46
49.66,-0.039,1.574,9.808,-0.14,-0.06,8.30
49.68,0.110,1.621,9.756,0.16,0.19,8.07
49.70,-0.010,1.582,9.761,0.02,0.17,7.98
49.72,0.077,1.471,9.844,0.01,-0.11,7.86
49.74,-0.038,1.527,9.823,-0.18,-0.02,7.66
49.76,-0.055,1.379,9.823,-0.03,-0.13,7.57
49.78,0.012,1.376,9.803,-0.01,0.10,7.37
49.80,-0.014,1.391,9.900,-0.03,-0.08,7.20
49.82,0.007,1.432,9.852,-0.10,0.05,7.18
49.84,0.041,1.400,9.779,0.22,0.16,7.15
49.86,-0.066,1.398,9.839,0.01,-0.00,6.97
49.88,-0.019,1.258,9.750,-0.06,0.08,6.68
49.90,-0.070,1.287,9.789,0.12,0.11,6.79
49.92,-0.084,1.372,9.831,0.05,-0.03,6.69
49.94,0.041,1.198,9.804,0.07,-0.09,6.77
49.96,0.022,1.168,9.737,-0.06,-0.08,6.41
49.98,0.047,1.262,9.852,-0.02,-0.01,6.39
50.00,-0.000,1.175,9.732,0.05,0.02,6.25
50.02,0.018,1.145,9.858,0.13,0.04,6.10
50.04,0.026,1.069,9.870,0.03,0.03,6.01
50.06,-0.070,1.156,9.782,0.11,0.14,5.82
50.08,-0.012,1.161,9.717,-0.05,0.01,5.54
50.10,0.026,1.167,9.839,-0.07,-0.02,5.84
50.12,-0.046,0.988,9.867,-0.02,-0.07,5.74
50.14,-0.006,1.038,9.919,0.10,-0.23,5.42
50.16,-0.053,0.961,9.877,0.11,-0.12,5.38
50.18,-0.061,1.054,9.832,0.02,-0.23,5.30
50.20,0.028,1.042,9.834,0.11,0.02,5.26
50.22,0.009,0.941,9.828,0.10,-0.02,5.13
50.24,0.025,0.890,9.833,0.02,0.14,5.02
50.26,0.028,1.096,9.780,-0.13,-0.16,4.86
50.28,-0.041,0.999,9.803,0.01,-0.07,4.96
50.30,-0.028,0.924,9.841,-0.05,-0.02,4.67
50.32,-0.102,0.883,9.911,0.04,-0.11,4.69
50.34,0.023,0.866,9.801,-0.03,0.12,4.42
50.36,-0.054,0.846,9.827,0.01,-0.03,4.36
50.38,-0.056,0.718,9.752,-0.14,0.04,4.15
50.40,-0.011,0.770,9.793,-0.04,-0.01,4.18
50.42,0.028,0.735,9.734,0.00,-0.10,4.11
50.44,-0.044,0.719,9.793,-0.06,0.12,4.08
50.46,-0.039,0.708,9.800,0.01,0.00,3.82
50.48,-0.006,0.803,9.795,-0.02,-0.01,4.00
50.50,0.029,0.757,9.855,-0.03,-0.08,3.56
50.52,-0.084,0.560,9.879,-0.04,-0.17,3.49
50.54,0.052,0.678,9.809,-0.01,0.21,3.74
50.56,-0.015,0.683,9.816,-0.07,-0.07,3.59
50.58,0.071,0.610,9.839,0.04,-0.06,3.43
50.60,-0.007,0.605,9.786,0.01,0.11,3.34
50.62,-0.041,0.679,9.828,-0.09,-0.01,3.19
50.64,0.013,0.608,9.790,-0.06,-0.11,3.05
50.66,-0.026,0.561,9.809,0.10,-0.12,3.15
50.68,-0.033,0.536,9.812,0.12,0.13,2.95
50.70,0.052,0.506,9.724,0.08,0.11,2.87
50.72,0.026,0.536,9.781,0.07,-0.11,2.80
50.74,-0.062,0.531,9.764,-0.06,0.09,2.64
50.76,-0.048,0.530,9.804,0.03,-0.08,2.68
50.78,0.009,0.438,9.874,0.09,-0.04,2.51
50.80,-0.071,0.489,9.824,-0.03,-0.05,2.39
50.82,0.021,0.414,9.736,0.15,0.13,2.47
50.84,0.078,0.490,9.782,0.02,0.05,2.12
50.86,0.013,0.392,9.754,0.03,0.27,2.14
50.88,0.073,0.356,9.733,-0.14,0.09,2.14
50.90,0.060,0.384,9.818,-0.10,0.05,2.14
50.92,-0.035,0.426,9.802,-0.07,-0.02,2.19
50.94,-0.059,0.382,9.789,0.06,0.14,1.91
50.96,-0.009,0.310,9.844,0.14,0.03,1.95
50.98,0.017,0.333,9.795,-0.02,-0.04,1.86
51.00,-0.025,0.302,9.823,-0.11,-0.00,1.73
51.02,0.062,0.328,9.774,-0.06,-0.04,1.63
51.04,-0.023,0.301,9.789,-0.20,-0.03,1.75
51.06,0.029,0.367,9.832,-0.09,-0.02,1.36
51.08,0.066,0.204,9.884,0.09,0.02,1.40
51.10,0.035,0.265,9.775,-0.05,0.12,1.45
51.12,-0.015,0.317,9.820,-0.07,0.13,1.23
51.14,0.037,0.252,9.809,-0.03,0.01,1.23
51.16,0.011,0.207,9.785,-0.02,-0.11,1.33
51.18,0.061,0.220,9.762,0.09,0.00,1.12
51.20,-0.033,0.201,9.815,-0.11,0.07,1.14
51.22,0.027,0.170,9.857,0.12,0.10,1.12
51.24,0.039,0.225,9.860,-0.05,-0.01,1.00
51.26,-0.024,0.263,9.895,-0.13,0.05,0.88
51.28,0.057,0.222,9.804,-0.05,0.02,0.98
51.30,0.004,0.141,9.829,-0.07,0.16,0.87
51.32,0.002,0.221,9.828,0.06,0.05,0.80
51.34,0.069,0.169,9.818,0.01,0.05,0.51
51.36,-0.050,0.108,9.710,-0.01,0.05,0.55
51.38,-0.048,0.089,9.842,-0.09,-0.06,0.58
51.40,0.020,0.091,9.769,-0.13,0.12,0.70
51.42,-0.027,0.117,9.845,0.01,-0.02,0.40
51.44,0.032,0.219,9.794,-0.03,-0.15,0.53
51.46,0.039,0.035,9.781,-0.06,0.03,0.58
51.48,0.015,0.085,9.705,-0.02,0.09,0.34
51.50,-0.013,0.034,9.807,0.05,-0.00,0.37
51.52,-0.073,0.007,9.841,0.08,-0.03,0.39
51.54,-0.036,0.000,9.786,-0.11,-0.06,0.48
51.56,0.003,-0.027,9.754,0.01,0.02,0.36
51.58,-0.033,0.105,9.886,-0.05,0.05,0.32
51.60,0.002,0.179,9.852,0.01,-0.03,0.29
51.62,0.060,0.105,9.740,0.09,-0.06,-0.04
51.64,-0.026,-0.037,9.795,0.18,0.10,0.22
51.66,-0.042,0.005,9.794,0.25,-0.05,-0.03
51.68,-0.072,0.113,9.873,0.13,0.04,0.19
51.70,0.045,0.134,9.885,-0.06,0.07,0.37
51.72,-0.040,0.095,9.750,0.11,0.09,0.16
51.74,0.017,-0.025,9.864,0.03,0.07,0.16
51.76,-0.021,0.016,9.842,-0.11,-0.09,-0.05
51.78,-0.075,-0.062,9.754,0.14,0.16,-0.03
51.80,0.067,-0.014,9.814,-0.03,-0.05,-0.12
51.82,0.048,-0.028,9.749,0.04,-0.02,0.11
51.84,-0.001,-0.010,9.800,0.00,-0.02,0.08
51.86,-0.003,-0.023,9.821,0.04,-0.02,0.11
51.88,0.052,0.034,9.830,0.03,0.02,0.08
51.90,0.065,0.032,9.827,-0.10,0.24,0.07
51.92,-0.025,0.036,9.943,-0.04,-0.04,-0.09
51.94,-0.011,0.019,9.788,-0.00,0.16,0.13
51.96,-0.044,-0.007,9.748,0.03,0.21,0.18
51.98,0.001,-0.010,9.919,-0.08,-0.13,0.13
52.00,0.110,0.017,9.720,-0.12,-0.16,0.09
52.02,0.037,0.027,9.890,-0.11,-0.04,0.21
52.04,-0.008,0.034,9.796,0.03,-0.07,0.03
52.06,-0.008,0.025,9.902,-0.05,0.13,0.22
52.08,0.012,-0.042,9.767,-0.00,-0.03,-0.02
52.10,0.082,-0.014,9.750,-0.07,0.03,0.05
52.12,-0.036,-0.056,9.836,0.17,-0.07,0.01
52.14,-0.118,0.010,9.869,0.13,0.01,0.15
52.16,0.020,-0.030,9.846,0.11,-0.02,-0.10
52.18,-0.047,0.059,9.876,-0.05,-0.11,-0.06
52.20,0.059,-0.013,9.835,-0.03,-0.13,0.05
52.22,0.023,0.071,9.899,-0.01,-0.14,0.06
52.24,-0.059,-0.096,9.753,-0.04,-0.03,0.01
52.26,-0.011,-0.074,9.926,0.19,0.05,-0.08
52.28,-0.068,-0.065,9.810,0.12,0.03,-0.01
52.30,-0.075,0.038,9.788,-0.13,0.03,-0.01
52.32,0.045,-0.063,9.756,-0.03,-0.08,0.12
52.34,0.048,-0.043,9.801,-0.06,-0.01,-0.21
52.36,0.017,0.015,9.781,0.11,0.08,-0.02
52.38,-0.048,0.035,9.807,-0.22,0.16,-0.07
52.40,-0.123,0.027,9.793,0.04,0.03,0.09
52.42,0.075,0.070,9.841,-0.05,-0.12,0.12
52.44,-0.006,0.056,9.756,0.00,0.06,-0.01
52.46,-0.051,-0.037,9.800,0.01,-0.05,-0.06
52.48,-0.039,-0.065,9.803,-0.06,0.16,0.05
52.50,0.020,-0.016,9.847,0.27,-0.06,0.05
52.52,-0.087,-0.109,9.782,0.02,-0.01,0.02
52.54,0.009,0.007,9.965,-0.11,-0.03,-0.03
52.56,0.006,0.025,9.822,-0.09,0.18,-0.07
52.58,0.030,-0.053,9.816,0.14,-0.09,0.12
52.60,-0.057,-0.036,9.796,0.01,0.05,-0.11
52.62,-0.027,0.058,9.885,-0.24,0.12,0.11
52.64,0.042,0.048,9.809,-0.10,0.07,0.06
52.66,-0.059,0.086,9.736,-0.22,-0.03,0.10
52.68,0.018,-0.057,9.837,-0.03,0.06,-0.06
52.70,-0.050,-0.027,9.813,0.08,-0.04,0.09
52.72,-0.008,0.006,9.851,-0.04,-0.11,-0.13
52.74,0.023,0.056,9.785,0.21,0.06,-0.06
52.76,-0.050,-0.017,9.707,-0.23,-0.09,-0.14
52.78,-0.076,0.053,9.754,0.10,-0.01,-0.01
52.80,-0.051,-0.013,9.838,0.00,-0.11,-0.17
52.82,0.010,0.010,9.874,0.01,-0.07,-0.16
52.84,0.007,0.041,9.775,0.02,0.03,-0.01
52.86,0.009,-0.021,9.798,-0.11,-0.17,-0.01
52.88,0.101,0.061,9.777,0.10,-0.04,0.08
52.90,-0.011,0.059,9.876,0.01,0.14,0.05
52.92,0.023,0.067,9.811,-0.08,0.06,-0.15
52.94,0.019,0.045,9.834,-0.00,0.25,-0.08
52.96,0.059,-0.010,9.714,-0.16,-0.01,-0.05
52.98,0.001,-0.001,9.791,-0.01,0.23,0.04
53.00,0.046,-0.052,9.802,-0.19,-0.10,-0.06
53.02,-0.028,0.009,9.844,0.09,0.06,0.08
53.04,-0.039,0.011,9.825,0.23,0.18,0.12
53.06,0.077,-0.033,9.803,-0.04,-0.02,-0.09
53.08,-0.007,-0.034,9.876,0.00,0.05,0.03
53.10,-0.008,-0.015,9.833,-0.19,0.11,-0.11
53.12,-0.031,-0.006,9.874,0.07,-0.19,-0.06
53.14,0.123,0.035,9.821,0.04,-0.14,-0.07
53.16,0.127,-0.028,9.817,-0.08,0.00,-0.02
53.18,0.032,0.052,9.758,0.01,0.06,0.07
53.20,0.014,0.012,9.881,0.09,0.05,-0.06
53.22,-0.011,0.007,9.875,-0.08,-0.16,0.06
53.24,0.001,-0.070,9.797,-0.17,0.02,0.08
53.26,0.017,-0.055,9.765,-0.28,0.07,-0.00
53.28,0.064,-0.001,9.870,0.09,0.01,-0.09
53.30,0.026,-0.005,9.761,0.01,-0.05,-0.06
53.32,0.015,-0.014,9.881,0.08,0.20,-0.10
53.34,0.051,-0.001,9.858,0.03,-0.05,-0.09
53.36,0.018,0.040,9.919,-0.10,-0.01,-0.00
53.38,0.009,-0.069,9.772,-0.11,-0.20,-0.07
53.40,-0.032,-0.035,9.831,0.03,0.07,0.23
53.42,-0.056,-0.012,9.804,-0.07,-0.08,-0.15
53.44,-0.016,0.078,9.913,-0.04,0.05,-0.01
53.46,0.045,0.002,9.838,0.01,0.03,-0.07
53.48,-0.029,-0.005,9.833,-0.04,0.03,0.01
53.50,0.074,0.046,9.851,-0.17,-0.18,-0.14
53.52,-0.033,-0.024,9.765,-0.04,-0.09,0.02
53.54,-0.051,-0.023,9.794,-0.04,0.06,-0.02
53.56,0.063,-0.003,9.808,-0.19,-0.04,0.03
53.58,0.023,0.072,9.790,-0.16,0.03,-0.02
53.60,-0.007,-0.044,9.789,0.13,0.02,-0.02
53.62,0.021,-0.057,9.780,0.03,0.22,-0.10
53.64,0.046,0.048,9.794,-0.11,0.11,0.05
53.66,-0.004,-0.083,9.736,-0.04,-0.01,-0.01
53.68,-0.040,0.043,9.743,-0.10,-0.05,-0.01
53.70,0.034,0.033,9.872,-0.03,0.10,0.09
53.72,-0.025,0.059,9.880,0.03,0.15,0.05
53.74,0.063,-0.048,9.860,-0.14,-0.11,-0.00
53.76,0.000,-0.042,9.783,-0.18,-0.12,0.09
53.78,-0.048,0.052,9.789,-0.02,-0.15,-0.07
53.80,-0.031,-0.009,9.829,-0.11,0.09,0.09
53.82,-0.066,-0.001,9.823,0.09,0.06,-0.06
53.84,0.071,0.086,9.788,0.11,0.08,0.07
53.86,-0.055,0.073,9.740,0.06,-0.15,0.13
53.88,0.037,-0.057,9.861,0.16,-0.26,0.10
53.90,-0.051,0.032,9.720,-0.09,-0.01,-0.13
53.92,0.052,0.011,9.806,-0.02,0.03,-0.18
53.94,0.038,-0.076,9.823,0.13,-0.14,-0.21
53.96,0.045,-0.003,9.769,0.00,0.18,0.05
53.98,-0.000,-0.007,9.718,0.13,0.16,-0.12
54.00,0.022,-0.018,9.831,0.02,-0.04,-0.07
54.02,0.087,0.009,9.829,0.03,0.08,0.05
54.04,0.057,-0.011,9.782,-0.06,-0.02,-0.02
54.06,-0.033,-0.034,9.847,-0.18,0.14,-0.07
54.08,0.017,0.055,9.844,0.16,0.06,-0.15
54.10,0.016,-0.060,9.814,0.10,0.00,0.12
54.12,-0.036,0.060,9.795,-0.03,0.16,0.00
54.14,0.015,-0.031,9.796,0.10,-0.04,0.20
54.16,-0.037,0.009,9.868,-0.20,-0.00,-0.09
54.18,-0.014,-0.038,9.788,-0.18,0.18,0.09
54.20,0.097,0.041,9.772,0.00,-0.02,0.19
54.22,0.055,0.053,9.710,-0.12,0.11,-0.01
54.24,-0.063,-0.001,9.773,0.02,-0.04,0.13
54.26,0.029,-0.014,9.874,0.04,0.02,0.04
54.28,0.040,-0.024,9.800,-0.01,0.10,0.13
54.30,-0.006,-0.020,9.777,-0.10,-0.00,0.06
54.32,-0.037,-0.096,9.805,-0.17,0.09,0.02
54.34,0.008,0.029,9.813,-0.03,-0.07,-0.08
54.36,0.117,-0.027,9.766,-0.03,0.02,0.09
54.38,0.032,-0.016,9.793,-0.00,0.08,0.12
54.40,-0.101,0.069,9.883,-0.09,-0.05,0.11
54.42,0.025,0.092,9.782,-0.01,-0.11,0.13
54.44,0.042,0.030,9.909,-0.05,-0.27,0.07
54.46,0.077,-0.086,9.786,-0.03,0.05,0.15
54.48,-0.000,-0.047,9.876,0.02,-0.03,0.07
54.50,0.042,-0.044,9.844,-0.05,-0.06,0.09
54.52,0.029,-0.038,9.735,0.12,-0.18,-0.20
54.54,-0.028,-0.017,9.812,0.11,0.02,0.00
54.56,-0.034,0.010,9.790,0.10,-0.02,-0.04
54.58,-0.054,-0.012,9.861,0.02,0.04,0.02
54.60,0.043,-0.037,9.825,-0.06,0.19,-0.02
54.62,-0.004,0.034,9.758,-0.01,0.00,-0.08
54.64,-0.053,0.038,9.824,0.01,-0.07,0.21
54.66,0.127,-0.001,9.830,0.00,-0.08,0.08
54.68,-0.114,0.009,9.798,-0.03,0.04,-0.01
54.70,-0.013,0.022,9.758,-0.02,-0.06,-0.03
54.72,-0.006,-0.008,9.860,0.12,0.14,-0.16
54.74,-0.053,-0.039,9.793,0.10,-0.04,0.10
54.76,-0.003,0.113,9.821,0.01,0.02,-0.15
54.78,0.055,-0.090,9.766,0.06,-0.05,0.07
54.80,0.068,-0.002,9.792,0.15,0.02,0.02
54.82,-0.052,0.025,9.815,-0.04,-0.12,-0.12
54.84,-0.030,0.071,9.801,-0.06,0.03,-0.12
54.86,0.054,-0.047,9.811,0.11,0.05,-0.01
54.88,-0.006,0.069,9.886,0.09,0.23,-0.08
54.90,0.055,0.013,9.827,0.04,-0.01,0.15
54.92,0.056,0.009,9.887,-0.04,-0.03,0.01
54.94,0.012,-0.019,9.861,-0.08,-0.09,0.08
54.96,-0.020,-0.018,9.783,0.03,-0.00,-0.05
54.98,0.105,-0.037,9.845,-0.02,-0.03,0.01
55.00,0.042,-0.021,9.807,-0.09,-0.06,0.08
55.02,0.067,-0.020,9.835,0.04,-0.09,-0.02
55.04,-0.071,0.001,9.809,0.02,0.02,0.12
55.06,0.010,-0.016,9.763,-0.17,-0.08,0.10
55.08,0.102,-0.069,9.833,0.02,0.07,-0.16
55.10,0.022,-0.043,9.750,-0.13,-0.26,-0.18
55.12,-0.055,-0.022,9.900,-0.12,-0.06,0.11
55.14,0.066,-0.028,9.825,0.18,0.06,0.04
55.16,0.046,0.054,9.786,-0.10,0.05,-0.20
55.18,-0.033,-0.003,9.886,0.08,0.22,0.01
55.20,0.012,-0.063,9.782,-0.06,0.25,-0.07
55.22,0.004,0.028,9.826,-0.02,-0.08,0.10
55.24,-0.028,0.019,9.822,0.07,-0.03,0.10
55.26,0.038,0.047,9.824,-0.19,-0.03,-0.18
55.28,-0.106,0.071,9.939,-0.12,0.08,-0.10
55.30,-0.061,-0.056,9.833,-0.13,0.11,-0.03
55.32,-0.041,-0.010,9.755,0.16,-0.03,-0.05
55.34,0.066,0.012,9.725,-0.02,-0.09,0.04
55.36,-0.019,0.058,9.812,-0.04,-0.14,-0.04
55.38,0.012,-0.042,9.801,0.10,0.07,0.08
55.40,0.033,-0.022,9.734,0.00,-0.00,-0.10
55.42,-0.022,-0.040,9.849,0.03,0.03,-0.03
55.44,-0.019,0.019,9.754,-0.01,0.12,0.00
55.46,-0.005,0.012,9.857,-0.02,0.08,-0.00
55.48,-0.097,-0.042,9.767,-0.05,-0.02,-0.10
55.50,-0.082,-0.011,9.772,-0.01,-0.11,0.09
55.52,0.023,0.031,9.846,0.10,-0.13,-0.20
55.54,-0.015,-0.049,9.784,-0.11,-0.09,0.15
55.56,-0.059,0.005,9.750,0.14,-0.06,-0.06
55.58,0.063,-0.071,9.848,0.04,-0.27,0.08
55.60,0.057,-0.033,9.760,-0.04,0.05,-0.01
55.62,-0.003,0.060,9.808,-0.02,0.01,-0.04
55.64,0.009,-0.076,9.788,-0.05,0.03,0.05
55.66,0.012,0.019,9.821,0.00,0.01,0.10
55.68,0.062,0.010,9.857,0.08,0.09,0.19
55.70,-0.024,-0.000,9.757,-0.11,0.01,0.10
55.72,-0.001,-0.048,9.724,-0.00,-0.07,0.05
55.74,-0.068,0.022,9.903,0.11,0.07,-0.24
55.76,0.033,-0.070,9.886,-0.00,0.16,-0.00
55.78,0.049,0.020,9.740,0.04,-0.07,0.02
55.80,-0.033,0.049,9.799,-0.12,0.00,0.01
55.82,-0.054,0.040,9.800,-0.09,-0.01,0.04
55.84,0.038,-0.034,9.715,-0.02,0.04,-0.02
55.86,-0.063,-0.068,9.743,0.11,0.04,0.04
55.88,-0.009,-0.014,9.843,-0.02,0.06,0.14
55.90,-0.007,0.067,9.805,0.17,0.10,0.02
55.92,0.021,0.033,9.869,-0.03,0.05,0.24
55.94,0.015,0.089,9.837,0.20,0.16,-0.03
55.96,-0.051,0.014,9.764,-0.05,0.03,-0.24
55.98,0.058,0.020,9.812,0.01,0.11,0.09
56.00,0.040,0.021,9.839,-0.12,0.06,0.09
56.02,-0.004,-0.052,9.912,-0.09,0.01,0.10
56.04,-0.002,0.105,9.835,0.13,-0.09,-0.03
56.06,-0.075,-0.016,9.737,0.14,-0.05,-0.02
56.08,0.016,-0.023,9.888,0.12,-0.02,0.10
56.10,0.030,0.011,9.733,-0.02,0.09,0.09
56.12,-0.038,-0.040,9.827,0.04,0.03,-0.08
56.14,-0.016,0.076,9.772,0.03,0.14,-0.14
56.16,-0.027,0.015,9.830,0.14,-0.03,-0.01
56.18,-0.043,-0.061,9.739,0.11,-0.11,-0.09
56.20,-0.072,-0.037,9.779,-0.22,0.12,-0.00
56.22,-0.067,0.023,9.790,0.14,-0.12,0.12
56.24,0.091,0.052,9.829,-0.04,-0.04,0.06
56.26,-0.001,0.071,9.795,-0.04,-0.08,0.03
56.28,-0.062,0.038,9.793,0.07,-0.13,0.02
56.30,-0.004,0.021,9.794,0.09,0.06,0.07
56.32,-0.065,0.071,9.838,-0.15,-0.06,0.08
56.34,-0.059,-0.082,9.766,0.22,0.04,0.04
56.36,0.049,-0.038,9.711,0.07,-0.04,0.04
56.38,0.058,-0.016,9.862,0.09,0.14,-0.01
56.40,-0.011,-0.000,9.729,0.05,-0.11,0.30
56.42,-0.014,-0.026,9.828,-0.01,-0.00,0.02
56.44,0.045,-0.017,9.838,0.23,0.17,0.18
56.46,0.017,-0.085,9.765,-0.10,-0.12,0.03
56.48,0.036,-0.013,9.807,0.11,0.27,-0.03
56.50,-0.068,-0.019,9.773,-0.10,-0.06,-0.00
56.52,-0.045,-0.045,9.825,0.02,0.02,-0.10
56.54,0.059,0.018,9.779,-0.12,-0.10,-0.01
56.56,-0.036,0.010,9.821,-0.10,0.09,0.00
56.58,0.048,0.007,9.835,0.05,0.11,0.11
56.60,-0.150,-0.033,9.755,-0.08,0.05,0.00
56.62,0.062,0.090,9.787,-0.06,-0.03,-0.03
56.64,-0.013,0.050,9.845,-0.21,-0.07,0.10
56.66,-0.005,-0.012,9.849,0.16,0.09,0.14
56.68,0.101,0.063,9.773,0.04,0.14,0.18
56.70,-0.079,-0.009,9.863,0.09,-0.08,-0.08
56.72,0.054,-0.063,9.859,-0.05,-0.03,0.16
56.74,0.107,-0.053,9.707,0.10,-0.10,0.03
56.76,0.003,0.008,9.821,0.07,0.02,0.02
56.78,0.047,0.059,9.810,-0.03,-0.04,-0.17
56.80,-0.012,0.003,9.676,0.15,-0.17,-0.12
56.82,-0.026,-0.036,9.716,-0.03,0.03,0.06
56.84,-0.121,-0.077,9.836,-0.06,0.08,-0.17
56.86,0.034,0.043,9.738,0.01,0.03,-0.14
56.88,-0.028,-0.016,9.763,-0.02,0.23,0.05
56.90,0.001,0.069,9.806,-0.02,-0.15,0.17
56.92,-0.037,0.029,9.769,-0.17,-0.31,-0.07
56.94,0.028,0.074,9.846,-0.08,0.19,-0.06
56.96,0.033,0.042,9.770,0.05,-0.05,0.02
56.98,-0.041,-0.103,9.940,0.04,-0.00,0.00
57.00,0.028,-0.002,9.753,-0.01,-0.20,-0.04
57.02,0.040,-0.027,9.832,-0.08,0.01,-0.01
57.04,0.032,0.050,9.916,0.13,0.04,-0.04
57.06,-0.109,-0.010,9.846,-0.07,0.13,-0.19
57.08,-0.069,0.009,9.825,-0.02,0.10,0.04
57.10,-0.031,-0.057,9.844,0.04,0.07,-0.05
57.12,-0.087,-0.069,9.767,0.01,-0.14,0.14
57.14,-0.075,-0.049,9.865,-0.03,-0.07,0.08
57.16,-0.010,-0.039,9.823,0.13,0.09,-0.02
57.18,-0.065,0.012,9.810,0.03,-0.01,-0.00
57.20,-0.029,0.042,9.822,-0.03,-0.10,0.05
57.22,-0.033,-0.011,9.776,-0.07,0.03,0.16
57.24,0.011,0.003,9.847,-0.10,-0.03,0.07
57.26,-0.013,0.019,9.783,0.06,-0.04,0.12
57.28,-0.004,0.005,9.714,0.11,0.02,0.06
57.30,0.080,0.007,9.775,-0.06,0.01,0.15
57.32,-0.014,-0.029,9.747,-0.06,0.01,-0.00
57.34,0.014,-0.047,9.812,-0.00,-0.09,0.07
57.36,-0.085,-0.029,9.822,-0.10,0.09,0.05
57.38,0.006,0.001,9.837,0.07,0.18,0.01
57.40,-0.013,-0.069,9.799,-0.11,0.02,0.05
57.42,0.037,0.029,9.846,0.03,-0.20,-0.01
57.44,-0.013,0.006,9.779,-0.14,-0.09,0.00
57.46,0.080,-0.055,9.869,-0.02,0.12,-0.04
57.48,-0.007,-0.028,9.820,-0.10,0.13,-0.01
57.50,-0.057,0.005,9.787,0.14,-0.01,0.03
57.52,-0.083,-0.031,9.800,0.08,-0.02,-0.11
57.54,-0.037,0.020,9.772,0.09,0.10,-0.03
57.56,0.041,-0.034,9.755,-0.14,-0.04,0.16
57.58,0.050,-0.063,9.782,0.12,-0.04,0.08
57.60,0.032,-0.013,9.853,-0.16,-0.10,0.01
57.62,0.052,0.041,9.776,-0.07,-0.22,-0.19
57.64,0.011,0.011,9.824,-0.10,0.04,0.03
57.66,-0.053,0.062,9.773,-0.18,-0.12,-0.07
57.68,0.030,0.073,9.864,0.10,-0.05,0.10
57.70,0.023,0.041,9.743,-0.26,-0.14,-0.01
57.72,-0.131,-0.042,9.859,0.12,-0.02,-0.07
57.74,0.016,-0.003,9.736,-0.03,-0.03,0.06
57.76,-0.036,-0.028,9.810,-0.09,0.00,0.05
57.78,0.044,-0.013,9.796,0.14,-0.07,-0.04
57.80,-0.063,0.067,9.885,-0.00,-0.01,0.03
57.82,-0.066,-0.046,9.787,0.03,-0.14,-0.00
57.84,-0.051,-0.053,9.788,-0.02,0.00,-0.07
57.86,0.030,-0.084,9.734,0.14,0.19,-0.01
57.88,-0.024,0.045,9.846,0.03,0.05,0.00
57.90,-0.068,-0.039,9.797,-0.02,0.04,0.18
57.92,0.055,-0.098,9.805,0.05,0.05,0.23
57.94,-0.007,0.005,9.834,-0.10,-0.01,0.05
57.96,0.141,0.016,9.780,-0.06,0.02,-0.07
57.98,0.059,0.025,9.866,-0.03,0.01,0.05
58.00,0.050,0.000,9.817,0.00,0.04,-0.06
58.02,0.025,-0.063,9.846,-0.06,0.06,-0.03
58.04,0.059,0.013,9.860,-0.17,-0.12,-0.05
58.06,-0.122,-0.052,9.779,0.12,0.05,-0.16
58.08,0.010,0.060,9.741,-0.00,-0.05,0.02
58.10,0.047,0.015,9.832,0.07,-0.22,0.02
58.12,0.028,-0.029,9.807,0.07,0.03,0.05
58.14,-0.040,0.031,9.772,0.18,0.06,0.03
58.16,0.073,-0.011,9.792,-0.09,0.18,-0.24
58.18,-0.052,-0.049,9.848,0.11,-0.02,-0.02
58.20,0.069,-0.058,9.894,-0.06,-0.11,-0.02
58.22,0.093,-0.067,9.796,0.02,0.19,0.01
58.24,0.020,-0.067,9.894,0.06,-0.13,-0.04
58.26,0.010,-0.051,9.823,0.24,0.05,-0.07
58.28,0.035,-0.034,9.811,0.16,-0.20,0.09
58.30,-0.034,0.059,9.864,0.09,0.03,0.18
58.32,-0.060,0.013,9.791,-0.11,-0.08,0.12
58.34,0.046,-0.095,9.740,0.04,-0.03,0.16
58.36,-0.010,-0.021,9.716,-0.12,0.19,0.06
58.38,0.051,0.002,9.741,0.04,-0.07,-0.05
58.40,-0.044,-0.045,9.863,0.05,-0.01,0.01
58.42,-0.022,0.041,9.814,0.17,0.04,-0.09
58.44,0.026,0.074,9.777,0.01,-0.03,0.01
58.46,0.021,0.083,9.922,-0.04,0.04,0.02
58.48,-0.071,-0.059,9.777,-0.01,0.10,-0.05
58.50,0.057,-0.081,9.809,0.06,0.06,-0.10
58.52,0.027,0.092,9.733,0.11,0.14,0.03
58.54,-0.050,-0.012,9.802,-0.08,-0.06,0.08
58.56,-0.016,-0.017,9.769,-0.00,0.09,0.01
58.58,-0.029,0.077,9.769,0.02,-0.07,0.03
58.60,0.060,-0.070,9.865,-0.17,-0.17,0.06
58.62,0.026,0.035,9.853,0.10,0.05,0.10
58.64,0.051,-0.028,9.757,0.02,-0.05,-0.08
58.66,0.033,0.001,9.746,0.04,-0.01,0.06
58.68,-0.076,-0.050,9.774,0.19,-0.10,-0.04
58.70,0.036,-0.111,9.836,0.05,-0.07,-0.11
58.72,0.070,0.030,9.814,0.10,-0.20,0.04
58.74,-0.006,0.025,9.756,-0.05,0.06,0.21
58.76,-0.071,-0.061,9.791,-0.22,-0.03,0.06
58.78,-0.115,-0.049,9.733,-0.05,0.23,-0.04
58.80,0.023,0.064,9.742,0.15,0.10,-0.12
58.82,0.013,0.014,9.859,0.15,0.07,-0.03
58.84,0.019,0.005,9.816,0.00,0.14,0.05
58.86,0.004,-0.014,9.777,-0.11,0.02,-0.02
58.88,-0.058,-0.023,9.837,-0.05,0.08,0.05
58.90,-0.023,-0.029,9.774,-0.01,0.04,-0.11
58.92,0.023,-0.083,9.815,-0.03,0.01,-0.01
58.94,0.015,0.027,9.792,-0.10,-0.01,-0.15
58.96,-0.008,0.009,9.849,0.05,-0.08,0.01
58.98,-0.031,0.052,9.866,0.13,0.06,0.01
59.00,0.067,0.033,9.784,-0.05,-0.12,-0.05
59.02,-0.019,-0.032,9.775,-0.14,0.05,-0.06
59.04,0.003,-0.025,9.807,0.06,0.20,0.06
59.06,-0.049,-0.007,9.852,0.02,0.13,0.11
59.08,-0.003,-0.009,9.752,-0.06,-0.14,0.08
59.10,-0.024,-0.003,9.858,0.10,-0.03,-0.16
59.12,0.059,0.050,9.889,0.02,-0.02,0.02
59.14,0.022,0.033,9.722,0.01,0.02,-0.17
59.16,-0.014,0.014,9.869,0.20,0.01,0.09
59.18,-0.019,-0.013,9.737,0.02,0.03,0.07
59.20,-0.063,-0.058,9.893,0.10,0.07,-0.06
59.22,-0.014,0.003,9.829,0.14,-0.04,-0.02
59.24,0.026,-0.066,9.935,-0.09,-0.06,0.17
59.26,0.032,0.020,9.820,0.00,-0.08,-0.03
59.28,-0.115,-0.012,9.799,-0.08,-0.07,0.04
59.30,0.050,0.025,9.766,-0.08,-0.07,0.13
59.32,0.104,0.035,9.875,0.07,0.12,-0.11
59.34,0.032,0.092,9.849,-0.18,-0.00,-0.09
59.36,0.014,0.048,9.736,-0.07,-0.02,-0.07
59.38,-0.027,0.038,9.729,0.16,-0.09,0.12
59.40,-0.011,0.017,9.897,0.06,-0.01,0.07
59.42,0.045,-0.023,9.865,0.18,-0.01,0.09
59.44,-0.014,0.038,9.842,0.04,-0.06,-0.10
59.46,-0.006,-0.070,9.796,-0.02,-0.09,0.10
59.48,-0.068,0.124,9.848,0.00,0.02,0.06
59.50,0.022,-0.035,9.804,-0.03,0.07,0.06
59.52,0.023,0.026,9.741,-0.02,0.06,0.03
59.54,0.029,0.058,9.811,-0.03,-0.13,-0.07
59.56,0.060,-0.013,9.823,0.03,-0.02,0.05
59.58,0.010,-0.012,9.794,-0.07,0.12,-0.02
59.60,-0.101,-0.002,9.796,-0.05,-0.12,-0.00
59.62,0.129,-0.024,9.812,0.04,-0.05,0.02
59.64,-0.012,-0.028,9.785,0.02,-0.11,-0.01
59.66,-0.068,-0.062,9.857,0.04,0.11,-0.02
59.68,-0.035,-0.011,9.736,-0.08,-0.03,-0.08
59.70,-0.045,-0.002,9.796,0.11,0.03,0.07
59.72,-0.032,-0.008,9.733,-0.21,0.03,0.10
59.74,-0.003,-0.023,9.796,-0.04,0.01,-0.00
59.76,-0.009,-0.062,9.816,-0.04,0.13,-0.05
59.78,0.123,0.031,9.800,0.04,-0.02,-0.08
59.80,-0.063,0.034,9.859,-0.02,-0.00,0.10
59.82,0.016,0.011,9.816,0.10,-0.00,-0.04
59.84,0.055,0.040,9.817,-0.10,0.08,0.02
59.86,0.036,0.033,9.797,-0.01,0.04,-0.01
59.88,0.084,-0.035,9.746,0.09,-0.09,-0.15
59.90,0.171,-0.060,9.806,0.15,0.05,0.22
59.92,0.111,-0.029,9.899,-0.03,0.02,0.01
59.94,0.092,0.035,9.844,-0.10,0.23,-0.08
59.96,0.149,-0.051,9.800,0.00,-0.08,0.01
59.98,0.197,-0.056,9.891,0.05,-0.11,0.09
60.00,0.159,-0.068,9.738,-0.04,-0.04,-0.20
60.02,0.138,-0.011,9.759,-0.11,0.09,0.04
60.04,0.224,-0.019,9.754,0.02,-0.01,0.05
60.06,0.265,0.033,9.783,-0.00,0.05,-0.17
60.08,0.192,0.047,9.848,-0.00,-0.03,-0.02
60.10,0.248,0.051,9.745,0.13,0.07,-0.10
60.12,0.302,0.014,9.762,0.06,0.00,0.04
60.14,0.223,-0.069,9.756,0.05,-0.01,-0.05
60.16,0.265,-0.021,9.879,-0.11,-0.12,-0.06
60.18,0.346,-0.008,9.838,0.07,-0.12,0.01
60.20,0.353,-0.011,9.909,-0.06,0.03,-0.13
60.22,0.290,-0.055,9.840,0.04,0.09,0.06
60.24,0.347,-0.128,9.757,0.00,0.01,-0.01
60.26,0.363,-0.065,9.816,-0.06,0.06,0.02
60.28,0.430,0.067,9.808,-0.01,-0.04,-0.09
60.30,0.328,0.086,9.711,0.09,-0.06,-0.02
60.32,0.438,-0.100,9.925,0.08,-0.11,-0.15
60.34,0.416,-0.013,9.780,-0.05,-0.14,-0.07
60.36,0.321,0.013,9.789,-0.01,0.03,0.07
60.38,0.288,0.082,9.818,-0.08,0.06,-0.15
60.40,0.320,0.016,9.803,0.06,-0.04,-0.15
60.42,0.338,0.030,9.811,-0.02,-0.05,0.05
60.44,0.265,0.016,9.816,-0.15,-0.11,-0.14
60.46,0.333,0.032,9.799,0.05,-0.04,0.04
60.48,0.393,-0.016,9.945,-0.05,0.16,-0.10
60.50,0.342,0.041,9.852,-0.05,0.01,0.00
60.52,0.398,-0.062,9.763,0.02,0.24,0.00
60.54,0.405,0.007,9.739,-0.33,0.11,-0.07
60.56,0.294,-0.023,9.752,0.13,-0.09,0.00
60.58,0.394,-0.024,9.819,0.11,-0.06,0.04
60.60,0.410,-0.039,9.807,-0.11,0.07,0.20
60.62,0.309,-0.061,9.837,-0.09,-0.02,-0.19
60.64,0.367,-0.059,9.804,-0.10,0.07,-0.00
60.66,0.326,0.010,9.834,0.17,0.06,-0.21
60.68,0.286,-0.004,9.758,-0.19,-0.07,-0.30
60.70,0.276,-0.035,9.768,0.04,0.02,-0.04
60.72,0.304,0.102,9.790,-0.11,-0.10,-0.05
60.74,0.310,0.034,9.776,0.13,-0.01,-0.09
60.76,0.323,0.039,9.873,0.08,-0.09,-0.02
60.78,0.393,-0.055,9.803,-0.04,0.06,0.04
60.80,0.273,0.062,9.815,0.08,0.06,-0.06
60.82,0.393,0.068,9.772,-0.02,0.03,0.07
60.84,0.331,-0.056,9.826,-0.15,0.07,-0.01
60.86,0.415,-0.038,9.788,-0.00,0.06,-0.06
60.88,0.316,-0.020,9.784,-0.08,0.21,-0.01
60.90,0.316,0.045,9.823,0.14,0.21,-0.17
60.92,0.336,0.032,9.814,-0.06,0.07,-0.00
60.94,0.414,-0.027,9.770,0.06,-0.06,-0.11
60.96,0.398,-0.044,9.823,0.10,-0.09,0.14
60.98,0.389,0.006,9.816,-0.17,-0.13,0.05
61.00,0.433,0.046,9.790,0.02,0.16,-0.14
61.02,0.359,-0.023,9.804,0.17,-0.02,-0.13
61.04,0.348,0.117,9.729,0.10,0.07,0.00
61.06,0.392,-0.043,9.881,-0.10,-0.02,0.11
61.08,0.270,-0.013,9.792,0.09,0.09,0.02
61.10,0.382,0.068,9.768,0.15,0.08,-0.07
61.12,0.381,0.008,9.766,0.03,0.08,-0.04
61.14,0.358,-0.020,9.799,0.15,-0.06,0.10
61.16,0.392,-0.052,9.883,0.07,-0.05,-0.22
61.18,0.305,0.016,9.748,-0.05,0.14,-0.06
61.20,0.273,0.068,9.801,-0.12,0.11,0.05
61.22,0.398,0.036,9.803,-0.05,-0.01,-0.01
61.24,0.395,0.098,9.847,-0.05,0.08,0.18
61.26,0.315,0.120,9.732,-0.00,-0.08,-0.10
61.28,0.307,0.011,9.793,-0.12,0.12,-0.05
61.30,0.375,-0.033,9.843,0.14,-0.09,0.08
61.32,0.345,0.038,9.767,-0.14,0.02,-0.12
61.34,0.382,0.062,9.857,-0.04,0.03,0.01
61.36,0.354,0.005,9.763,0.04,0.10,0.04
61.38,0.390,0.040,9.862,-0.10,-0.02,-0.14
61.40,0.322,-0.030,9.829,0.06,0.01,0.14
61.42,0.278,-0.062,9.754,-0.09,-0.04,-0.08
61.44,0.310,-0.050,9.833,0.13,0.13,-0.11
61.46,0.347,-0.063,9.759,0.09,-0.14,-0.03
61.48,0.368,0.077,9.691,-0.08,0.06,-0.06
61.50,0.291,0.046,9.819,-0.17,-0.07,-0.09
61.52,0.298,-0.016,9.786,0.01,0.07,0.17
61.54,0.185,0.014,9.758,0.11,0.01,0.09
61.56,0.273,-0.047,9.807,0.03,0.13,-0.19
61.58,0.329,-0.084,9.808,0.12,-0.10,0.02
61.60,0.330,-0.096,9.792,-0.00,-0.17,-0.05
61.62,0.374,-0.019,9.783,0.07,0.15,0.03
61.64,0.345,-0.065,9.732,0.07,-0.02,0.03
61.66,0.395,-0.051,9.739,0.18,-0.04,0.08
61.68,0.354,0.015,9.898,-0.01,0.03,0.12
61.70,0.378,-0.018,9.863,0.01,0.00,-0.05
61.72,0.367,0.043,9.849,0.15,-0.14,-0.09
61.74,0.245,0.067,9.759,0.10,-0.05,0.10
61.76,0.369,-0.092,9.682,0.05,0.07,-0.02
61.78,0.382,-0.030,9.755,0.03,-0.02,-0.06
61.80,0.262,-0.029,9.805,0.12,0.04,-0.07
61.82,0.336,0.041,9.701,0.11,0.09,-0.02
61.84,0.324,0.009,9.860,-0.10,0.01,-0.08
61.86,0.381,0.029,9.837,0.27,-0.08,0.01
61.88,0.384,0.065,9.810,0.09,-0.16,0.01
61.90,0.297,0.024,9.806,-0.16,-0.13,0.15
61.92,0.323,0.012,9.851,-0.07,-0.10,-0.07
61.94,0.295,0.000,9.856,0.02,0.12,-0.06
61.96,0.383,0.024,9.917,-0.10,-0.10,0.11
61.98,0.340,0.050,9.767,-0.05,-0.06,-0.02
62.00,0.354,-0.091,9.772,0.03,0.02,0.02
62.02,0.342,0.042,9.819,0.16,-0.04,-0.19
62.04,0.325,-0.120,9.842,-0.16,-0.13,0.06
62.06,0.275,-0.013,9.824,-0.07,0.07,0.05
62.08,0.401,-0.008,9.864,-0.17,-0.09,0.02
62.10,0.354,0.012,9.832,0.06,0.13,-0.03
62.12,0.422,0.008,9.722,0.03,0.02,0.03
62.14,0.421,0.070,9.859,-0.12,-0.14,-0.03
62.16,0.354,-0.042,9.754,0.03,0.00,-0.11
62.18,0.345,-0.019,9.823,-0.07,-0.02,0.18
62.20,0.400,-0.021,9.826,0.17,-0.04,0.18
62.22,0.297,0.015,9.776,0.14,0.08,-0.05
62.24,0.379,0.109,9.748,-0.02,0.15,-0.10
62.26,0.321,-0.006,9.746,0.02,-0.15,0.15
62.28,0.281,0.033,9.830,0.05,-0.06,-0.07
62.30,0.339,-0.032,9.760,-0.20,0.02,-0.05
62.32,0.362,-0.033,9.842,-0.12,0.07,0.15
62.34,0.313,-0.044,9.800,0.04,0.16,0.04
62.36,0.402,-0.004,9.788,0.01,0.08,0.02
62.38,0.399,-0.035,9.866,0.13,-0.14,0.05
62.40,0.339,0.018,9.750,0.00,-0.03,0.07
62.42,0.395,-0.001,9.837,-0.10,-0.07,0.00
62.44,0.304,0.070,9.755,0.13,-0.10,0.05
62.46,0.309,0.005,9.827,0.01,0.05,-0.10
62.48,0.322,0.067,9.834,-0.01,0.00,0.01
62.50,0.381,-0.084,9.843,-0.15,-0.00,0.00
62.52,0.359,-0.009,9.795,-0.08,-0.14,0.05
62.54,0.367,-0.067,9.776,0.03,0.12,-0.01
62.56,0.334,-0.079,9.865,0.07,0.02,-0.01
62.58,0.427,-0.004,9.796,0.13,-0.09,0.07
62.60,0.283,-0.062,9.793,0.00,-0.02,0.07
62.62,0.367,-0.033,9.894,0.12,-0.05,-0.01
62.64,0.407,-0.100,9.752,0.12,0.03,-0.05
62.66,0.360,0.015,9.812,0.07,0.08,-0.06
62.68,0.391,-0.002,9.749,-0.14,-0.04,-0.17
62.70,0.333,0.068,9.856,0.02,0.12,-0.02
62.72,0.331,-0.035,9.728,-0.16,-0.22,-0.01
62.74,0.338,0.055,9.816,0.02,-0.00,-0.21
62.76,0.280,0.109,9.768,0.09,0.04,-0.13
62.78,0.368,0.050,9.862,-0.04,-0.05,0.06
62.80,0.370,0.032,9.818,0.01,-0.08,-0.17
62.82,0.369,0.037,9.789,-0.01,0.04,0.11
62.84,0.315,-0.024,9.751,-0.06,0.17,-0.08
62.86,0.319,-0.096,9.774,-0.16,-0.20,0.15
62.88,0.303,0.007,9.727,0.19,0.23,-0.03
62.90,0.360,0.064,9.785,-0.09,-0.04,-0.04
62.92,0.321,-0.025,9.822,0.01,-0.12,0.10
62.94,0.361,0.022,9.792,-0.04,0.06,-0.04
62.96,0.358,0.011,9.767,-0.03,-0.19,0.07
62.98,0.388,0.004,9.873,-0.07,-0.06,0.07
63.00,0.317,0.062,9.805,0.01,0.07,0.07
63.02,0.360,0.034,9.891,-0.00,0.20,0.02
63.04,0.326,-0.089,9.808,0.02,-0.01,-0.05
63.06,0.367,0.071,9.771,0.09,-0.04,-0.18
63.08,0.311,-0.018,9.731,0.13,-0.02,0.20
63.10,0.397,-0.005,9.804,0.00,-0.13,0.17
63.12,0.369,0.010,9.774,0.01,-0.09,-0.02
63.14,0.397,0.022,9.744,0.05,-0.15,-0.04
63.16,0.380,0.049,9.758,-0.02,0.04,-0.18
63.18,0.331,0.008,9.816,-0.04,0.03,-0.12
63.20,0.366,0.092,9.777,0.03,-0.16,-0.03
63.22,0.374,-0.013,9.828,-0.16,0.11,0.04
63.24,0.390,0.034,9.823,0.07,0.12,0.03
63.26,0.412,0.001,9.856,-0.14,0.08,0.12
63.28,0.312,-0.046,9.729,-0.06,-0.05,-0.07
63.30,0.290,-0.014,9.739,-0.13,-0.09,0.05
63.32,0.383,-0.013,9.763,0.10,0.18,-0.07
63.34,0.393,-0.035,9.823,0.16,0.19,-0.04
63.36,0.358,-0.022,9.720,-0.03,0.11,-0.00
63.38,0.372,-0.061,9.835,-0.04,-0.07,0.04
63.40,0.356,0.020,9.810,-0.11,0.03,0.03
63.42,0.373,0.085,9.780,-0.02,-0.13,-0.04
63.44,0.254,-0.029,9.827,-0.18,-0.04,0.01
63.46,0.354,0.077,9.772,0.03,0.16,0.00
63.48,0.307,0.008,9.776,-0.07,0.07,-0.18
63.50,0.275,-0.049,9.786,-0.06,0.02,0.01
63.52,0.320,0.023,9.868,0.01,0.03,0.11
63.54,0.357,0.037,9.801,-0.10,-0.09,0.06
63.56,0.326,-0.062,9.794,-0.16,0.02,0.00
63.58,0.341,-0.023,9.822,0.20,-0.26,0.19
63.60,0.427,0.031,9.788,0.18,-0.18,-0.19
63.62,0.368,-0.027,9.819,0.10,-0.12,-0.00
63.64,0.388,0.011,9.850,0.09,-0.12,-0.25
63.66,0.463,0.052,9.795,0.18,-0.18,-0.01
63.68,0.293,-0.042,9.796,-0.03,-0.05,0.17
63.70,0.339,0.073,9.827,-0.29,-0.09,0.05
63.72,0.464,0.013,9.803,-0.02,-0.05,-0.06
63.74,0.327,-0.005,9.815,0.21,0.07,-0.18
63.76,0.353,0.035,9.902,-0.23,-0.06,-0.00
63.78,0.311,0.097,9.852,-0.01,0.06,-0.03
63.80,0.365,0.015,9.744,-0.14,0.08,0.00
63.82,0.312,-0.003,9.776,0.07,-0.08,-0.03
63.84,0.369,-0.088,9.759,-0.05,-0.15,-0.06
63.86,0.447,-0.010,9.786,-0.19,0.16,0.02
63.88,0.332,0.068,9.769,-0.11,0.20,0.11
63.90,0.384,-0.086,9.750,0.05,-0.04,0.17
63.92,0.364,-0.049,9.774,0.09,-0.02,-0.12
63.94,0.396,0.082,9.795,-0.09,-0.28,-0.11
63.96,0.346,0.021,9.911,-0.28,0.12,-0.03
63.98,0.425,-0.012,9.798,-0.05,-0.01,0.12
64.00,0.343,-0.023,9.764,-0.11,-0.20,-0.04
64.02,0.376,-0.069,9.810,0.02,-0.12,0.08
64.04,0.242,-0.018,9.824,-0.01,0.14,0.05
64.06,0.457,-0.055,9.714,0.17,0.00,0.01
64.08,0.331,-0.015,9.712,-0.07,0.09,-0.07
64.10,0.299,-0.024,9.782,-0.29,-0.02,0.13
64.12,0.322,0.075,9.844,0.06,-0.11,-0.03
64.14,0.285,0.033,9.768,0.02,-0.05,0.02
64.16,0.335,-0.015,9.676,0.20,-0.03,-0.04
64.18,0.431,-0.043,9.813,-0.05,0.11,-0.09
64.20,0.385,0.030,9.758,0.03,0.12,-0.07
64.22,0.415,0.010,9.756,0.14,0.02,-0.08
64.24,0.362,-0.041,9.777,0.07,-0.03,0.06
64.26,0.356,0.031,9.788,0.08,0.04,0.02
64.28,0.389,-0.048,9.898,-0.04,-0.15,0.10
64.30,0.457,-0.025,9.807,-0.14,0.21,0.07
64.32,0.307,-0.041,9.799,0.09,-0.16,0.08
64.34,0.322,0.072,9.851,0.09,0.09,0.02
64.36,0.307,0.091,9.775,-0.01,-0.15,-0.20
64.38,0.404,-0.023,9.857,-0.08,-0.03,0.02
64.40,0.195,-0.049,9.868,0.08,-0.19,0.07
64.42,0.317,0.041,9.792,0.19,-0.08,0.08
64.44,0.337,-0.057,9.786,-0.15,-0.13,0.03
64.46,0.352,-0.028,9.901,0.02,-0.03,-0.04
64.48,0.260,-0.068,9.854,-0.00,-0.02,-0.08
64.50,0.360,0.070,9.802,-0.11,-0.12,0.11
64.52,0.377,-0.028,9.854,0.07,0.04,-0.03
64.54,0.361,-0.013,9.795,-0.03,0.06,-0.04
64.56,0.392,-0.008,9.859,-0.01,-0.11,-0.08
64.58,0.428,-0.042,9.881,-0.08,-0.11,0.22
64.60,0.379,-0.068,9.727,0.08,-0.14,-0.02
64.62,0.330,0.022,9.828,-0.13,-0.00,0.10
64.64,0.339,0.004,9.788,-0.01,-0.11,0.09
64.66,0.410,0.007,9.796,-0.06,-0.06,0.05
64.68,0.336,0.014,9.861,-0.13,0.11,0.06
64.70,0.293,0.012,9.775,-0.08,0.08,-0.17
64.72,0.413,-0.100,9.798,0.00,-0.07,0.10
64.74,0.323,0.004,9.898,0.11,-0.11,-0.10
64.76,0.258,-0.061,9.687,-0.04,-0.00,0.12
64.78,0.337,-0.009,9.742,-0.02,-0.01,-0.04
64.80,0.305,-0.036,9.818,-0.12,0.19,0.09
64.82,0.347,-0.012,9.836,0.14,-0.12,0.04
64.84,0.364,-0.030,9.852,0.13,-0.02,-0.02
64.86,0.333,-0.006,9.830,0.10,-0.04,-0.08
64.88,0.365,0.079,9.890,-0.17,-0.16,-0.01
64.90,0.315,-0.011,9.806,0.12,0.02,0.14
64.92,0.303,0.119,9.820,-0.14,-0.04,-0.23
64.94,0.375,-0.003,9.867,-0.02,0.06,0.02
64.96,0.365,-0.086,9.874,0.01,0.13,0.08
64.98,0.313,-0.069,9.895,0.08,-0.29,0.16
65.00,0.371,0.032,9.821,-0.01,-0.00,0.17
65.02,0.294,-0.025,9.823,-0.02,-0.14,-0.03
65.04,0.332,0.013,9.814,-0.11,0.06,0.00
65.06,0.381,0.032,9.829,0.05,-0.00,-0.03
65.08,0.312,-0.031,9.875,-0.12,-0.03,0.08
65.10,0.370,-0.024,9.819,0.01,-0.00,-0.03
65.12,0.405,-0.078,9.890,0.16,0.01,-0.09
65.14,0.375,0.019,9.757,0.03,0.11,0.11
65.16,0.407,0.006,9.733,0.01,-0.10,0.18
65.18,0.323,0.013,9.764,-0.01,-0.09,-0.10
65.20,0.313,-0.043,9.837,-0.05,-0.06,0.11
65.22,0.373,-0.016,9.854,0.08,-0.21,0.02
65.24,0.390,0.048,9.724,0.07,-0.10,0.19
65.26,0.316,-0.105,9.705,0.02,-0.14,-0.07
65.28,0.307,-0.068,9.844,0.19,-0.17,-0.07
65.30,0.317,0.001,9.741,0.09,0.14,0.02
65.32,0.380,0.015,9.779,-0.19,-0.06,-0.15
65.34,0.289,-0.067,9.730,0.11,-0.31,-0.01
65.36,0.270,-0.028,9.787,-0.10,0.04,0.07
65.38,0.388,0.021,9.806,0.02,-0.09,-0.08
65.40,0.426,0.016,9.700,0.12,0.03,0.05
65.42,0.331,-0.071,9.787,0.07,0.12,0.04
65.44,0.272,0.154,9.745,0.04,-0.07,-0.06
65.46,0.400,-0.070,9.776,0.25,-0.12,0.10
65.48,0.240,-0.038,9.812,-0.14,0.01,0.09
65.50,0.251,-0.037,9.835,0.06,0.02,-0.02
65.52,0.321,0.061,9.837,-0.06,0.01,-0.01
65.54,0.358,0.113,9.782,0.06,0.18,0.01
65.56,0.338,0.067,9.777,0.12,-0.07,0.07
65.58,0.335,0.059,9.820,0.18,0.17,-0.02
65.60,0.356,0.025,9.895,-0.12,0.08,0.06
65.62,0.323,-0.101,9.850,0.12,-0.12,0.10
65.64,0.317,-0.029,9.730,-0.03,0.13,-0.10
65.66,0.388,-0.043,9.800,0.03,0.06,-0.08
65.68,0.302,-0.049,9.855,0.03,0.06,0.12
65.70,0.342,-0.005,9.786,0.02,-0.18,0.12
65.72,0.343,-0.016,9.800,0.08,-0.08,0.06
65.74,0.421,-0.042,9.783,-0.07,0.21,-0.01
65.76,0.370,-0.062,9.905,0.05,0.00,-0.18
65.78,0.372,0.002,9.857,0.21,-0.00,-0.12
65.80,0.286,0.009,9.759,0.06,-0.14,0.05
65.82,0.332,-0.056,9.796,0.01,-0.15,-0.05
65.84,0.352,-0.095,9.809,0.04,-0.11,0.07
65.86,0.356,0.021,9.841,-0.02,0.00,0.10
65.88,0.408,-0.015,9.847,-0.02,0.02,0.19
65.90,0.404,0.011,9.871,0.09,0.06,0.09
65.92,0.374,0.008,9.749,0.04,-0.07,0.03
65.94,0.443,-0.076,9.841,-0.04,-0.02,-0.02
65.96,0.356,-0.017,9.752,0.02,0.05,-0.01
65.98,0.328,0.030,9.857,0.00,0.11,-0.10
66.00,0.380,0.111,9.791,-0.13,0.02,-0.13
66.02,0.428,-0.016,9.762,0.01,-0.03,0.06
66.04,0.292,0.017,9.892,0.12,0.04,0.02
66.06,0.351,-0.056,9.839,-0.09,-0.01,-0.15
66.08,0.319,-0.077,9.776,0.02,0.23,-0.04
66.10,0.342,0.054,9.737,0.06,-0.02,0.12
66.12,0.320,-0.060,9.772,0.10,-0.15,0.02
66.14,0.325,-0.026,9.810,0.09,0.22,-0.15
66.16,0.372,0.044,9.850,0.04,-0.05,0.09
66.18,0.238,-0.017,9.901,-0.07,-0.06,0.13
66.20,0.389,0.033,9.791,0.09,-0.07,0.03
66.22,0.369,-0.019,9.809,0.09,0.23,0.05
66.24,0.421,0.039,9.819,-0.18,0.06,-0.17
66.26,0.355,-0.146,9.790,0.07,-0.02,0.05
66.28,0.438,-0.086,9.885,0.16,0.00,0.02
66.30,0.421,-0.172,9.815,0.10,0.06,-0.10
66.32,0.381,0.063,9.791,-0.13,0.11,-0.01
66.34,0.348,0.066,9.891,-0.06,-0.11,0.04
66.36,0.394,0.037,9.817,-0.01,-0.03,-0.05
66.38,0.276,-0.007,9.758,-0.05,-0.13,0.01
66.40,0.358,0.017,9.881,-0.12,0.14,-0.07
66.42,0.347,0.062,9.870,-0.10,0.09,-0.05
66.44,0.366,-0.015,9.829,0.04,0.03,-0.16
66.46,0.329,0.051,9.772,0.12,-0.03,-0.00
66.48,0.389,-0.002,9.852,0.06,0.02,-0.02
66.50,0.303,0.008,9.845,-0.15,0.01,-0.11
66.52,0.310,0.010,9.707,0.05,-0.15,-0.09
66.54,0.287,-0.031,9.876,0.16,-0.06,0.05
66.56,0.376,0.020,9.902,-0.14,-0.16,-0.25
66.58,0.356,0.011,9.828,0.29,0.09,0.11
66.60,0.381,-0.021,9.805,0.05,0.02,0.15
66.62,0.374,0.005,9.815,0.06,0.03,-0.07
66.64,0.412,-0.044,9.751,0.04,-0.04,-0.01
66.66,0.358,-0.018,9.840,-0.11,0.09,-0.03
66.68,0.432,-0.130,9.793,-0.06,0.05,0.08
66.70,0.272,0.023,9.831,-0.04,-0.00,-0.07
66.72,0.395,-0.048,9.859,-0.15,-0.03,-0.03
66.74,0.330,0.098,9.811,0.12,0.05,0.07
66.76,0.376,-0.008,9.773,-0.05,-0.06,-0.03
66.78,0.376,-0.006,9.880,-0.19,0.01,-0.02
66.80,0.355,0.033,9.833,0.03,-0.05,-0.12
66.82,0.428,-0.003,9.792,0.12,-0.01,-0.29
66.84,0.413,-0.023,9.717,-0.01,0.05,-0.08
66.86,0.391,0.014,9.712,-0.00,-0.13,-0.00
66.88,0.343,0.048,9.842,-0.03,-0.12,0.09
66.90,0.355,0.027,9.768,0.12,0.11,0.04
66.92,0.365,0.002,9.747,0.14,-0.21,-0.00
66.94,0.426,0.000,9.725,-0.03,-0.12,0.05
66.96,0.317,0.015,9.871,-0.00,-0.08,-0.02
66.98,0.429,0.002,9.883,0.11,0.01,-0.09
67.00,0.311,0.046,9.874,-0.01,-0.07,-0.12
67.02,0.453,0.021,9.797,-0.24,-0.02,0.09
67.04,0.230,-0.009,9.892,0.13,0.02,0.22
67.06,0.302,-0.082,9.819,0.25,-0.14,-0.12
67.08,0.303,0.010,9.886,-0.10,-0.04,-0.04
67.10,0.259,-0.001,9.731,-0.06,-0.14,-0.02
67.12,0.306,-0.001,9.896,0.01,0.03,-0.06
67.14,0.343,0.084,9.773,-0.10,0.20,0.09
67.16,0.327,-0.002,9.724,-0.04,-0.06,0.08
67.18,0.295,-0.072,9.696,0.08,0.12,0.09
67.20,0.406,-0.002,9.773,-0.18,-0.01,0.07
67.22,0.366,0.040,9.847,-0.17,-0.01,0.03
67.24,0.325,0.017,9.852,-0.11,0.02,-0.08
67.26,0.309,-0.021,9.819,0.05,0.07,0.00
67.28,0.308,-0.018,9.802,-0.06,-0.08,0.04
67.30,0.426,-0.011,9.785,0.10,-0.05,0.16
67.32,0.332,-0.011,9.750,-0.13,0.13,0.15
67.34,0.246,0.048,9.761,0.14,-0.00,-0.04
67.36,0.319,0.062,9.847,0.04,-0.07,-0.04
67.38,0.308,0.042,9.744,0.07,-0.02,0.18
67.40,0.354,0.050,9.732,-0.04,-0.04,0.21
67.42,0.330,0.024,9.823,0.04,0.07,0.13
67.44,0.329,-0.070,9.755,0.05,0.05,-0.05
67.46,0.292,0.064,9.830,-0.01,0.00,0.04
67.48,0.363,-0.015,9.777,-0.11,0.01,0.03
67.50,0.344,0.108,9.789,0.01,0.03,0.03
67.52,0.346,-0.099,9.919,0.24,-0.05,-0.13
67.54,0.362,-0.049,9.908,-0.05,0.02,0.03
67.56,0.361,0.036,9.868,0.08,-0.06,-0.17
67.58,0.380,0.033,9.705,0.06,-0.03,0.03
67.60,0.368,-0.034,9.784,0.09,-0.01,0.14
67.62,0.350,0.005,9.794,-0.09,0.03,-0.03
67.64,0.356,0.012,9.904,0.09,0.13,-0.10
67.66,0.365,0.047,9.852,-0.12,0.01,0.07
67.68,0.403,-0.063,9.801,-0.12,-0.01,0.04
67.70,0.329,0.016,9.690,0.12,-0.13,0.20
67.72,0.423,-0.034,9.748,-0.05,-0.17,-0.02
67.74,0.335,0.119,9.750,0.03,0.04,0.09
67.76,0.282,0.015,9.856,0.02,0.14,-0.01
67.78,0.307,0.058,9.776,-0.03,-0.02,-0.05
67.80,0.331,0.044,9.843,0.00,0.01,0.01
67.82,0.284,-0.051,9.788,0.10,0.12,-0.09
67.84,0.379,-0.068,9.871,-0.10,0.16,-0.01
67.86,0.370,0.052,9.804,-0.09,0.15,-0.13
67.88,0.332,-0.025,9.861,0.01,0.02,0.02
67.90,0.381,-0.025,9.844,-0.07,-0.02,0.01
67.92,0.307,-0.083,9.746,-0.16,0.16,0.08
67.94,0.344,-0.045,9.840,-0.00,-0.07,-0.02
67.96,0.298,-0.051,9.838,-0.30,-0.09,0.04
67.98,0.431,-0.031,9.889,0.04,-0.03,-0.03
68.00,0.311,0.024,9.935,0.03,0.01,0.03
68.02,0.269,0.016,9.795,-0.09,-0.02,-0.03
68.04,0.389,-0.041,9.809,-0.02,-0.06,0.04
68.06,0.374,-0.012,9.773,-0.07,0.17,0.01
68.08,0.355,0.023,9.875,-0.08,0.09,0.07
68.10,0.292,-0.009,9.873,-0.04,0.05,-0.14
68.12,0.360,0.106,9.806,0.00,0.04,-0.07
68.14,0.396,-0.003,9.876,-0.02,-0.12,0.15
68.16,0.357,-0.024,9.808,-0.01,-0.10,-0.16
68.18,0.260,0.041,9.833,0.06,0.09,-0.03
68.20,0.314,0.048,9.831,0.05,0.04,0.04
68.22,0.387,-0.038,9.762,0.08,0.13,-0.10
68.24,0.356,-0.048,9.828,-0.04,0.08,-0.20
68.26,0.260,-0.003,9.806,0.02,-0.05,0.02
68.28,0.376,0.030,9.895,0.03,-0.02,-0.06
68.30,0.396,-0.013,9.807,0.01,0.02,0.03
68.32,0.331,0.098,9.904,-0.07,0.02,-0.04
68.34,0.352,0.019,9.880,0.08,-0.09,0.02
68.36,0.422,-0.006,9.824,0.07,0.17,-0.03
68.38,0.297,0.023,9.812,-0.13,-0.16,0.03
68.40,0.304,-0.014,9.770,-0.22,-0.07,0.06
68.42,0.375,0.009,9.854,-0.06,-0.09,-0.08
68.44,0.268,-0.008,9.852,0.06,0.06,0.00
68.46,0.345,0.050,9.701,0.02,0.01,-0.11
68.48,0.454,-0.049,9.791,0.16,-0.06,-0.06
68.50,0.423,-0.055,9.896,0.11,0.01,-0.22
68.52,0.377,-0.062,9.888,0.05,0.04,0.05
68.54,0.361,-0.010,9.846,-0.12,0.06,-0.06
68.56,0.390,0.100,9.856,0.08,0.19,0.08
68.58,0.392,0.049,9.775,-0.03,0.04,0.14
68.60,0.364,0.042,9.814,-0.13,-0.24,0.02
68.62,0.359,0.029,9.832,-0.14,-0.12,0.13
68.64,0.352,0.064,9.842,-0.19,-0.04,0.06
68.66,0.355,0.020,9.857,0.05,0.06,0.07
68.68,0.358,0.074,9.788,-0.09,-0.05,0.05
68.70,0.362,0.036,9.886,-0.22,-0.11,-0.10
68.72,0.408,0.040,9.835,-0.00,0.06,-0.03
68.74,0.315,0.039,9.877,-0.09,0.04,0.06
68.76,0.303,-0.014,9.755,0.02,0.07,-0.11
68.78,0.379,0.048,9.830,-0.20,0.11,-0.16
68.80,0.331,-0.075,9.773,-0.03,0.07,0.06
68.82,0.387,-0.077,9.840,0.02,0.00,0.17
68.84,0.295,-0.069,9.814,-0.05,0.13,-0.05
68.86,0.373,0.017,9.919,-0.02,0.16,-0.12
68.88,0.377,-0.023,9.782,-0.23,0.09,0.29
68.90,0.267,-0.033,9.780,-0.08,-0.06,-0.07
68.92,0.367,-0.046,9.878,0.13,0.08,0.12
68.94,0.338,-0.008,9.809,0.01,-0.09,-0.03
68.96,0.252,-0.040,9.830,0.03,-0.05,0.03
68.98,0.387,-0.035,9.786,-0.07,0.06,-0.05
69.00,0.376,0.018,9.837,-0.05,-0.09,-0.10
69.02,0.346,-0.051,9.715,-0.12,0.07,-0.11
69.04,0.274,0.047,9.810,0.10,-0.11,-0.06
69.06,0.309,0.023,9.882,-0.15,-0.10,-0.02
69.08,0.392,0.046,9.870,0.03,0.09,0.00
69.10,0.313,0.101,9.848,-0.05,0.15,0.05
69.12,0.263,0.003,9.825,0.10,0.15,0.08
69.14,0.355,0.055,9.774,-0.22,-0.08,-0.06
69.16,0.366,0.074,9.856,0.13,0.05,-0.04
69.18,0.270,0.005,9.797,0.00,-0.07,-0.08
69.20,0.393,0.048,9.809,-0.00,0.07,0.20
69.22,0.449,0.030,9.774,-0.18,-0.23,-0.12
69.24,0.376,-0.088,9.766,-0.13,-0.04,0.20
69.26,0.331,0.001,9.881,0.04,-0.22,0.07
69.28,0.418,0.011,9.813,-0.03,-0.11,0.02
69.30,0.395,-0.028,9.802,-0.11,0.26,-0.01
69.32,0.340,0.015,9.828,-0.02,-0.10,0.07
69.34,0.254,-0.059,9.831,0.01,0.02,-0.01
69.36,0.321,-0.040,9.824,0.19,-0.04,-0.00
69.38,0.403,0.051,9.826,-0.08,0.01,0.01
69.40,0.366,0.046,9.821,0.10,-0.02,0.12
69.42,0.286,0.042,9.902,-0.03,-0.20,-0.01
69.44,0.336,-0.118,9.784,-0.09,0.08,-0.14
69.46,0.252,0.021,9.923,0.05,0.11,0.10
69.48,0.288,0.025,9.811,-0.04,0.01,0.18
69.50,0.397,0.017,9.741,-0.12,-0.01,0.03
69.52,0.529,-0.071,9.832,-0.03,0.10,0.03
69.54,0.440,0.043,9.738,-0.04,0.01,-0.09
69.56,0.305,-0.051,9.794,0.09,0.09,0.01
69.58,0.415,-0.065,9.823,0.17,-0.02,-0.05
69.60,0.333,-0.012,9.954,0.00,-0.12,-0.05
69.62,0.361,0.017,9.784,0.05,0.04,-0.02
69.64,0.350,0.022,9.772,-0.08,-0.11,0.00
69.66,0.401,-0.071,9.802,-0.00,0.03,-0.02
69.68,0.412,0.071,9.851,0.08,0.20,0.04
69.70,0.360,-0.003,9.832,0.09,-0.13,0.12
69.72,0.371,-0.024,9.819,0.13,-0.04,-0.00
69.74,0.372,-0.058,9.728,-0.04,0.11,-0.15
69.76,0.395,0.008,9.771,0.10,-0.18,-0.02
69.78,0.397,0.012,9.751,0.03,0.01,-0.02
69.80,0.369,-0.036,9.735,-0.09,0.09,-0.00
69.82,0.387,0.013,9.834,-0.03,0.05,-0.08
69.84,0.279,-0.082,9.822,-0.05,0.16,0.07
69.86,0.275,0.005,9.890,0.00,0.26,0.18
69.88,0.364,-0.045,9.796,-0.17,0.00,0.11
69.90,0.406,-0.046,9.859,0.07,-0.12,-0.07
69.92,0.316,0.012,9.801,-0.03,0.13,0.11
69.94,0.375,0.054,9.934,0.10,0.08,0.03
69.96,0.341,0.017,9.796,-0.09,0.03,0.06
69.98,0.309,0.066,9.701,-0.06,0.10,-0.02
70.00,0.373,0.001,9.704,0.13,-0.08,-0.07
70.02,0.335,0.065,9.780,0.02,0.12,0.14
70.04,0.337,0.025,9.837,-0.10,-0.03,-0.07
70.06,0.330,0.038,9.785,-0.08,0.17,0.14
70.08,0.363,-0.013,9.771,0.14,-0.13,0.16
70.10,0.384,-0.055,9.824,-0.04,-0.19,-0.10
70.12,0.336,-0.007,9.765,-0.09,-0.04,0.06
70.14,0.333,0.083,9.853,0.07,0.10,0.13
70.16,0.286,-0.061,9.901,-0.01,-0.01,-0.10
70.18,0.414,-0.010,9.865,-0.13,0.11,-0.08
70.20,0.416,-0.057,9.726,0.11,-0.03,-0.00
70.22,0.341,0.059,9.885,0.05,-0.07,-0.06
70.24,0.359,-0.039,9.832,-0.10,0.01,-0.05
70.26,0.225,0.026,9.764,-0.09,-0.09,-0.06
70.28,0.363,-0.015,9.803,0.14,0.08,-0.08
70.30,0.427,0.104,9.812,-0.04,-0.06,-0.00
70.32,0.285,0.018,9.893,0.15,-0.05,0.06
70.34,0.332,-0.060,9.824,-0.02,0.05,0.03
70.36,0.348,-0.001,9.727,-0.01,-0.12,0.06
70.38,0.492,-0.038,9.894,0.08,-0.13,0.10
70.40,0.371,-0.054,9.825,-0.04,-0.06,-0.04
70.42,0.279,0.040,9.707,-0.08,0.01,-0.09
70.44,0.299,0.038,9.836,0.11,0.04,0.19
70.46,0.417,0.063,9.738,-0.02,-0.00,-0.11
70.48,0.289,0.019,9.775,0.17,-0.09,-0.06
70.50,0.293,0.018,9.785,0.09,0.05,-0.13
70.52,0.352,0.004,9.895,-0.19,0.08,-0.10
70.54,0.312,-0.018,9.807,0.16,0.06,-0.02
70.56,0.337,0.017,9.855,-0.01,-0.15,0.06
70.58,0.343,0.033,9.890,-0.04,-0.16,0.02
70.60,0.389,-0.010,9.767,-0.05,0.08,-0.05
70.62,0.344,0.037,9.794,0.13,0.01,0.05
70.64,0.365,0.031,9.737,0.27,-0.03,-0.05
70.66,0.329,-0.002,9.742,-0.07,-0.01,-0.03
70.68,0.326,0.028,9.719,0.04,0.02,0.04
70.70,0.344,0.052,9.762,0.13,0.02,-0.01
70.72,0.303,-0.077,9.732,0.05,-0.04,-0.01
70.74,0.372,-0.047,9.815,-0.02,0.13,0.04
70.76,0.345,0.063,9.719,-0.07,-0.01,-0.05
70.78,0.449,-0.013,9.729,0.07,-0.09,0.15
70.80,0.223,-0.017,9.833,0.09,-0.08,-0.01
70.82,0.459,-0.021,9.749,0.04,-0.15,0.13
70.84,0.417,0.074,9.898,-0.04,0.08,-0.04
70.86,0.315,0.019,9.778,-0.03,0.02,0.03
70.88,0.389,0.038,9.809,0.02,-0.10,-0.18
70.90,0.337,0.079,9.738,-0.09,-0.17,-0.10
70.92,0.382,-0.014,9.909,-0.05,0.06,0.05
70.94,0.374,-0.047,9.828,0.08,0.11,-0.18
70.96,0.365,-0.043,9.868,0.12,0.18,0.00
70.98,0.362,-0.104,9.775,-0.07,0.04,0.12
71.00,0.380,0.094,9.760,-0.04,-0.04,0.05
71.02,0.329,0.046,9.846,0.02,-0.06,0.16
71.04,0.340,0.034,9.844,-0.09,0.05,0.12
71.06,0.325,-0.017,9.725,0.19,0.12,0.02
71.08,0.382,0.071,9.835,0.05,0.10,0.14
71.10,0.327,0.024,9.838,0.06,-0.24,0.02
71.12,0.367,0.015,9.749,-0.06,0.02,-0.14
71.14,0.353,0.022,9.788,0.10,0.18,-0.03
71.16,0.328,0.070,9.827,-0.06,-0.18,-0.06
71.18,0.340,0.024,9.796,-0.05,0.01,-0.14
71.20,0.324,-0.041,9.731,-0.12,0.14,-0.13
71.22,0.348,0.043,9.748,-0.07,0.04,-0.11
71.24,0.400,-0.001,9.863,0.13,0.21,-0.01
71.26,0.397,0.021,9.777,0.22,-0.01,0.06
71.28,0.326,0.037,9.791,0.22,0.08,-0.10
71.30,0.350,0.035,9.789,-0.09,0.17,0.05
71.32,0.299,-0.117,9.917,-0.13,0.10,0.06
71.34,0.355,-0.027,9.812,-0.17,-0.04,0.13
71.36,0.369,-0.057,9.797,-0.15,-0.06,0.20
71.38,0.311,0.020,9.849,-0.04,-0.09,-0.17
71.40,0.306,-0.018,9.847,0.01,0.21,-0.15
71.42,0.452,-0.006,9.762,-0.11,0.12,-0.24
71.44,0.285,0.013,9.751,0.04,0.09,-0.10
71.46,0.333,0.043,9.795,0.00,0.07,-0.09
71.48,0.331,0.001,9.791,0.03,-0.18,0.03
71.50,0.332,0.069,9.724,0.09,-0.09,0.00
71.52,0.380,-0.018,9.799,0.10,0.23,0.24
71.54,0.299,-0.013,9.882,-0.04,0.10,0.21
71.56,0.360,0.081,9.700,0.00,-0.09,-0.04
71.58,0.342,0.111,9.778,0.11,0.11,0.03
71.60,0.314,-0.007,9.785,-0.03,-0.08,0.05
71.62,0.390,-0.048,9.882,0.10,0.19,0.12
71.64,0.432,-0.065,9.769,0.06,0.11,0.06
71.66,0.302,0.020,9.837,-0.07,0.06,0.05
71.68,0.346,-0.031,9.816,0.04,0.02,-0.17
71.70,0.362,0.035,9.807,0.08,-0.27,0.02
71.72,0.332,0.021,9.787,0.00,0.06,-0.12
71.74,0.347,0.054,9.826,0.05,0.19,0.09
71.76,0.443,0.040,9.748,-0.08,-0.26,0.08
71.78,0.290,-0.007,9.819,-0.06,0.15,0.06
71.80,0.383,0.075,9.808,-0.05,0.10,0.27
71.82,0.462,-0.006,9.878,-0.14,-0.13,-0.05
71.84,0.380,0.119,9.850,-0.12,-0.07,-0.02
71.86,0.383,-0.012,9.803,0.09,0.12,-0.07
71.88,0.285,0.024,9.836,-0.08,-0.00,-0.09
71.90,0.353,-0.043,9.820,0.03,0.06,-0.09
71.92,0.342,0.060,9.882,-0.12,-0.04,-0.10
71.94,0.322,-0.026,9.885,-0.19,-0.14,0.07
71.96,0.391,0.016,9.904,0.01,-0.23,0.21
71.98,0.360,-0.010,9.904,0.04,-0.09,0.19
72.00,0.323,0.067,9.841,0.09,-0.14,0.00
72.02,0.397,-0.075,9.727,-0.02,0.15,0.01
72.04,0.280,0.014,9.847,-0.25,-0.04,0.18
72.06,0.327,0.073,9.808,0.06,-0.06,-0.08
72.08,0.436,-0.107,9.789,0.03,0.09,-0.12
72.10,0.426,0.040,9.852,0.06,0.10,0.03
72.12,0.438,-0.060,9.788,0.01,-0.07,0.07
72.14,0.321,0.039,9.847,-0.15,0.24,-0.03
72.16,0.407,-0.022,9.766,0.10,0.02,0.01
72.18,0.383,-0.005,9.701,-0.01,0.06,-0.00
72.20,0.313,-0.021,9.826,0.03,0.13,-0.18
72.22,0.326,-0.064,9.845,-0.07,0.14,0.03
72.24,0.353,0.010,9.747,-0.05,-0.18,-0.06
72.26,0.338,-0.101,9.821,-0.12,-0.18,-0.00
72.28,0.297,0.004,9.788,0.00,-0.01,0.10
72.30,0.352,-0.066,9.707,-0.17,-0.10,-0.13
72.32,0.308,-0.046,9.786,-0.00,-0.03,0.05
72.34,0.370,-0.021,9.753,-0.13,-0.05,0.03
72.36,0.409,0.038,9.801,-0.00,-0.16,0.10
72.38,0.376,0.053,9.924,-0.11,0.20,-0.01
72.40,0.332,-0.014,9.817,-0.04,-0.11,0.13
72.42,0.308,-0.039,9.782,-0.15,-0.02,0.09
72.44,0.346,0.028,9.807,0.13,-0.03,-0.02
72.46,0.387,0.033,9.861,0.07,0.15,-0.06
72.48,0.352,0.070,9.831,-0.04,-0.04,-0.23
72.50,0.400,0.006,9.751,-0.00,0.12,-0.09
72.52,0.395,0.047,9.861,0.04,0.12,-0.03
72.54,0.251,-0.024,9.829,-0.04,0.04,0.04
72.56,0.418,0.006,9.783,0.03,0.11,-0.09
72.58,0.409,-0.003,9.891,0.18,0.06,-0.06
72.60,0.302,0.055,9.663,0.11,0.11,0.01
72.62,0.290,-0.024,9.790,-0.11,-0.06,0.02
72.64,0.504,-0.029,9.737,-0.07,0.12,0.10
72.66,0.344,-0.023,9.782,0.03,0.11,0.04
72.68,0.331,-0.061,9.790,-0.07,-0.12,0.03
72.70,0.356,-0.073,9.816,-0.00,0.14,-0.14
72.72,0.462,0.004,9.882,-0.06,0.13,-0.07
72.74,0.286,0.008,9.806,0.08,0.02,0.13
72.76,0.266,0.067,9.917,-0.04,0.20,-0.11
72.78,0.302,0.112,9.810,0.04,-0.02,-0.09
72.80,0.360,-0.065,9.770,0.01,0.19,0.10
72.82,0.341,0.005,9.737,0.05,-0.02,0.07
72.84,0.357,0.024,9.882,0.12,0.01,0.27
72.86,0.335,0.050,9.766,0.11,0.06,0.02
72.88,0.290,0.080,9.794,-0.01,0.05,0.12
72.90,0.421,0.039,9.817,-0.00,0.06,-0.06
72.92,0.266,0.099,9.801,-0.01,0.10,-0.15
72.94,0.448,0.053,9.869,0.00,0.07,0.05
72.96,0.305,0.050,9.884,0.04,0.14,0.10
72.98,0.367,0.079,9.858,0.02,0.12,0.09
73.00,0.364,-0.048,9.867,-0.05,0.04,-0.07
73.02,0.256,-0.001,9.839,0.08,0.06,0.11
73.04,0.411,-0.032,9.800,0.17,-0.04,-0.12
73.06,0.388,0.096,9.838,0.11,0.04,-0.07
73.08,0.316,-0.041,9.875,-0.10,-0.07,-0.17
73.10,0.303,-0.023,9.847,-0.11,0.04,0.06
73.12,0.306,-0.071,9.762,-0.05,0.18,-0.10
73.14,0.369,0.015,9.737,-0.06,-0.01,-0.04
73.16,0.397,0.102,9.759,0.01,0.15,-0.20
73.18,0.369,0.011,9.776,0.07,-0.05,-0.08
73.20,0.423,0.093,9.850,-0.08,0.06,0.07
73.22,0.315,0.010,9.806,-0.03,-0.04,0.05
73.24,0.224,-0.006,9.830,-0.05,0.07,0.06
73.26,0.321,0.054,9.798,0.03,0.07,-0.08
73.28,0.357,0.016,9.762,0.01,0.03,0.14
73.30,0.277,-0.004,9.777,0.23,-0.05,-0.05
73.32,0.309,0.066,9.675,-0.04,0.01,0.01
73.34,0.375,-0.024,9.875,0.22,-0.04,0.12
73.36,0.331,0.033,9.930,-0.09,0.11,0.09
73.38,0.273,0.044,9.788,0.01,-0.00,0.22
73.40,0.381,-0.020,9.703,0.05,0.08,-0.06
73.42,0.279,-0.078,9.799,-0.02,0.07,0.02
73.44,0.266,-0.043,9.783,-0.17,-0.03,0.03
73.46,0.323,0.060,9.829,-0.02,-0.09,0.07
73.48,0.453,0.058,9.851,0.03,0.14,0.17
73.50,0.371,0.145,9.806,0.10,0.05,0.01
73.52,0.318,0.012,9.855,0.08,-0.00,-0.07
73.54,0.411,-0.018,9.817,0.13,0.01,0.07
73.56,0.337,0.042,9.767,0.17,0.16,-0.06
73.58,0.330,-0.035,9.894,-0.03,-0.02,-0.06
73.60,0.334,0.000,9.796,-0.01,-0.17,-0.00
73.62,0.345,0.015,9.718,0.02,0.15,-0.13
73.64,0.235,0.055,9.731,-0.18,0.14,-0.03
73.66,0.394,0.041,9.814,0.03,0.15,-0.14
73.68,0.232,0.024,9.769,0.02,0.07,0.05
73.70,0.353,-0.058,9.822,0.00,0.08,0.06
73.72,0.326,0.026,9.842,-0.13,-0.03,0.09
73.74,0.355,0.006,9.753,0.05,0.01,-0.05
73.76,0.284,0.020,9.825,0.13,0.08,-0.13
73.78,0.276,-0.036,9.773,-0.03,-0.11,-0.04
73.80,0.375,-0.048,9.697,0.04,-0.03,0.07
73.82,0.373,-0.111,9.818,-0.03,-0.20,0.11
73.84,0.378,0.051,9.777,0.05,-0.04,0.06
73.86,0.277,-0.036,9.726,-0.11,-0.03,0.14
73.88,0.313,0.008,9.798,0.06,-0.08,-0.01
73.90,0.290,-0.023,9.800,0.02,-0.08,-0.06
73.92,0.321,0.026,9.862,-0.02,0.10,-0.01
73.94,0.306,-0.062,9.769,0.04,-0.11,-0.02
73.96,0.360,-0.052,9.871,0.08,0.16,-0.02
73.98,0.282,0.040,9.712,0.01,0.18,0.02
74.00,0.351,0.018,9.833,-0.08,-0.11,-0.10
74.02,0.325,-0.001,9.879,-0.11,-0.06,-0.05
74.04,0.391,-0.054,9.835,0.06,0.01,-0.15
74.06,0.269,0.050,9.735,0.09,0.04,-0.04
74.08,0.317,0.007,9.743,-0.14,0.03,-0.05
74.10,0.357,0.045,9.837,0.03,0.13,0.09
74.12,0.303,-0.068,9.793,-0.03,0.03,-0.01
74.14,0.310,0.029,9.797,0.01,0.05,-0.14
74.16,0.303,0.072,9.875,0.06,-0.04,-0.09
74.18,0.378,0.011,9.675,0.05,0.22,-0.15
74.20,0.368,0.034,9.843,-0.11,-0.18,-0.14
74.22,0.349,0.054,9.736,0.09,0.05,0.04
74.24,0.364,-0.045,9.850,0.04,0.31,-0.02
74.26,0.306,0.042,9.826,-0.09,-0.04,-0.03
74.28,0.355,-0.024,9.808,0.02,-0.03,-0.31
74.30,0.324,0.028,9.810,0.01,-0.19,0.19
74.32,0.320,-0.048,9.861,-0.02,-0.09,-0.16
74.34,0.417,0.071,9.824,-0.12,-0.02,-0.02
74.36,0.334,-0.042,9.830,0.05,0.00,-0.03
74.38,0.330,-0.004,9.885,-0.01,0.23,0.05
74.40,0.402,-0.070,9.804,-0.05,0.20,0.14
74.42,0.345,0.027,9.734,0.16,0.03,-0.01
74.44,0.370,-0.099,9.794,-0.04,0.04,0.12
74.46,0.340,0.002,9.842,0.03,-0.00,0.10
74.48,0.319,-0.007,9.712,0.21,-0.03,0.09
74.50,0.354,0.010,9.738,-0.02,0.02,-0.12
74.52,0.374,-0.016,9.769,0.06,0.05,0.03
74.54,0.304,0.070,9.770,-0.09,0.11,0.06
74.56,0.325,0.023,9.807,0.09,-0.05,-0.09
74.58,0.469,-0.054,9.804,-0.10,-0.20,0.01
74.60,0.321,0.094,9.825,-0.23,0.02,0.05
74.62,0.344,0.073,9.717,0.13,-0.05,-0.05
74.64,0.358,0.042,9.759,0.07,0.07,-0.06
74.66,0.333,-0.009,9.739,-0.07,0.08,-0.05
74.68,0.363,0.076,9.784,0.01,0.08,-0.00
74.70,0.398,-0.032,9.776,0.11,-0.13,0.08
74.72,0.236,-0.121,9.830,0.17,-0.11,0.06
74.74,0.385,-0.013,9.860,0.10,-0.05,0.02
74.76,0.371,-0.085,9.758,-0.02,-0.02,0.11
74.78,0.341,0.022,9.871,0.02,0.03,0.01
74.80,0.387,-0.013,9.824,0.07,-0.05,0.10
74.82,0.262,-0.020,9.848,0.03,0.12,-0.02
74.84,0.287,0.033,9.823,0.07,-0.21,0.05
74.86,0.309,0.014,9.801,0.06,0.05,0.03
74.88,0.265,0.016,9.793,0.01,0.05,0.11
74.90,0.388,-0.076,9.785,-0.03,-0.00,-0.05
74.92,0.362,0.013,9.752,-0.10,-0.08,-0.12
74.94,0.354,0.017,9.810,0.02,0.10,-0.10
74.96,0.389,0.078,9.858,0.11,0.18,-0.17
74.98,0.271,0.030,9.800,-0.00,-0.13,-0.08
75.00,0.361,-0.078,9.783,-0.14,-0.06,0.09
75.02,0.270,0.049,9.877,-0.06,0.02,-0.06
75.04,0.329,-0.088,9.856,0.09,-0.05,0.01
75.06,0.304,-0.016,9.793,0.03,0.14,0.00
75.08,0.356,0.014,9.787,0.00,-0.03,0.15
75.10,0.435,0.056,9.794,0.13,-0.06,-0.00
75.12,0.446,0.090,9.895,0.07,-0.14,0.19
75.14,0.375,-0.129,9.800,-0.02,-0.12,-0.22
75.16,0.334,0.010,9.732,-0.09,-0.06,0.19
75.18,0.352,0.040,9.788,0.01,-0.02,0.02
75.20,0.398,0.040,9.832,0.03,0.13,0.05
75.22,0.318,0.009,9.809,-0.10,0.07,-0.01
75.24,0.394,-0.020,9.807,-0.05,0.19,0.06
75.26,0.429,-0.019,9.763,-0.04,-0.03,-0.10
75.28,0.293,0.012,9.764,0.09,0.00,0.09
75.30,0.355,-0.033,9.731,0.30,-0.12,-0.07
75.32,0.402,-0.003,9.843,-0.14,0.04,-0.06
75.34,0.414,0.085,9.742,-0.01,-0.01,-0.12
75.36,0.358,0.068,9.782,0.01,0.17,-0.09
75.38,0.364,0.094,9.858,0.02,0.08,0.07
75.40,0.284,-0.030,9.825,-0.02,-0.09,-0.14
75.42,0.351,-0.107,9.747,-0.12,-0.07,0.09
75.44,0.325,-0.131,9.718,-0.05,-0.05,0.08
75.46,0.367,0.117,9.844,-0.03,-0.07,0.02
75.48,0.203,0.026,9.745,0.04,-0.13,0.04
75.50,0.212,0.043,9.815,-0.03,0.09,0.25
75.52,0.340,0.092,9.798,0.16,-0.04,0.06
75.54,0.396,-0.080,9.896,-0.04,-0.06,-0.04
75.56,0.321,0.076,9.754,0.14,0.11,0.07
75.58,0.378,0.089,9.718,0.03,-0.07,0.04
75.60,0.331,-0.057,9.787,0.08,-0.06,0.12
75.62,0.409,0.039,9.740,-0.09,-0.07,0.03
75.64,0.389,-0.052,9.694,0.02,-0.21,-0.12
75.66,0.444,-0.018,9.821,0.14,-0.10,-0.14
75.68,0.419,-0.028,9.849,0.10,-0.09,-0.07
75.70,0.393,0.028,9.840,-0.09,-0.00,-0.18
75.72,0.259,0.008,9.806,-0.04,0.02,0.14
75.74,0.237,0.032,9.746,-0.03,-0.20,-0.05
75.76,0.337,-0.038,9.743,0.13,-0.22,-0.04
75.78,0.437,0.019,9.758,0.04,0.05,0.17
75.80,0.400,0.056,9.795,0.01,0.04,-0.11
75.82,0.339,0.062,9.871,-0.10,0.08,-0.07
75.84,0.435,-0.006,9.920,0.02,0.09,-0.02
75.86,0.308,0.040,9.739,0.11,0.13,-0.02
75.88,0.347,-0.003,9.733,-0.22,0.03,-0.01
75.90,0.405,0.094,9.847,-0.08,-0.01,0.10
75.92,0.284,0.027,9.817,-0.01,-0.19,0.02
75.94,0.434,0.090,9.853,-0.10,0.15,-0.03
75.96,0.315,-0.071,9.736,-0.16,-0.18,-0.27
75.98,0.337,-0.035,9.870,-0.07,0.12,0.09
76.00,0.421,-0.047,9.810,-0.08,-0.11,0.02
76.02,0.349,0.000,9.837,0.01,0.21,0.09
76.04,0.330,0.043,9.790,0.03,0.08,-0.06
76.06,0.352,-0.081,9.794,0.10,-0.11,-0.08
76.08,0.407,-0.010,9.786,-0.09,-0.09,-0.07
76.10,0.316,-0.006,9.880,-0.22,-0.04,-0.04
76.12,0.303,0.062,9.879,0.19,-0.03,0.06
76.14,0.361,0.006,9.777,0.01,-0.06,0.12
76.16,0.308,-0.018,9.774,-0.14,0.05,-0.10
76.18,0.281,-0.063,9.815,-0.16,0.01,0.11
76.20,0.326,-0.033,9.779,0.08,-0.14,-0.05
76.22,0.395,0.015,9.766,-0.06,0.18,0.09
76.24,0.384,-0.023,9.800,-0.10,0.02,0.04
76.26,0.401,0.001,9.809,-0.02,0.09,0.07
76.28,0.381,-0.024,9.848,0.11,0.09,0.12
76.30,0.291,0.012,9.844,-0.04,-0.01,-0.18
76.32,0.357,0.044,9.824,0.06,-0.13,-0.05
76.34,0.372,0.029,9.840,-0.06,-0.08,-0.15
76.36,0.330,-0.005,9.807,-0.09,-0.05,0.19
76.38,0.343,0.021,9.870,0.07,0.14,-0.01
76.40,0.332,-0.048,9.839,0.07,0.02,0.10
76.42,0.331,-0.074,9.737,0.04,0.18,-0.05
76.44,0.303,0.004,9.766,0.06,-0.06,0.20
76.46,0.348,0.091,9.836,-0.11,-0.07,-0.07
76.48,0.330,0.078,9.834,-0.16,-0.05,0.03
76.50,0.412,0.076,9.784,-0.03,0.14,0.02
76.52,0.366,0.079,9.778,-0.07,0.00,0.19
76.54,0.355,0.024,9.781,0.03,-0.10,0.25
76.56,0.407,-0.062,9.836,-0.16,0.16,-0.05
76.58,0.298,0.012,9.927,-0.04,0.05,0.10
76.60,0.284,-0.032,9.752,0.11,-0.09,0.06
76.62,0.397,-0.110,9.786,-0.07,0.06,-0.00
76.64,0.377,-0.005,9.919,-0.05,-0.06,0.08
76.66,0.351,-0.005,9.869,0.07,-0.09,0.00
76.68,0.316,-0.045,9.766,0.13,0.09,-0.00
76.70,0.369,0.144,9.788,-0.07,-0.14,0.17
76.72,0.316,-0.051,9.826,0.05,0.07,-0.01
76.74,0.346,-0.029,9.848,0.03,-0.14,-0.03
76.76,0.295,0.015,9.828,-0.04,-0.01,-0.08
76.78,0.421,0.136,9.696,0.17,-0.05,0.06
76.80,0.367,0.042,9.850,-0.05,0.05,0.04
76.82,0.367,0.094,9.861,0.19,0.09,-0.02
76.84,0.274,-0.045,9.811,-0.17,-0.17,-0.04
76.86,0.311,-0.013,9.788,-0.05,-0.11,0.05
76.88,0.319,-0.002,9.864,-0.05,0.01,-0.15
76.90,0.377,0.001,9.868,-0.11,-0.08,-0.11
76.92,0.401,-0.027,9.821,-0.20,0.00,-0.15
76.94,0.305,0.136,9.871,-0.14,-0.03,-0.20
76.96,0.397,0.000,9.878,-0.03,-0.15,-0.05
76.98,0.412,0.001,9.777,0.07,0.15,-0.03
77.00,0.272,0.038,9.787,-0.02,-0.06,0.07
77.02,0.385,0.013,9.827,-0.00,0.19,-0.06
77.04,0.262,-0.046,9.820,-0.28,-0.04,-0.07
77.06,0.451,-0.015,9.758,-0.02,-0.02,-0.01
77.08,0.303,-0.070,9.736,0.07,-0.03,-0.04
77.10,0.410,0.033,9.787,0.03,0.21,-0.05
77.12,0.382,0.017,9.847,-0.05,0.00,-0.09
77.14,0.362,0.112,9.751,-0.21,0.08,0.03
77.16,0.320,0.049,9.816,-0.09,-0.05,0.12
77.18,0.340,-0.062,9.823,0.00,0.04,0.08
77.20,0.324,-0.028,9.851,0.03,-0.05,-0.09
77.22,0.344,0.019,9.793,0.03,-0.01,0.10
77.24,0.277,0.064,9.791,0.09,0.14,0.12
77.26,0.319,0.041,9.843,0.10,-0.02,-0.09
77.28,0.276,-0.156,9.830,-0.12,-0.12,-0.06
77.30,0.337,-0.013,9.750,-0.05,0.15,0.13
77.32,0.356,-0.002,9.815,-0.14,-0.00,0.12
77.34,0.353,-0.015,9.710,0.04,-0.08,-0.09
77.36,0.329,-0.059,9.813,-0.07,-0.09,0.01
77.38,0.348,-0.087,9.834,0.15,0.05,-0.07
77.40,0.274,0.070,9.856,0.06,-0.02,-0.02
77.42,0.420,0.008,9.765,0.01,-0.03,0.05
77.44,0.246,-0.012,9.805,0.04,0.04,-0.05
77.46,0.404,0.076,9.732,0.17,0.07,0.03
77.48,0.406,-0.010,9.766,0.09,-0.09,0.32
77.50,0.416,0.100,9.734,-0.08,0.11,0.16
77.52,0.393,-0.037,9.856,0.04,-0.07,-0.02
77.54,0.373,-0.029,9.687,-0.02,-0.08,0.21
77.56,0.198,-0.033,9.745,-0.02,0.04,0.01
77.58,0.307,0.034,9.842,-0.05,0.26,-0.07
77.60,0.332,0.011,9.818,0.10,-0.03,0.22
77.62,0.283,-0.040,9.874,-0.10,-0.29,0.07
77.64,0.363,0.007,9.742,-0.12,0.03,0.04
77.66,0.382,0.041,9.733,0.06,-0.01,-0.04
77.68,0.295,-0.057,9.822,-0.20,0.10,0.17
77.70,0.387,-0.007,9.796,-0.02,0.02,0.11
77.72,0.381,0.006,9.764,0.18,-0.12,-0.03
77.74,0.405,0.040,9.843,-0.00,-0.02,0.03
77.76,0.414,0.036,9.778,-0.12,0.15,0.02
77.78,0.335,0.053,9.776,-0.13,0.01,0.03
77.80,0.368,0.046,9.807,0.06,-0.14,0.00
77.82,0.370,-0.004,9.864,0.08,-0.19,-0.08
77.84,0.376,-0.046,9.761,-0.12,0.04,-0.04
77.86,0.257,-0.001,9.877,0.06,-0.04,0.11
77.88,0.343,-0.025,9.876,-0.11,-0.27,0.14
77.90,0.357,-0.051,9.834,0.20,0.02,0.07
77.92,0.345,-0.032,9.740,-0.10,-0.08,0.03
77.94,0.324,0.086,9.828,0.03,-0.12,-0.15
77.96,0.299,-0.001,9.869,0.14,0.15,0.03
77.98,0.324,-0.016,9.797,0.16,0.04,-0.24
78.00,0.407,-0.022,9.790,-0.16,-0.01,-0.15
78.02,0.356,-0.008,9.779,-0.18,-0.02,0.08
78.04,0.268,0.158,9.782,0.00,-0.11,-0.06
78.06,0.366,-0.035,9.848,-0.08,-0.06,-0.09
78.08,0.384,0.022,9.857,-0.03,0.08,0.14
78.10,0.231,-0.008,9.779,-0.07,0.06,0.09
78.12,0.380,-0.086,9.842,0.10,-0.02,-0.01
78.14,0.285,-0.016,9.734,0.11,0.07,0.13
78.16,0.344,0.042,9.815,-0.00,0.12,0.16
78.18,0.279,-0.019,9.813,-0.14,0.10,0.05
78.20,0.403,-0.051,9.933,0.09,0.16,-0.07
78.22,0.348,-0.027,9.817,0.06,-0.13,0.04
78.24,0.265,0.132,9.759,-0.11,0.21,0.08
78.26,0.335,0.075,9.773,0.06,-0.20,0.05
78.28,0.403,0.010,9.834,0.06,0.11,0.05
78.30,0.349,0.002,9.756,0.06,0.03,-0.00
78.32,0.385,0.072,9.796,0.13,-0.23,0.00
78.34,0.428,-0.006,9.751,-0.05,0.05,-0.05
78.36,0.303,0.057,9.781,-0.03,0.06,0.18
78.38,0.340,-0.045,9.754,-0.07,-0.02,0.02
78.40,0.432,0.017,9.734,-0.12,0.09,0.02
78.42,0.210,-0.009,9.796,-0.27,0.03,-0.11
78.44,0.397,-0.126,9.804,0.07,0.01,0.05
78.46,0.290,0.061,9.851,0.09,-0.16,-0.07
78.48,0.316,0.025,9.742,0.04,0.05,0.01
78.50,0.348,0.070,9.838,0.00,-0.17,0.13
78.52,0.355,0.015,9.803,-0.01,-0.14,0.11
78.54,0.270,0.035,9.870,-0.14,-0.09,-0.10
78.56,0.306,0.025,9.790,-0.02,-0.13,-0.04
78.58,0.374,0.049,9.891,0.08,-0.13,0.06
78.60,0.287,0.025,9.844,-0.03,-0.03,-0.11
78.62,0.409,-0.010,9.815,-0.06,0.22,-0.17
78.64,0.392,0.036,9.760,-0.23,-0.08,0.00
78.66,0.233,0.071,9.803,-0.08,0.12,0.12
78.68,0.317,-0.094,9.815,-0.02,-0.01,0.09
78.70,0.352,0.017,9.845,-0.05,-0.13,-0.06
78.72,0.315,-0.005,9.896,-0.08,-0.10,0.09
78.74,0.364,0.036,9.854,-0.20,-0.19,0.02
78.76,0.372,0.012,9.822,0.02,-0.02,0.04
78.78,0.272,-0.025,9.824,0.11,-0.03,0.05
78.80,0.479,-0.004,9.793,-0.15,-0.00,-0.07
78.82,0.247,0.066,9.797,-0.08,-0.09,0.15
78.84,0.473,0.050,9.784,-0.01,0.11,-0.03
78.86,0.295,-0.022,9.925,0.03,0.08,-0.04
78.88,0.414,0.035,9.890,0.04,0.00,0.01
78.90,0.313,-0.025,9.789,-0.09,0.06,-0.01
78.92,0.320,-0.010,9.714,-0.11,-0.15,0.20
78.94,0.327,0.034,9.695,0.16,-0.01,-0.01
78.96,0.381,-0.037,9.802,-0.12,-0.11,-0.05
78.98,0.334,-0.055,9.826,-0.25,-0.11,-0.10
79.00,0.283,-0.049,9.731,0.08,0.05,0.00
79.02,0.330,0.007,9.784,0.00,-0.02,-0.11
79.04,0.374,0.061,9.778,-0.07,0.00,0.08
79.06,0.230,-0.028,9.762,-0.12,-0.02,-0.02
79.08,0.408,0.011,9.829,-0.10,-0.07,-0.23
79.10,0.309,-0.030,9.905,0.04,-0.06,0.00
79.12,0.465,0.086,9.802,0.17,-0.04,-0.01
79.14,0.321,-0.039,9.831,-0.06,0.02,-0.05
79.16,0.354,-0.046,9.773,-0.14,-0.16,0.00
79.18,0.410,0.029,9.793,-0.17,0.13,0.08
79.20,0.298,0.052,9.784,0.08,0.05,0.03
79.22,0.362,0.019,9.812,0.02,0.08,-0.11
79.24,0.340,0.102,9.798,-0.07,-0.07,-0.18
79.26,0.395,0.054,9.775,-0.11,0.02,0.05
79.28,0.296,0.036,9.739,0.15,0.02,0.07
79.30,0.434,-0.052,9.861,-0.02,0.00,-0.14
79.32,0.318,0.045,9.909,-0.19,0.03,0.00
79.34,0.319,-0.055,9.712,0.11,-0.28,0.08
79.36,0.347,-0.046,9.761,0.01,-0.09,0.03
79.38,0.431,-0.021,9.739,0.00,-0.02,-0.17
79.40,0.355,0.000,9.858,-0.26,-0.02,-0.07
79.42,0.329,0.003,9.807,0.06,0.01,-0.02
79.44,0.458,-0.022,9.786,-0.10,0.09,-0.00
79.46,0.306,-0.072,9.799,0.12,-0.04,-0.23
79.48,0.400,0.093,9.722,-0.06,0.00,0.19
79.50,0.247,-0.055,9.789,0.12,0.06,-0.02
79.52,0.307,0.101,9.808,-0.07,0.01,-0.03
79.54,0.373,0.055,9.824,0.06,-0.07,0.04
79.56,0.393,-0.047,9.835,-0.13,0.00,-0.03
79.58,0.299,0.100,9.874,0.07,0.12,0.19
79.60,0.430,-0.056,9.726,0.06,-0.01,0.02
79.62,0.364,-0.033,9.848,0.13,0.04,-0.02
79.64,0.431,-0.001,9.815,-0.01,-0.06,-0.01
79.66,0.326,-0.072,9.854,-0.04,-0.04,-0.02
79.68,0.325,0.065,9.932,0.09,-0.22,0.12
79.70,0.476,-0.023,9.859,-0.12,-0.07,-0.08
79.72,0.305,0.049,9.829,0.11,-0.09,0.01
79.74,0.270,0.007,9.819,0.09,0.05,-0.01
79.76,0.373,-0.083,9.725,0.01,0.12,0.03
79.78,0.321,-0.025,9.786,-0.00,0.06,0.12
79.80,0.272,-0.055,9.788,-0.01,-0.03,-0.05
79.82,0.164,-0.079,9.907,0.08,0.12,0.06
79.84,0.168,0.056,9.802,-0.10,0.03,0.15
79.86,0.190,-0.013,9.889,-0.01,-0.15,0.10
79.88,0.025,0.053,9.837,-0.15,-0.04,-0.04
79.90,0.052,0.049,9.904,-0.15,0.14,0.08
79.92,0.047,-0.002,9.899,-0.02,-0.07,-0.03
79.94,-0.003,0.065,9.811,0.10,-0.02,0.20
79.96,-0.191,-0.002,9.748,-0.06,0.03,-0.11
79.98,-0.152,0.003,9.692,0.15,0.14,-0.00
80.00,-0.189,0.068,9.763,-0.13,-0.05,0.04
80.02,-0.180,-0.004,9.820,-0.20,0.03,0.04
80.04,-0.145,0.066,9.839,0.16,0.08,0.04
80.06,-0.283,0.050,9.812,0.11,-0.02,0.04
80.08,-0.302,0.023,9.838,-0.02,-0.01,0.09
80.10,-0.481,-0.017,9.785,-0.12,0.06,-0.20
80.12,-0.446,0.026,9.823,0.01,0.06,0.17
80.14,-0.462,0.008,9.773,-0.07,0.12,-0.16
80.16,-0.511,-0.040,9.831,0.03,0.03,-0.02
80.18,-0.465,0.021,9.815,0.15,0.17,0.11
80.20,-0.420,0.045,9.805,-0.20,0.12,0.14
80.22,-0.621,-0.044,9.828,-0.07,0.06,-0.26
80.24,-0.684,-0.024,9.815,-0.20,0.03,-0.02
80.26,-0.705,-0.010,9.740,0.05,-0.23,0.10
80.28,-0.582,-0.001,9.803,0.26,-0.03,0.26
80.30,-0.687,-0.077,9.825,-0.09,0.23,-0.12
80.32,-0.622,0.067,9.887,0.07,0.13,0.07
80.34,-0.725,0.092,9.799,-0.06,0.09,-0.03
80.36,-0.700,-0.039,9.881,0.00,-0.06,-0.07
80.38,-0.656,0.048,9.746,-0.08,-0.05,-0.01
80.40,-0.721,-0.048,9.772,0.04,0.03,0.07
80.42,-0.758,-0.014,9.868,0.04,0.16,0.10
80.44,-0.735,-0.059,9.867,0.09,-0.02,-0.16
80.46,-0.711,0.076,9.778,-0.02,-0.06,-0.07
80.48,-0.664,0.068,9.795,0.01,-0.00,-0.12
80.50,-0.750,-0.066,9.777,-0.10,0.04,0.07
80.52,-0.669,0.111,9.885,-0.02,0.05,0.07
80.54,-0.789,-0.081,9.873,-0.07,-0.03,-0.07
80.56,-0.615,-0.089,9.860,0.00,0.04,0.05
80.58,-0.723,-0.007,9.791,0.18,-0.08,-0.18
80.60,-0.616,-0.041,9.792,0.14,0.04,0.13
80.62,-0.724,0.032,9.732,-0.16,-0.05,-0.15
80.64,-0.784,0.072,9.794,0.08,0.02,-0.10
80.66,-0.669,-0.033,9.784,0.00,0.04,-0.01
80.68,-0.747,0.058,9.767,0.11,-0.00,0.22
80.70,-0.755,-0.106,9.798,-0.12,0.17,0.14
80.72,-0.658,-0.016,9.813,-0.13,0.04,-0.03
80.74,-0.767,-0.041,9.676,0.07,-0.05,-0.02
80.76,-0.798,0.037,9.846,0.11,0.10,-0.02
80.78,-0.739,0.082,9.808,-0.10,0.03,0.02
80.80,-0.698,0.035,9.781,-0.17,0.08,0.08
80.82,-0.636,0.044,9.707,0.05,0.01,-0.11
80.84,-0.718,0.040,9.885,-0.08,0.05,-0.12
80.86,-0.692,0.009,9.780,0.18,0.06,-0.00
80.88,-0.617,0.083,9.722,0.12,-0.05,0.02
80.90,-0.674,-0.017,9.836,0.03,0.13,0.03
80.92,-0.798,-0.034,9.800,0.24,0.00,0.07
80.94,-0.743,0.076,9.815,-0.06,0.09,-0.07
80.96,-0.749,-0.056,9.799,0.06,0.03,-0.22
80.98,-0.699,-0.068,9.790,0.13,-0.03,-0.06
81.00,-0.616,0.023,9.756,0.10,-0.01,-0.08
81.02,-0.705,0.006,9.956,-0.03,-0.04,-0.17
81.04,-0.626,-0.032,9.833,-0.02,0.07,0.04
81.06,-0.675,0.002,9.863,0.08,-0.22,0.05
81.08,-0.689,0.005,9.745,0.18,0.07,0.08
81.10,-0.740,-0.014,9.771,-0.13,0.09,-0.01
81.12,-0.709,0.037,9.868,0.04,-0.08,-0.09
81.14,-0.635,-0.039,9.796,-0.13,-0.08,-0.20
81.16,-0.699,0.042,9.820,-0.06,0.01,-0.00
81.18,-0.741,0.016,9.766,0.01,-0.14,-0.06
81.20,-0.679,-0.050,9.776,-0.04,0.09,-0.11
81.22,-0.577,0.011,9.898,0.05,0.00,0.17
81.24,-0.655,-0.065,9.818,-0.00,0.11,0.08
81.26,-0.730,-0.046,9.901,0.01,-0.08,0.10
81.28,-0.663,0.060,9.848,-0.09,-0.05,-0.00
81.30,-0.776,-0.082,9.803,-0.21,0.27,0.05
81.32,-0.817,-0.064,9.777,0.09,0.11,0.14
81.34,-0.739,-0.015,9.752,0.11,0.01,0.20
81.36,-0.644,0.024,9.747,-0.11,-0.13,0.14
81.38,-0.732,-0.073,9.775,0.01,0.31,-0.07
81.40,-0.769,0.019,9.868,-0.21,0.02,0.04
81.42,-0.653,-0.018,9.837,0.08,0.07,-0.03
81.44,-0.682,-0.070,9.777,-0.03,0.10,0.10
81.46,-0.761,0.020,9.820,-0.05,-0.09,0.09
81.48,-0.625,-0.081,9.761,0.01,0.06,-0.02
81.50,-0.681,-0.023,9.814,0.07,-0.09,0.09
81.52,-0.715,-0.101,9.734,0.14,-0.14,-0.02
81.54,-0.683,0.081,9.786,0.04,-0.17,0.08
81.56,-0.720,0.081,9.796,-0.03,-0.04,-0.05
81.58,-0.684,-0.015,9.852,-0.04,-0.13,0.15
81.60,-0.691,0.008,9.867,0.18,-0.04,-0.06
81.62,-0.767,-0.008,9.829,-0.06,-0.16,-0.14
81.64,-0.619,-0.029,9.815,-0.06,0.11,0.04
81.66,-0.739,-0.001,9.858,-0.20,-0.04,0.16
81.68,-0.679,-0.004,9.916,0.05,0.03,-0.03
81.70,-0.750,-0.105,9.783,-0.08,0.00,0.06
81.72,-0.630,0.087,9.756,-0.07,-0.14,0.03
81.74,-0.678,0.017,9.725,-0.00,-0.11,-0.13
81.76,-0.766,-0.041,9.783,0.08,-0.13,-0.19
81.78,-0.691,-0.004,9.755,-0.05,-0.02,-0.02
81.80,-0.784,-0.069,9.796,-0.03,0.07,-0.03
81.82,-0.648,0.044,9.815,-0.02,-0.05,0.19
81.84,-0.699,-0.000,9.763,0.13,-0.08,0.10
81.86,-0.719,-0.008,9.846,-0.23,0.01,0.17
81.88,-0.679,-0.006,9.821,-0.02,-0.20,0.03
81.90,-0.595,0.052,9.818,0.02,-0.23,-0.27
81.92,-0.652,-0.059,9.854,0.08,0.01,-0.02
81.94,-0.752,0.081,9.843,0.02,-0.03,-0.03
81.96,-0.662,-0.068,9.760,0.10,-0.11,0.13
81.98,-0.719,0.079,9.842,0.12,0.01,0.04
82.00,-0.718,0.031,9.813,-0.02,0.13,-0.13
82.02,-0.714,-0.008,9.796,-0.03,-0.03,-0.10
82.04,-0.721,-0.043,9.856,-0.03,-0.08,-0.11
82.06,-0.609,0.031,9.889,-0.06,0.03,0.06
82.08,-0.737,-0.095,9.863,0.05,-0.13,-0.08
82.10,-0.651,0.012,9.777,0.04,0.11,-0.00
82.12,-0.761,0.024,9.826,0.09,0.15,-0.08
82.14,-0.643,-0.001,9.876,0.05,-0.16,0.07
82.16,-0.719,0.006,9.870,0.12,-0.10,0.08
82.18,-0.609,-0.001,9.785,0.04,0.08,0.07
82.20,-0.701,0.044,9.799,0.05,0.19,-0.05
82.22,-0.710,-0.007,9.921,-0.20,0.10,0.22
82.24,-0.754,0.011,9.727,-0.15,-0.07,-0.00
82.26,-0.751,-0.000,9.827,-0.17,0.05,-0.14
82.28,-0.716,-0.009,9.834,-0.00,0.15,0.03
82.30,-0.671,-0.030,9.816,-0.09,0.02,0.02
82.32,-0.659,0.002,9.815,-0.18,-0.10,-0.12
82.34,-0.573,0.029,9.838,0.09,0.12,0.07
82.36,-0.668,0.018,9.729,-0.10,-0.01,0.01
82.38,-0.674,-0.008,9.817,0.08,-0.03,0.14
82.40,-0.675,-0.041,9.864,0.00,-0.09,0.02
82.42,-0.691,-0.036,9.869,0.09,-0.08,0.05
82.44,-0.754,-0.051,9.828,-0.03,0.03,-0.21
82.46,-0.662,0.016,9.815,0.01,0.05,-0.03
82.48,-0.719,0.015,9.757,-0.06,0.04,-0.18
82.50,-0.689,0.007,9.824,0.10,0.02,-0.06
82.52,-0.652,-0.049,9.768,-0.16,0.19,0.05
82.54,-0.663,-0.046,9.884,-0.04,-0.20,0.01
82.56,-0.738,0.034,9.854,-0.20,-0.07,0.10
82.58,-0.601,-0.008,9.745,0.19,-0.09,0.01
82.60,-0.678,-0.025,9.775,0.07,-0.08,0.05
82.62,-0.648,0.002,9.861,0.07,-0.01,-0.09
82.64,-0.792,-0.063,9.712,-0.02,-0.08,-0.03
82.66,-0.656,-0.030,9.801,-0.11,0.03,-0.04
82.68,-0.681,-0.010,9.768,0.01,-0.23,-0.10
82.70,-0.698,-0.084,9.825,0.01,-0.04,0.01
82.72,-0.723,-0.045,9.844,-0.09,0.35,0.07
82.74,-0.675,-0.025,9.845,-0.06,0.10,0.21
82.76,-0.717,-0.016,9.709,0.01,0.02,-0.09
82.78,-0.570,-0.006,9.775,-0.06,-0.07,-0.04
82.80,-0.665,-0.013,9.887,0.03,-0.11,0.07
82.82,-0.754,0.085,9.783,-0.05,-0.04,-0.06
82.84,-0.705,-0.036,9.739,0.08,0.23,0.16
82.86,-0.652,-0.044,9.911,-0.01,-0.20,-0.19
82.88,-0.779,-0.013,9.788,0.06,0.02,-0.02
82.90,-0.764,-0.010,9.833,0.04,-0.07,-0.04
82.92,-0.701,0.098,9.837,0.01,-0.05,0.14
82.94,-0.658,-0.072,9.781,-0.00,-0.12,0.08
82.96,-0.739,-0.027,9.744,0.06,0.04,-0.04
82.98,-0.777,-0.002,9.846,-0.07,0.23,0.04
83.00,-0.702,0.040,9.812,0.04,0.03,-0.02
83.02,-0.638,-0.034,9.782,-0.04,-0.12,0.24
83.04,-0.634,-0.032,9.894,-0.08,0.10,0.08
83.06,-0.777,0.055,9.761,0.02,0.06,0.05
83.08,-0.671,0.027,9.889,0.13,-0.01,-0.18
83.10,-0.733,0.002,9.728,-0.07,0.00,-0.21
83.12,-0.679,0.022,9.834,0.19,-0.19,-0.08
83.14,-0.610,-0.045,9.829,-0.01,0.19,-0.02
83.16,-0.697,-0.104,9.771,0.11,-0.05,-0.17
83.18,-0.692,0.045,9.905,0.04,-0.14,-0.07
83.20,-0.766,-0.042,9.803,-0.08,0.31,0.13
83.22,-0.798,0.037,9.868,0.02,0.05,0.06
83.24,-0.699,0.021,9.775,-0.22,-0.01,0.12
83.26,-0.618,-0.033,9.843,0.01,-0.05,-0.04
83.28,-0.731,0.022,9.801,-0.12,-0.05,-0.01
83.30,-0.650,-0.024,9.794,-0.08,-0.15,0.10
83.32,-0.750,0.042,9.775,0.10,-0.10,0.15
83.34,-0.677,0.014,9.823,-0.03,0.02,-0.00
83.36,-0.756,0.033,9.825,0.22,0.00,0.02
83.38,-0.732,-0.005,9.857,0.02,0.01,0.03
83.40,-0.696,0.002,9.864,-0.04,0.11,0.05
83.42,-0.663,0.084,9.821,-0.07,-0.10,0.14
83.44,-0.705,-0.009,9.794,-0.07,0.21,0.02
83.46,-0.780,-0.004,9.821,0.06,-0.09,0.00
83.48,-0.740,-0.018,9.749,0.10,0.08,-0.06
83.50,-0.629,-0.014,9.860,-0.00,0.04,-0.11
83.52,-0.711,-0.003,9.796,0.08,-0.03,0.03
83.54,-0.648,0.018,9.735,-0.00,0.03,-0.18
83.56,-0.750,0.017,9.844,-0.05,0.11,0.03
83.58,-0.672,-0.025,9.769,0.11,-0.01,0.04
83.60,-0.621,0.042,9.854,-0.10,-0.11,-0.12
83.62,-0.794,-0.064,9.702,-0.06,-0.02,0.09
83.64,-0.657,-0.080,9.866,-0.12,0.17,0.02
83.66,-0.675,-0.033,9.820,-0.01,-0.01,-0.01
83.68,-0.685,0.072,9.854,0.06,0.05,0.06
83.70,-0.672,-0.015,9.844,-0.12,0.03,-0.09
83.72,-0.643,0.009,9.802,-0.06,-0.11,0.25
83.74,-0.636,-0.087,9.837,-0.02,-0.09,0.04
83.76,-0.735,-0.040,9.818,-0.31,-0.04,-0.07
83.78,-0.706,-0.016,9.793,-0.07,0.08,-0.11
83.80,-0.765,0.051,9.921,0.08,-0.14,-0.11
83.82,-0.714,-0.016,9.787,-0.08,0.09,0.06
83.84,-0.649,0.011,9.841,-0.08,-0.02,0.05
83.86,-0.743,-0.034,9.774,-0.10,-0.12,-0.07
83.88,-0.666,0.021,9.801,0.12,-0.05,-0.07
83.90,-0.683,0.055,9.861,-0.10,0.11,-0.03
83.92,-0.669,-0.064,9.794,-0.04,-0.04,-0.05
83.94,-0.688,0.024,9.812,-0.04,0.07,-0.15
83.96,-0.742,0.007,9.864,0.08,-0.00,-0.18
83.98,-0.620,-0.041,9.877,0.09,0.15,-0.01
84.00,-0.756,0.021,9.701,0.17,0.10,-0.07
84.02,-0.650,-0.059,9.894,-0.10,-0.04,0.08
84.04,-0.757,0.011,9.807,-0.11,-0.07,0.04
84.06,-0.796,-0.024,9.775,0.06,-0.01,-0.06
84.08,-0.780,0.102,9.656,-0.07,0.01,0.13
84.10,-0.714,-0.038,9.734,-0.10,0.14,0.07
84.12,-0.710,0.017,9.839,0.12,0.22,-0.09
84.14,-0.653,-0.025,9.834,-0.16,0.03,-0.00
84.16,-0.637,-0.029,9.753,-0.03,-0.00,0.12
84.18,-0.620,-0.025,9.815,0.14,-0.05,-0.17
84.20,-0.680,0.014,9.725,0.03,-0.15,0.13
84.22,-0.645,0.057,9.834,-0.10,0.17,-0.05
84.24,-0.659,-0.066,9.873,0.04,-0.05,-0.00
84.26,-0.672,-0.008,9.898,0.04,-0.04,-0.20
84.28,-0.683,-0.078,9.783,-0.03,0.14,-0.14
84.30,-0.718,-0.043,9.743,-0.11,0.03,-0.13
84.32,-0.631,-0.008,9.758,0.02,0.05,-0.08
84.34,-0.766,0.061,9.726,0.12,0.11,-0.10
84.36,-0.615,0.030,9.843,-0.17,-0.13,-0.02
84.38,-0.775,0.040,9.858,0.10,0.07,-0.10
84.40,-0.715,0.169,9.795,-0.12,0.04,-0.03
84.42,-0.697,0.054,9.800,-0.15,-0.07,-0.03
84.44,-0.665,-0.036,9.764,0.03,0.17,0.06
84.46,-0.746,-0.031,9.817,-0.23,0.07,0.12
84.48,-0.749,-0.133,9.849,0.25,-0.19,-0.13
84.50,-0.642,-0.100,9.785,-0.12,-0.04,-0.05
84.52,-0.695,-0.019,9.776,-0.02,-0.24,0.03
84.54,-0.628,0.061,9.858,0.11,0.09,-0.11
84.56,-0.829,0.012,9.749,-0.01,-0.12,0.04
84.58,-0.764,0.013,9.883,0.04,0.07,-0.05
84.60,-0.744,0.075,9.848,0.07,0.03,-0.12
84.62,-0.734,0.086,9.820,-0.11,0.05,-0.03
84.64,-0.695,0.018,9.774,-0.00,0.08,0.06
84.66,-0.783,0.117,9.780,0.04,-0.01,0.15
84.68,-0.662,-0.034,9.760,0.18,-0.06,-0.12
84.70,-0.699,0.051,9.822,-0.12,-0.12,-0.15
84.72,-0.692,-0.056,9.793,0.00,-0.04,-0.04
84.74,-0.618,0.090,9.840,0.03,-0.08,0.08
84.76,-0.645,-0.042,9.830,-0.03,-0.12,0.06
84.78,-0.711,-0.042,9.832,-0.08,-0.13,0.14
84.80,-0.699,-0.065,9.796,-0.20,0.01,-0.09
84.82,-0.715,-0.045,9.807,-0.06,-0.08,0.10
84.84,-0.643,0.044,9.856,-0.12,0.26,-0.07
84.86,-0.642,-0.021,9.792,-0.02,0.01,-0.01
84.88,-0.703,-0.034,9.756,0.06,0.03,0.05
84.90,-0.713,-0.002,9.881,-0.02,0.20,0.31
84.92,-0.692,0.056,9.746,-0.01,-0.07,-0.14
84.94,-0.653,0.019,9.744,-0.05,0.10,0.13
84.96,-0.708,-0.075,9.828,0.03,-0.09,-0.03
84.98,-0.644,0.010,9.802,0.00,0.00,-0.22
85.00,-0.726,-0.003,9.768,-0.06,-0.21,0.20
85.02,-0.669,-0.051,9.797,-0.06,-0.14,-0.05
85.04,-0.743,0.016,9.898,0.00,-0.01,-0.08
85.06,-0.619,0.008,9.867,-0.03,0.07,-0.13
85.08,-0.669,0.008,9.846,0.00,-0.03,0.17
85.10,-0.639,-0.067,9.749,0.02,-0.11,0.03
85.12,-0.655,-0.116,9.747,0.11,0.02,0.06
85.14,-0.723,-0.031,9.842,0.09,-0.07,-0.03
85.16,-0.716,-0.051,9.815,0.17,0.06,-0.14
85.18,-0.695,0.066,9.790,-0.08,-0.07,0.00
85.20,-0.632,-0.067,9.835,-0.10,0.02,0.18
85.22,-0.731,-0.065,9.770,-0.03,0.01,-0.05
85.24,-0.700,-0.011,9.843,0.15,0.09,-0.10
85.26,-0.658,-0.019,9.850,0.26,0.13,0.01
85.28,-0.770,0.033,9.722,0.01,-0.02,-0.10
85.30,-0.707,0.017,9.847,0.02,0.04,-0.00
85.32,-0.740,0.027,9.951,0.16,-0.07,-0.21
85.34,-0.694,-0.055,9.851,0.15,-0.25,0.05
85.36,-0.584,0.133,9.857,0.20,0.14,-0.05
85.38,-0.669,-0.026,9.840,0.03,0.13,0.06
85.40,-0.703,0.075,9.771,-0.07,0.00,-0.04
85.42,-0.739,-0.080,9.770,-0.02,0.04,-0.04
85.44,-0.714,0.071,9.762,0.03,-0.02,0.16
85.46,-0.670,-0.001,9.874,0.05,0.06,0.09
85.48,-0.679,-0.044,9.792,-0.12,0.04,-0.05
85.50,-0.606,0.071,9.826,0.25,-0.03,0.12
85.52,-0.715,-0.009,9.841,-0.10,0.03,-0.00
85.54,-0.668,0.043,9.743,-0.07,-0.03,-0.16
85.56,-0.664,0.023,9.736,0.09,0.09,-0.04
85.58,-0.672,0.027,9.809,-0.04,-0.03,0.03
85.60,-0.583,0.003,9.754,-0.01,0.21,0.06
85.62,-0.731,0.075,9.747,-0.06,-0.00,0.01
85.64,-0.620,-0.016,9.745,-0.01,0.01,-0.09
85.66,-0.587,0.045,9.847,-0.01,0.08,0.01
85.68,-0.725,-0.064,9.755,-0.13,-0.02,0.03
85.70,-0.696,0.024,9.867,0.05,-0.24,-0.12
85.72,-0.683,-0.034,9.770,-0.07,-0.01,-0.15
85.74,-0.699,0.051,9.787,-0.05,0.12,-0.02
85.76,-0.738,-0.012,9.801,-0.10,0.08,-0.08
85.78,-0.705,0.014,9.816,-0.09,0.10,0.01
85.80,-0.593,0.054,9.814,0.08,-0.01,0.12
85.82,-0.714,0.101,9.841,0.09,-0.00,-0.07
85.84,-0.667,-0.010,9.831,0.03,-0.01,0.02
85.86,-0.633,-0.098,9.790,0.11,-0.05,0.14
85.88,-0.602,0.008,9.798,-0.02,0.11,0.03
85.90,-0.632,0.040,9.849,-0.02,0.02,0.13
85.92,-0.674,-0.004,9.871,-0.04,-0.05,-0.02
85.94,-0.674,0.107,9.858,0.00,-0.21,-0.03
85.96,-0.666,-0.032,9.857,0.06,0.05,-0.02
85.98,-0.700,0.035,9.817,-0.03,0.02,0.04
86.00,-0.651,-0.048,9.842,0.21,0.00,0.03
86.02,-0.629,-0.007,9.815,-0.18,0.28,0.16
86.04,-0.790,0.052,9.818,0.05,0.02,-0.09
86.06,-0.674,0.103,9.856,0.02,0.04,0.10
86.08,-0.658,-0.026,9.806,0.13,0.02,0.02
86.10,-0.684,-0.034,9.779,0.07,-0.02,-0.00
86.12,-0.746,0.096,9.830,0.09,-0.02,-0.01
86.14,-0.679,-0.043,9.835,-0.01,-0.06,-0.03
86.16,-0.667,0.064,9.780,-0.02,0.07,0.10
86.18,-0.666,0.070,9.762,-0.12,0.18,0.05
86.20,-0.686,-0.023,9.816,-0.10,-0.12,0.12
86.22,-0.734,0.076,9.885,-0.04,-0.03,-0.06
86.24,-0.688,0.055,9.789,0.04,0.02,-0.03
86.26,-0.627,-0.021,9.835,0.01,0.11,0.01
86.28,-0.761,0.014,9.821,-0.03,-0.13,0.08
86.30,-0.694,-0.001,9.768,0.06,0.12,0.13
86.32,-0.778,0.004,9.846,-0.15,-0.12,-0.02
86.34,-0.721,-0.050,9.895,0.02,-0.04,-0.09
86.36,-0.715,-0.013,9.814,0.07,0.03,0.05
86.38,-0.685,-0.043,9.832,0.05,-0.03,-0.05
86.40,-0.775,-0.078,9.866,0.02,-0.15,0.03
86.42,-0.732,0.031,9.769,-0.05,-0.13,-0.07
86.44,-0.699,-0.022,9.756,-0.23,-0.01,-0.10
86.46,-0.709,0.022,9.823,0.09,-0.13,0.09
86.48,-0.682,-0.028,9.798,0.03,0.04,0.05
86.50,-0.608,-0.028,9.736,0.06,-0.09,0.06
86.52,-0.668,0.065,9.853,-0.02,0.03,-0.05
86.54,-0.701,0.038,9.822,0.01,0.20,-0.06
86.56,-0.769,-0.036,9.850,0.00,-0.12,-0.15
86.58,-0.628,-0.033,9.870,-0.16,0.11,-0.02
86.60,-0.758,-0.019,9.826,0.07,0.03,-0.33
86.62,-0.718,-0.067,9.794,-0.12,-0.14,-0.14
86.64,-0.628,-0.038,9.881,-0.17,0.17,-0.14
86.66,-0.709,-0.015,9.793,0.26,-0.08,-0.04
86.68,-0.743,-0.059,9.800,0.07,-0.03,-0.00
86.70,-0.737,-0.060,9.893,0.03,0.06,0.08
86.72,-0.628,0.029,9.804,0.07,0.06,0.20
86.74,-0.735,0.052,9.866,0.07,0.12,0.13
86.76,-0.667,0.093,9.804,0.01,-0.02,0.03
86.78,-0.668,0.078,9.860,-0.21,0.01,-0.05
86.80,-0.633,0.010,9.715,-0.15,0.12,-0.04
86.82,-0.692,-0.003,9.834,-0.04,-0.05,-0.09
86.84,-0.653,0.105,9.939,-0.16,0.05,-0.05
86.86,-0.722,0.031,9.798,0.02,-0.07,-0.01
86.88,-0.581,0.074,9.796,0.09,0.09,0.14
86.90,-0.595,-0.017,9.752,0.02,-0.07,0.04
86.92,-0.741,-0.018,9.888,-0.06,0.00,-0.07
86.94,-0.706,0.050,9.836,0.07,-0.21,0.23
86.96,-0.733,-0.032,9.777,-0.18,-0.04,-0.07
86.98,-0.594,0.056,9.714,0.07,-0.05,0.04
87.00,-0.683,-0.031,9.832,0.19,0.15,-0.01
87.02,-0.689,0.060,9.807,0.14,-0.09,-0.04
87.04,-0.740,-0.044,9.806,0.00,-0.12,-0.03
87.06,-0.771,0.059,9.934,-0.01,-0.03,-0.07
87.08,-0.651,-0.016,9.812,0.02,0.12,0.04
87.10,-0.707,-0.046,9.835,-0.06,-0.10,0.03
87.12,-0.656,0.007,9.791,-0.10,0.13,-0.02
87.14,-0.605,-0.027,9.900,0.19,0.13,0.04
87.16,-0.636,-0.038,9.791,-0.08,-0.19,-0.16
87.18,-0.717,0.021,9.819,-0.10,0.09,0.04
87.20,-0.784,0.048,9.765,0.10,-0.03,0.07
87.22,-0.597,-0.036,9.848,-0.08,-0.07,-0.04
87.24,-0.715,-0.041,9.878,0.11,0.26,0.25
87.26,-0.696,0.048,9.855,0.03,0.07,0.05
87.28,-0.628,0.007,9.768,-0.07,-0.04,-0.17
87.30,-0.676,0.057,9.866,0.06,0.09,-0.06
87.32,-0.655,0.022,9.788,-0.03,0.13,0.14
87.34,-0.636,-0.084,9.834,-0.10,-0.04,-0.06
87.36,-0.734,-0.039,9.770,-0.07,-0.06,0.18
87.38,-0.613,-0.055,9.865,-0.07,0.14,0.13
87.40,-0.721,0.001,9.836,0.27,0.05,-0.14
87.42,-0.763,-0.003,9.746,-0.10,0.05,-0.04
87.44,-0.726,-0.097,9.729,0.06,0.05,0.01
87.46,-0.723,-0.039,9.825,0.12,0.03,-0.12
87.48,-0.711,-0.023,9.899,-0.08,0.20,0.02
87.50,-0.638,-0.004,9.921,-0.06,0.13,-0.02
87.52,-0.608,0.024,9.834,-0.14,0.05,0.15
87.54,-0.682,-0.023,9.905,0.05,-0.04,-0.03
87.56,-0.695,-0.039,9.804,0.09,0.06,0.05
87.58,-0.705,-0.022,9.767,-0.28,0.01,-0.01
87.60,-0.635,-0.041,9.846,-0.00,-0.07,-0.03
87.62,-0.673,0.036,9.855,-0.29,0.26,-0.08
87.64,-0.715,-0.042,9.778,-0.06,0.08,-0.10
87.66,-0.722,0.021,9.801,-0.01,-0.05,0.03
87.68,-0.654,0.053,9.814,-0.02,0.19,0.05
87.70,-0.635,0.046,9.828,-0.14,-0.01,-0.14
87.72,-0.677,0.033,9.818,0.03,-0.03,0.06
87.74,-0.653,-0.019,9.766,0.07,-0.13,0.08
87.76,-0.603,0.002,9.759,0.00,0.24,0.09
87.78,-0.638,-0.036,9.804,0.10,-0.17,0.09
87.80,-0.709,-0.043,9.852,-0.04,-0.11,0.04
87.82,-0.676,-0.049,9.832,0.08,-0.11,-0.06
87.84,-0.684,-0.002,9.788,0.13,-0.03,0.09
87.86,-0.664,-0.031,9.805,0.02,-0.11,0.01
87.88,-0.749,-0.016,9.782,-0.04,0.06,-0.04
87.90,-0.724,0.078,9.795,0.01,-0.03,0.11
87.92,-0.666,-0.051,9.774,0.06,0.22,-0.03
87.94,-0.768,0.009,9.937,0.06,0.02,0.13
87.96,-0.709,0.049,9.853,-0.06,-0.06,-0.10
87.98,-0.698,-0.073,9.887,0.01,-0.11,-0.01
88.00,-0.703,0.052,9.747,-0.01,-0.04,-0.04
88.02,-0.679,0.015,9.873,0.19,0.15,0.07
88.04,-0.707,-0.066,9.784,-0.08,-0.18,0.04
88.06,-0.791,0.014,9.805,-0.10,0.06,-0.15
88.08,-0.714,0.037,9.783,0.07,0.01,0.02
88.10,-0.748,0.055,9.752,-0.01,0.04,0.19
88.12,-0.720,-0.061,9.786,0.02,-0.00,-0.11
88.14,-0.744,-0.048,9.825,0.15,-0.04,-0.23
88.16,-0.722,0.011,9.844,-0.07,0.03,0.14
88.18,-0.591,0.029,9.815,0.05,-0.12,0.13
88.20,-0.738,0.044,9.768,0.04,-0.08,-0.02
88.22,-0.707,-0.043,9.765,0.11,0.17,-0.01
88.24,-0.764,0.008,9.828,-0.01,0.12,-0.02
88.26,-0.629,0.045,9.778,0.08,0.02,-0.13
88.28,-0.622,0.025,9.832,0.03,-0.04,0.03
88.30,-0.780,0.039,9.848,0.01,0.02,-0.04
88.32,-0.649,-0.086,9.816,0.18,-0.05,-0.13
88.34,-0.664,-0.023,9.874,-0.06,0.01,-0.05
88.36,-0.617,-0.021,9.806,0.20,-0.01,0.06
88.38,-0.576,0.050,9.759,-0.08,0.06,-0.14
88.40,-0.756,0.023,9.812,0.26,0.02,-0.15
88.42,-0.734,0.009,9.808,-0.02,0.11,-0.03
88.44,-0.749,-0.053,9.847,0.03,0.04,0.19
88.46,-0.635,0.072,9.864,-0.04,0.08,-0.10
88.48,-0.689,-0.010,9.840,0.01,-0.04,-0.03
88.50,-0.734,-0.049,9.924,-0.04,-0.18,-0.12
88.52,-0.793,0.073,9.878,-0.06,-0.01,0.05
88.54,-0.802,-0.029,9.855,0.02,-0.06,-0.01
88.56,-0.680,0.061,9.804,-0.06,0.07,0.07
88.58,-0.668,0.064,9.956,-0.05,0.12,-0.09
88.60,-0.665,-0.001,9.857,-0.24,0.02,-0.08
88.62,-0.762,-0.079,9.731,-0.08,0.00,0.10
88.64,-0.668,-0.072,9.801,0.18,-0.06,0.10
88.66,-0.608,-0.022,9.790,0.12,0.03,-0.11
88.68,-0.689,0.027,9.837,-0.08,-0.02,-0.14
88.70,-0.602,-0.029,9.853,0.11,0.09,-0.31
88.72,-0.682,-0.084,9.799,0.11,-0.07,0.00
88.74,-0.676,-0.033,9.767,0.13,0.00,-0.02
88.76,-0.682,0.013,9.811,-0.13,0.04,0.05
88.78,-0.702,-0.066,9.779,0.07,0.03,0.00
88.80,-0.715,0.004,9.838,-0.11,-0.16,0.01
88.82,-0.613,-0.010,9.856,-0.12,-0.04,0.05
88.84,-0.688,-0.061,9.883,0.07,0.05,0.07
88.86,-0.742,0.111,9.785,0.06,0.00,0.08
88.88,-0.654,0.002,9.855,0.00,-0.09,-0.01
88.90,-0.666,-0.083,9.782,-0.11,0.13,0.03
88.92,-0.709,0.078,9.802,-0.13,-0.15,0.03
88.94,-0.715,0.059,9.810,0.10,-0.01,0.05
88.96,-0.675,-0.037,9.817,-0.26,-0.14,-0.13
88.98,-0.707,-0.019,9.833,-0.11,-0.14,0.23
89.00,-0.651,-0.056,9.716,-0.00,0.10,0.24
89.02,-0.698,-0.027,9.783,0.07,-0.11,-0.03
89.04,-0.715,-0.081,9.817,0.03,-0.15,-0.07
89.06,-0.732,0.020,9.818,-0.11,-0.11,-0.03
89.08,-0.659,-0.053,9.827,-0.11,0.12,0.05
89.10,-0.715,0.080,9.775,-0.14,-0.02,-0.16
89.12,-0.712,0.043,9.788,0.01,0.08,0.04
89.14,-0.690,0.002,9.800,-0.05,-0.05,-0.07
89.16,-0.687,-0.000,9.888,-0.10,0.01,0.05
89.18,-0.703,-0.013,9.835,-0.17,-0.13,-0.11
89.20,-0.660,0.029,9.852,-0.12,-0.06,0.00
89.22,-0.638,-0.086,9.884,-0.16,0.04,-0.12
89.24,-0.648,0.011,9.776,0.01,0.01,0.02
89.26,-0.648,-0.043,9.829,-0.18,0.12,-0.09
89.28,-0.707,0.015,9.870,0.11,0.16,0.07
89.30,-0.772,-0.022,9.761,-0.15,-0.16,-0.05
89.32,-0.695,0.014,9.752,-0.21,-0.05,0.08
89.34,-0.699,-0.048,9.826,0.01,0.15,0.14
89.36,-0.721,0.024,9.862,-0.15,0.04,0.00
89.38,-0.716,0.019,9.886,0.03,-0.04,-0.15
89.40,-0.741,0.052,9.842,0.10,-0.17,-0.11
89.42,-0.639,-0.012,9.856,-0.09,-0.12,-0.07
89.44,-0.660,-0.021,9.784,0.01,0.11,-0.02
89.46,-0.530,0.081,9.830,0.00,-0.07,-0.18
89.48,-0.670,0.030,9.811,0.01,-0.02,-0.02
89.50,-0.778,-0.007,9.846,0.07,-0.12,-0.26
89.52,-0.741,-0.015,9.783,-0.04,-0.13,-0.08
89.54,-0.695,0.027,9.778,0.10,0.01,-0.07
89.56,-0.739,0.091,9.859,-0.11,-0.05,0.09
89.58,-0.651,-0.109,9.828,-0.05,0.09,-0.21
89.60,-0.682,-0.082,9.762,0.11,-0.04,-0.01
89.62,-0.676,-0.054,9.830,-0.01,0.05,-0.02
89.64,-0.642,0.009,9.756,0.11,0.00,0.17
89.66,-0.756,0.071,9.764,0.13,-0.06,-0.09
89.68,-0.703,0.035,9.890,0.00,-0.02,0.00
89.70,-0.606,0.003,9.817,-0.15,0.13,0.00
89.72,-0.758,0.058,9.832,-0.03,0.18,-0.09
89.74,-0.720,-0.021,9.804,0.14,0.20,-0.13
89.76,-0.729,0.114,9.752,-0.12,-0.02,-0.11
89.78,-0.674,-0.073,9.810,0.18,-0.18,-0.04
89.80,-0.685,0.051,9.791,-0.03,-0.05,-0.05
89.82,-0.780,0.040,9.816,-0.09,-0.17,0.07
89.84,-0.616,-0.087,9.713,0.01,-0.02,-0.08
89.86,-0.643,0.022,9.880,-0.04,-0.08,0.05
89.88,-0.759,0.034,9.775,0.24,-0.03,-0.06
89.90,-0.690,-0.008,9.756,0.00,-0.05,-0.02
89.92,-0.739,0.019,9.884,-0.04,-0.22,0.14
89.94,-0.734,-0.018,9.838,-0.01,0.02,0.04
89.96,-0.659,0.014,9.932,-0.13,0.10,-0.02
89.98,-0.634,0.038,9.767,0.03,0.03,0.06
90.00,-0.685,-0.102,9.803,-0.06,0.07,-0.01
90.02,-0.723,-0.036,9.772,-0.02,-0.01,-0.02
90.04,-0.625,-0.031,9.883,-0.12,0.07,-0.04
90.06,-0.651,-0.015,9.735,0.06,-0.02,-0.01
90.08,-0.671,-0.074,9.765,-0.12,-0.11,0.01
90.10,-0.570,0.021,9.760,-0.13,-0.03,-0.07
90.12,-0.778,-0.030,9.748,-0.02,-0.16,0.08
90.14,-0.676,0.017,9.799,-0.13,-0.06,-0.05
90.16,-0.690,-0.075,9.893,-0.13,-0.03,-0.09
90.18,-0.704,-0.013,9.903,0.08,0.09,-0.03
90.20,-0.695,0.029,9.868,-0.13,0.08,0.14
90.22,-0.696,-0.031,9.729,0.24,0.04,-0.01
90.24,-0.767,-0.001,9.810,-0.06,-0.02,0.01
90.26,-0.707,0.035,9.775,-0.18,0.11,-0.05
90.28,-0.653,0.028,9.804,-0.10,-0.07,0.11
90.30,-0.661,-0.004,9.769,0.03,-0.11,-0.17
90.32,-0.619,-0.038,9.767,-0.01,-0.01,-0.18
90.34,-0.754,-0.015,9.861,-0.04,0.04,0.03
90.36,-0.734,-0.034,9.909,0.07,0.15,0.03
90.38,-0.679,0.024,9.905,0.05,0.20,0.04
90.40,-0.661,-0.080,9.850,-0.05,0.10,-0.18
90.42,-0.679,0.032,9.804,0.07,-0.09,-0.25
90.44,-0.784,0.025,9.912,-0.16,-0.05,0.12
90.46,-0.646,-0.001,9.925,0.12,0.03,0.13
90.48,-0.801,0.004,9.829,-0.03,0.10,-0.09
90.50,-0.664,-0.153,9.839,-0.00,-0.17,-0.06
90.52,-0.679,0.006,9.759,-0.06,-0.14,0.09
90.54,-0.729,-0.009,9.814,0.07,-0.12,0.14
90.56,-0.670,-0.032,9.770,0.06,-0.12,-0.09
90.58,-0.648,0.011,9.877,0.08,-0.10,0.05
90.60,-0.663,0.047,9.836,-0.02,-0.03,0.07
90.62,-0.681,-0.040,9.768,-0.03,0.07,0.05
90.64,-0.768,0.006,9.748,0.11,0.10,0.05
90.66,-0.674,-0.053,9.883,-0.04,-0.03,0.07
90.68,-0.723,-0.025,9.851,-0.13,-0.13,-0.08
90.70,-0.705,0.140,9.845,0.10,0.11,0.00
90.72,-0.719,0.054,9.754,0.20,-0.02,-0.20
90.74,-0.769,-0.032,9.791,0.02,-0.09,0.01
90.76,-0.701,0.004,9.885,-0.10,0.09,-0.01
90.78,-0.713,0.013,9.690,0.12,-0.01,-0.03
90.80,-0.754,-0.070,9.790,-0.15,-0.02,-0.06
90.82,-0.734,-0.091,9.816,0.01,-0.07,-0.11
90.84,-0.657,-0.063,9.791,0.10,0.12,-0.02
90.86,-0.678,-0.002,9.839,0.02,0.03,-0.14
90.88,-0.655,-0.006,9.800,0.06,0.05,-0.14
90.90,-0.704,0.015,9.848,-0.03,0.02,-0.17
90.92,-0.802,0.097,9.764,0.04,-0.05,0.17
90.94,-0.718,0.046,9.847,0.13,-0.23,0.08
90.96,-0.671,-0.078,9.807,-0.05,-0.06,0.12
90.98,-0.701,-0.035,9.840,0.03,0.18,0.09
91.00,-0.731,0.034,9.882,0.00,-0.03,0.00
91.02,-0.662,0.009,9.825,-0.13,-0.05,0.05
91.04,-0.597,-0.025,9.796,0.09,0.15,0.08
91.06,-0.673,0.007,9.780,-0.02,0.06,-0.04
91.08,-0.686,-0.011,9.650,0.16,-0.11,-0.16
91.10,-0.742,-0.051,9.856,0.06,0.00,0.01
91.12,-0.585,0.036,9.739,0.10,-0.06,-0.03
91.14,-0.798,-0.089,9.861,0.10,-0.12,0.07
91.16,-0.692,0.007,9.855,-0.22,0.03,-0.09
91.18,-0.626,0.049,9.830,0.07,-0.08,-0.28
91.20,-0.651,-0.011,9.795,-0.02,-0.02,0.04
91.22,-0.637,-0.039,9.755,-0.07,0.07,-0.24
91.24,-0.736,-0.010,9.866,0.00,0.06,-0.33
91.26,-0.698,0.081,9.788,-0.08,-0.04,-0.31
91.28,-0.729,-0.020,9.758,0.19,0.16,-0.22
91.30,-0.603,-0.101,9.867,-0.13,-0.02,-0.17
91.32,-0.690,0.014,9.852,-0.14,-0.07,-0.34
91.34,-0.754,-0.019,9.756,0.03,-0.05,-0.36
91.36,-0.742,-0.076,9.860,-0.05,-0.13,-0.31
91.38,-0.570,-0.165,9.862,-0.09,-0.21,-0.57
91.40,-0.731,-0.127,9.762,-0.02,0.05,-0.44
91.42,-0.663,-0.067,9.772,0.11,0.02,-0.70
91.44,-0.643,-0.071,9.892,-0.12,-0.01,-0.65
91.46,-0.681,-0.232,9.813,-0.03,-0.07,-0.81
91.48,-0.687,-0.173,9.859,0.00,0.15,-0.70
91.50,-0.759,-0.180,9.922,0.04,0.09,-0.73
91.52,-0.763,-0.177,9.819,-0.24,-0.03,-0.78
91.54,-0.659,-0.116,9.758,-0.08,0.07,-1.12
91.56,-0.648,-0.205,9.744,0.06,-0.12,-0.98
91.58,-0.645,-0.289,9.836,-0.09,0.10,-1.10
91.60,-0.710,-0.234,9.868,-0.09,0.02,-1.25
91.62,-0.588,-0.276,9.809,-0.13,0.03,-1.38
91.64,-0.631,-0.312,9.767,0.04,-0.12,-1.45
91.66,-0.724,-0.180,9.767,-0.04,0.00,-1.59
91.68,-0.750,-0.194,9.830,-0.11,-0.03,-1.66
91.70,-0.710,-0.341,9.896,-0.09,0.06,-1.60
91.72,-0.658,-0.353,9.842,-0.19,0.16,-1.66
91.74,-0.688,-0.346,9.766,-0.03,0.03,-1.90
91.76,-0.741,-0.347,9.921,0.02,-0.16,-1.80
91.78,-0.678,-0.316,9.848,0.02,-0.20,-1.99
91.80,-0.653,-0.402,9.736,-0.07,0.04,-2.09
91.82,-0.653,-0.420,9.797,0.10,0.08,-2.18
91.84,-0.586,-0.467,9.849,-0.10,0.06,-2.33
91.86,-0.568,-0.474,9.820,-0.00,0.11,-2.37
91.88,-0.540,-0.452,9.850,0.02,-0.10,-2.65
91.90,-0.543,-0.535,9.822,0.06,0.13,-2.60
91.92,-0.642,-0.451,9.766,0.03,0.07,-2.86
91.94,-0.471,-0.485,9.800,-0.03,-0.12,-3.00
91.96,-0.371,-0.398,9.886,0.10,0.03,-3.47
91.98,-0.397,-0.600,9.814,0.01,-0.12,-3.27
92.00,-0.439,-0.515,9.882,0.13,-0.03,-3.34
92.02,-0.466,-0.589,9.763,0.10,-0.21,-3.43
92.04,-0.373,-0.688,9.744,0.09,0.02,-3.53
92.06,-0.384,-0.629,9.840,0.11,-0.08,-3.77
92.08,-0.349,-0.751,9.771,0.04,0.07,-3.72
92.10,-0.341,-0.687,9.814,0.03,0.04,-3.89
92.12,-0.331,-0.734,9.870,0.06,0.06,-4.16
92.14,-0.227,-0.695,9.870,0.12,-0.07,-4.29
92.16,-0.311,-0.742,9.839,-0.14,-0.11,-4.48
92.18,-0.297,-0.676,9.755,0.10,0.03,-4.55
92.20,-0.264,-0.738,9.740,0.01,0.11,-4.68
92.22,-0.154,-0.752,9.728,-0.13,-0.10,-4.79
92.24,-0.193,-0.843,9.749,-0.13,-0.06,-4.79
92.26,-0.123,-0.805,9.807,0.00,0.08,-5.04
92.28,-0.230,-0.970,9.733,-0.00,-0.07,-5.38
92.30,-0.194,-0.920,9.848,0.10,0.16,-5.51
92.32,-0.112,-0.911,9.844,0.19,0.18,-5.50
92.34,-0.141,-1.062,9.860,0.08,0.06,-5.67
92.36,-0.145,-1.016,9.783,0.02,0.06,-5.77
92.38,-0.178,-1.012,9.807,0.15,-0.13,-6.13
92.40,-0.192,-0.995,9.875,-0.17,-0.15,-6.15
92.42,-0.189,-0.986,9.836,0.05,0.07,-6.44
92.44,-0.106,-1.086,9.794,-0.00,0.21,-6.49
92.46,-0.184,-1.132,9.749,0.07,0.15,-6.64
92.48,-0.199,-1.143,9.784,-0.01,-0.01,-6.68
92.50,-0.197,-1.177,9.808,-0.03,-0.13,-6.98
92.52,-0.189,-1.203,9.785,0.01,0.09,-7.15
92.54,-0.213,-1.157,9.786,-0.10,-0.08,-7.43
92.56,-0.239,-1.252,9.773,0.03,0.01,-7.47
92.58,-0.237,-1.260,9.812,0.03,0.05,-7.66
92.60,-0.111,-1.344,9.753,0.00,-0.01,-7.70
92.62,-0.177,-1.258,9.814,0.09,0.08,-8.02
92.64,-0.129,-1.390,9.928,-0.06,0.04,-8.37
92.66,-0.217,-1.349,9.824,-0.04,0.13,-8.26
92.68,-0.154,-1.410,9.785,0.06,-0.09,-8.41
92.70,-0.164,-1.545,9.823,0.07,-0.01,-8.67
92.72,-0.193,-1.484,9.830,-0.17,-0.11,-8.62
92.74,-0.171,-1.495,9.736,0.08,0.06,-8.78
92.76,-0.199,-1.541,9.792,0.13,0.02,-9.05
92.78,-0.221,-1.549,9.923,-0.18,0.21,-9.35
92.80,-0.161,-1.629,9.838,-0.11,-0.01,-9.46
92.82,-0.145,-1.484,9.788,-0.15,0.00,-9.81
92.84,-0.130,-1.646,9.849,-0.16,-0.08,-9.81
92.86,-0.163,-1.586,9.842,0.11,0.09,-10.01
92.88,-0.235,-1.630,9.742,-0.08,0.11,-10.15
92.90,-0.075,-1.719,9.786,0.02,0.08,-10.50
92.92,-0.157,-1.802,9.827,0.11,0.18,-10.54
92.94,-0.108,-1.789,9.830,0.06,-0.29,-10.90
92.96,-0.214,-1.807,9.794,0.18,0.02,-10.83
92.98,-0.239,-1.888,9.811,-0.07,0.03,-11.12
93.00,-0.179,-1.946,9.812,0.01,0.02,-11.16
93.02,-0.205,-1.902,9.846,0.00,0.04,-11.52
93.04,-0.107,-1.916,9.825,0.01,0.16,-11.58
93.06,-0.174,-1.969,9.891,-0.10,-0.01,-11.85
93.08,-0.177,-2.005,9.784,0.08,0.07,-11.91
93.10,-0.280,-1.929,9.743,0.05,-0.04,-12.17
93.12,-0.165,-2.071,9.700,0.17,0.02,-12.42
93.14,-0.183,-2.040,9.764,0.06,0.12,-12.68
93.16,-0.140,-2.045,9.871,-0.15,0.10,-12.43
93.18,-0.235,-2.057,9.935,-0.02,0.03,-12.72
93.20,-0.151,-2.210,9.809,0.06,0.11,-12.92
93.22,-0.147,-2.198,9.850,0.03,-0.07,-13.32
93.24,-0.145,-2.118,9.770,0.05,0.11,-13.34
93.26,-0.101,-2.259,9.886,-0.11,-0.16,-13.52
93.28,-0.141,-2.319,9.816,0.15,0.01,-13.66
93.30,-0.105,-2.386,9.826,-0.06,0.02,-13.83
93.32,-0.162,-2.300,9.841,0.07,0.12,-14.00
93.34,-0.181,-2.424,9.864,0.05,-0.04,-14.21
93.36,-0.142,-2.413,9.788,0.02,-0.10,-14.44
93.38,-0.273,-2.416,9.737,0.27,-0.04,-14.53
93.40,-0.117,-2.481,9.812,-0.02,-0.00,-14.67
93.42,-0.234,-2.426,9.779,-0.07,0.02,-14.75
93.44,-0.066,-2.394,9.811,0.00,0.02,-14.92
93.46,-0.223,-2.521,9.797,-0.30,0.10,-15.40
93.48,-0.136,-2.560,9.749,0.04,-0.01,-15.30
93.50,-0.218,-2.560,9.806,0.11,-0.02,-15.57
93.52,-0.207,-2.538,9.761,0.01,0.19,-15.76
93.54,-0.189,-2.612,9.928,-0.05,0.05,-15.99
93.56,-0.222,-2.680,9.865,0.10,0.04,-15.91
93.58,-0.069,-2.639,9.859,-0.00,0.02,-16.31
93.60,-0.175,-2.602,9.802,0.11,0.23,-16.34
93.62,-0.212,-2.671,9.795,-0.10,-0.11,-16.45
93.64,-0.183,-2.795,9.763,-0.02,-0.18,-16.70
93.66,-0.160,-2.741,9.794,0.03,-0.22,-16.92
93.68,-0.205,-2.876,9.823,-0.08,-0.12,-17.15
93.70,-0.122,-2.827,9.669,-0.03,0.00,-17.09
93.72,-0.129,-2.892,9.877,-0.09,-0.19,-17.23
93.74,-0.072,-2.797,9.772,-0.01,0.10,-17.44
93.76,-0.196,-2.910,9.848,-0.20,0.06,-17.50
93.78,-0.189,-2.922,9.783,-0.00,-0.08,-17.73
93.80,-0.199,-2.966,9.827,0.02,0.12,-17.81
93.82,-0.217,-2.993,9.777,0.15,-0.17,-18.07
93.84,-0.165,-3.158,9.832,0.07,0.05,-17.99
93.86,-0.260,-3.019,9.884,-0.05,0.11,-18.30
93.88,-0.156,-3.057,9.794,-0.00,-0.03,-18.47
93.90,-0.193,-3.046,9.730,-0.03,0.10,-18.39
93.92,-0.158,-3.079,9.819,-0.06,-0.12,-18.66
93.94,-0.179,-3.103,9.687,0.00,0.13,-18.79
93.96,-0.242,-3.028,9.883,0.11,0.05,-18.76
93.98,-0.174,-3.124,9.881,-0.07,0.02,-19.02
94.00,-0.193,-3.029,9.777,0.00,0.23,-19.18
94.02,-0.116,-3.238,9.716,-0.02,0.34,-19.49
94.04,-0.124,-3.190,9.831,-0.16,0.09,-19.46
94.06,-0.224,-3.277,9.761,0.01,0.02,-19.41
94.08,-0.174,-3.172,9.772,0.07,0.18,-19.68
94.10,-0.193,-3.207,9.761,0.01,-0.01,-19.90
94.12,-0.154,-3.221,9.853,0.08,-0.11,-20.05
94.14,-0.216,-3.220,9.847,0.01,0.11,-19.88
94.16,-0.153,-3.307,9.817,-0.03,-0.05,-20.21
94.18,-0.129,-3.291,9.940,0.04,-0.01,-20.47
94.20,-0.255,-3.298,9.773,0.14,0.08,-20.49
94.22,-0.193,-3.413,9.775,-0.14,0.03,-20.63
94.24,-0.171,-3.379,9.847,-0.16,0.15,-20.51
94.26,-0.194,-3.408,9.800,0.03,0.22,-20.65
94.28,-0.150,-3.327,9.776,-0.16,-0.04,-20.90
94.30,-0.174,-3.359,9.807,0.15,-0.05,-20.85
94.32,-0.238,-3.434,9.727,0.01,-0.04,-20.95
94.34,-0.136,-3.334,9.832,-0.19,-0.01,-21.07
94.36,-0.124,-3.449,9.800,0.07,-0.08,-21.17
94.38,-0.108,-3.440,9.827,0.02,0.06,-21.16
94.40,-0.157,-3.442,9.800,0.16,0.02,-21.14
94.42,-0.104,-3.520,9.837,-0.04,0.12,-21.30
94.44,-0.160,-3.495,9.764,-0.01,-0.08,-21.54
94.46,-0.190,-3.501,9.813,-0.00,-0.00,-21.55
94.48,-0.208,-3.519,9.826,-0.03,0.14,-21.51
94.50,-0.297,-3.461,9.821,-0.02,-0.10,-21.84
94.52,-0.339,-3.472,9.927,-0.11,0.02,-21.59
94.54,-0.087,-3.551,9.867,0.40,0.00,-22.04
94.56,-0.199,-3.474,9.821,-0.15,0.03,-21.89
94.58,-0.143,-3.529,9.751,0.08,0.10,-21.92
94.60,-0.224,-3.450,9.823,0.13,-0.05,-21.80
94.62,-0.208,-3.543,9.833,-0.06,0.16,-21.77
94.64,-0.152,-3.650,9.806,0.06,0.04,-22.24
94.66,-0.218,-3.625,9.868,-0.10,0.21,-21.97
94.68,-0.161,-3.560,9.870,0.11,0.02,-22.18
94.70,-0.114,-3.596,9.818,0.02,-0.10,-22.19
94.72,-0.201,-3.640,9.821,0.14,-0.09,-22.30
94.74,-0.258,-3.578,9.753,-0.13,-0.04,-22.25
94.76,-0.144,-3.575,9.889,0.08,0.00,-22.36
94.78,-0.240,-3.613,9.741,-0.16,-0.09,-22.22
94.80,-0.274,-3.638,9.806,0.03,0.01,-22.33
94.82,-0.244,-3.637,9.810,0.05,-0.04,-22.30
94.84,-0.202,-3.632,9.752,0.02,0.03,-22.50
94.86,-0.183,-3.684,9.791,-0.17,0.17,-22.46
94.88,-0.067,-3.594,9.871,0.09,0.15,-22.41
94.90,-0.102,-3.645,9.820,-0.12,0.17,-22.55
94.92,-0.128,-3.657,9.728,0.09,0.12,-22.45
94.94,-0.134,-3.655,9.818,0.11,-0.03,-22.34
94.96,-0.138,-3.651,9.829,-0.03,0.20,-22.56
94.98,-0.181,-3.654,9.789,-0.21,0.05,-22.37
95.00,-0.185,-3.635,9.776,-0.03,0.14,-22.60
95.02,-0.249,-3.627,9.864,0.02,0.02,-22.37
95.04,-0.152,-3.550,9.820,0.06,-0.14,-22.44
95.06,-0.164,-3.623,9.815,0.05,0.01,-22.55
95.08,-0.259,-3.552,9.792,-0.00,-0.01,-22.46
95.10,-0.181,-3.506,9.824,0.20,0.04,-22.64
95.12,-0.131,-3.599,9.763,-0.01,-0.09,-22.47
95.14,-0.164,-3.547,9.834,0.05,0.04,-22.51
95.16,-0.163,-3.558,9.834,0.31,-0.01,-22.46
95.18,-0.196,-3.600,9.797,-0.08,-0.17,-22.44
95.20,-0.236,-3.558,9.855,-0.06,0.18,-22.26
95.22,-0.241,-3.546,9.778,-0.01,-0.02,-22.19
95.24,-0.193,-3.555,9.846,-0.22,0.19,-22.21
95.26,-0.193,-3.597,9.827,0.07,-0.13,-22.30
95.28,-0.219,-3.454,9.857,0.19,-0.05,-22.22
95.30,-0.167,-3.656,9.792,-0.03,-0.00,-22.18
95.32,-0.163,-3.606,9.823,-0.01,0.11,-22.06
95.34,-0.178,-3.549,9.857,-0.04,-0.05,-21.91
95.36,-0.215,-3.599,9.769,-0.24,-0.10,-22.05
95.38,-0.155,-3.509,9.833,-0.04,-0.18,-22.04
95.40,-0.184,-3.436,9.842,0.11,0.15,-22.01
95.42,-0.209,-3.515,9.811,0.04,0.09,-21.92
95.44,-0.163,-3.427,9.841,-0.12,0.10,-21.88
95.46,-0.238,-3.417,9.797,-0.16,0.05,-21.77
95.48,-0.163,-3.461,9.784,-0.01,0.05,-21.64
95.50,-0.188,-3.431,9.776,-0.11,-0.12,-21.70
95.52,-0.169,-3.475,9.840,-0.06,-0.06,-21.54
95.54,-0.167,-3.360,9.864,-0.09,0.04,-21.28
95.56,-0.140,-3.459,9.796,0.12,0.14,-21.37
95.58,-0.197,-3.347,9.767,-0.11,-0.10,-21.40
95.60,-0.219,-3.384,9.886,0.12,0.06,-21.34
95.62,-0.114,-3.346,9.788,0.03,0.07,-21.27
95.64,-0.144,-3.387,9.793,-0.11,-0.06,-21.05
95.66,-0.161,-3.303,9.780,-0.03,0.11,-21.04
95.68,-0.161,-3.299,9.854,0.06,-0.11,-20.93
95.70,-0.157,-3.368,9.843,0.17,0.04,-20.77
95.72,-0.209,-3.291,9.777,-0.04,0.03,-20.73
95.74,-0.185,-3.374,9.855,-0.04,-0.11,-20.71
95.76,-0.082,-3.249,9.809,0.05,-0.13,-20.48
95.78,-0.226,-3.285,9.666,0.07,-0.05,-20.51
95.80,-0.226,-3.261,9.851,-0.10,-0.07,-20.24
95.82,-0.156,-3.133,9.841,-0.01,-0.26,-20.18
95.84,-0.207,-3.205,9.826,-0.17,0.05,-20.06
95.86,-0.082,-3.278,9.807,0.14,0.05,-19.82
95.88,-0.224,-3.056,9.807,0.01,0.19,-19.93
95.90,-0.269,-3.069,9.934,0.09,0.15,-19.71
95.92,-0.186,-3.075,9.771,0.08,-0.08,-19.57
95.94,-0.163,-3.070,9.744,0.16,-0.22,-19.49
95.96,-0.131,-3.055,9.827,0.05,0.01,-19.44
95.98,-0.062,-3.074,9.826,0.04,-0.02,-19.40
96.00,-0.132,-3.071,9.841,-0.13,-0.00,-19.24
96.02,-0.142,-2.996,9.816,-0.06,-0.25,-19.15
96.04,-0.130,-3.011,9.833,0.02,0.03,-19.07
96.06,-0.192,-2.981,9.804,-0.03,0.00,-18.59
96.08,-0.151,-2.901,9.813,-0.06,0.06,-18.71
96.10,-0.200,-2.954,9.857,0.00,0.04,-18.45
96.12,-0.119,-2.978,9.761,0.08,-0.05,-18.53
96.14,-0.206,-2.813,9.808,0.06,-0.08,-18.24
96.16,-0.247,-2.798,9.809,-0.10,0.12,-18.16
96.18,-0.152,-2.793,9.861,-0.12,-0.02,-18.00
96.20,-0.172,-2.798,9.844,-0.09,0.05,-18.13
96.22,-0.147,-2.763,9.809,-0.01,0.00,-17.79
96.24,-0.183,-2.697,9.863,-0.13,-0.10,-17.51
96.26,-0.147,-2.775,9.763,0.05,-0.02,-17.38
96.28,-0.114,-2.718,9.852,-0.06,-0.18,-17.12
96.30,-0.142,-2.653,9.778,-0.14,0.15,-17.03
96.32,-0.228,-2.637,9.830,0.11,-0.11,-17.03
96.34,-0.138,-2.680,9.732,0.15,-0.00,-16.69
96.36,-0.150,-2.666,9.796,-0.07,-0.18,-16.74
96.38,-0.167,-2.525,9.828,0.05,-0.20,-16.58
96.40,-0.147,-2.509,9.815,0.20,0.02,-16.42
96.42,-0.185,-2.546,9.840,-0.02,0.10,-16.26
96.44,-0.194,-2.566,9.774,0.05,0.18,-15.98
96.46,-0.280,-2.448,9.802,-0.04,0.04,-15.88
96.48,-0.109,-2.528,9.741,-0.07,0.06,-15.84
96.50,-0.114,-2.377,9.840,0.10,0.00,-15.62
96.52,-0.154,-2.362,9.794,-0.01,-0.01,-15.38
96.54,-0.152,-2.377,9.779,-0.21,-0.04,-15.17
96.56,-0.069,-2.394,9.836,-0.14,-0.19,-15.21
96.58,-0.181,-2.375,9.878,0.03,0.04,-15.24
96.60,-0.166,-2.384,9.832,0.07,0.08,-14.65
96.62,-0.106,-2.297,9.791,0.11,-0.17,-14.56
96.64,-0.252,-2.370,9.829,-0.11,-0.05,-14.52
96.66,-0.149,-2.283,9.902,0.05,0.02,-14.10
96.68,-0.137,-2.253,9.762,-0.02,-0.14,-13.77
96.70,-0.159,-2.239,9.820,0.15,-0.11,-13.86
96.72,-0.114,-2.038,9.793,0.04,0.03,-13.66
96.74,-0.084,-2.194,9.790,0.12,0.10,-13.41
96.76,-0.057,-2.063,9.781,-0.10,0.09,-13.20
96.78,-0.185,-2.109,9.887,0.05,0.06,-13.29
96.80,-0.196,-1.961,9.808,0.03,-0.04,-12.88
96.82,-0.054,-1.967,9.838,0.05,0.06,-12.90
96.84,-0.116,-1.964,9.741,-0.21,-0.09,-12.64
96.86,-0.200,-1.952,9.805,0.09,-0.02,-12.46
96.88,-0.149,-1.921,9.873,0.06,-0.03,-12.23
96.90,-0.225,-1.874,9.784,-0.03,0.08,-12.03
96.92,-0.266,-1.867,9.764,0.09,-0.01,-12.01
96.94,-0.183,-1.790,9.920,-0.04,0.06,-11.81
96.96,-0.202,-1.802,9.735,-0.05,0.09,-11.63
96.98,-0.148,-1.778,9.853,0.10,-0.22,-11.61
97.00,-0.207,-1.712,9.770,0.01,0.02,-11.38
97.02,-0.182,-1.597,9.813,0.09,0.06,-11.24
97.04,-0.186,-1.692,9.844,0.07,-0.09,-10.92
97.06,-0.232,-1.738,9.822,-0.01,-0.03,-10.43
97.08,-0.154,-1.642,9.807,0.15,0.24,-10.32
97.10,-0.128,-1.631,9.807,0.01,-0.03,-10.45
97.12,-0.157,-1.513,9.825,-0.00,0.11,-10.25
97.14,-0.175,-1.574,9.746,-0.02,-0.17,-9.95
97.16,-0.163,-1.543,9.781,0.11,-0.02,-9.69
97.18,-0.165,-1.499,9.742,-0.13,-0.05,-9.69
97.20,-0.257,-1.517,9.800,0.07,-0.06,-9.51
97.22,-0.150,-1.400,9.739,0.13,-0.04,-9.17
97.24,-0.307,-1.443,9.867,0.01,-0.07,-9.11
97.26,-0.196,-1.404,9.770,0.24,-0.00,-9.00
97.28,-0.148,-1.385,9.787,0.07,0.13,-8.76
97.30,-0.216,-1.359,9.795,-0.09,-0.04,-8.36
97.32,-0.103,-1.268,9.871,-0.04,0.01,-8.30
97.34,-0.036,-1.225,9.793,0.01,0.11,-8.36
97.36,-0.218,-1.257,9.849,-0.10,-0.02,-8.09
97.38,-0.162,-1.163,9.843,-0.02,-0.05,-7.98
97.40,-0.202,-1.218,9.832,-0.17,-0.02,-8.14
97.42,-0.166,-1.108,9.671,0.08,-0.01,-7.64
97.44,-0.183,-1.104,9.775,-0.08,0.14,-7.36
97.46,-0.160,-1.069,9.793,-0.22,-0.09,-7.31
97.48,-0.173,-1.011,9.830,0.12,-0.07,-7.12
97.50,-0.161,-1.040,9.816,0.04,-0.10,-6.93
97.52,-0.155,-0.968,9.746,0.10,0.06,-6.62
97.54,-0.157,-1.010,9.767,0.05,-0.07,-6.61
97.56,-0.215,-1.051,9.817,-0.08,0.08,-6.57
97.58,-0.239,-0.911,9.939,0.13,-0.16,-6.21
97.60,-0.202,-0.914,9.778,-0.28,-0.04,-5.97
97.62,-0.181,-0.860,9.747,0.04,-0.12,-6.02
97.64,-0.163,-0.872,9.773,0.23,0.07,-5.86
97.66,-0.254,-0.786,9.799,-0.05,0.07,-5.66
97.68,-0.142,-0.865,9.856,-0.06,-0.15,-5.54
97.70,-0.148,-0.863,9.810,-0.04,0.03,-5.26
97.72,-0.168,-0.743,9.876,-0.19,-0.09,-5.23
97.74,-0.145,-0.762,9.811,0.11,-0.01,-5.18
97.76,-0.302,-0.781,9.758,-0.03,-0.01,-4.96
97.78,-0.109,-0.615,9.788,0.07,0.02,-4.70
97.80,-0.292,-0.723,9.822,-0.13,0.01,-4.52
97.82,-0.224,-0.694,9.756,0.17,-0.00,-4.69
97.84,-0.240,-0.634,9.858,0.01,0.12,-4.29
97.86,-0.216,-0.701,9.788,-0.05,-0.10,-4.15
97.88,-0.225,-0.746,9.838,0.08,-0.23,-4.17
97.90,-0.169,-0.582,9.816,0.21,0.16,-3.89
97.92,-0.203,-0.560,9.871,-0.12,-0.03,-3.80
97.94,-0.101,-0.511,9.861,-0.07,-0.00,-3.71
97.96,-0.239,-0.523,9.784,0.05,0.05,-3.78
97.98,-0.142,-0.468,9.827,0.09,0.10,-3.38
98.00,-0.129,-0.527,9.841,-0.02,-0.07,-3.30
98.02,-0.179,-0.516,9.877,0.14,0.01,-3.10
98.04,-0.195,-0.466,9.805,-0.09,-0.12,-3.11
98.06,-0.121,-0.405,9.843,0.05,-0.03,-2.99
98.08,-0.229,-0.429,9.804,-0.10,0.02,-2.79
98.10,-0.138,-0.419,9.707,-0.09,-0.19,-2.69
98.12,-0.173,-0.332,9.756,0.07,-0.10,-2.76
98.14,-0.063,-0.348,9.768,0.14,-0.01,-2.39
98.16,-0.204,-0.338,9.764,0.14,0.07,-2.36
98.18,-0.140,-0.377,9.740,-0.13,-0.11,-2.22
98.20,-0.124,-0.335,9.761,0.06,0.07,-2.23
98.22,-0.194,-0.299,9.817,-0.05,-0.10,-1.98
98.24,-0.210,-0.375,9.900,-0.03,0.04,-2.09
98.26,-0.173,-0.349,9.764,0.10,-0.12,-1.90
98.28,-0.176,-0.299,9.798,0.02,-0.04,-1.58
98.30,-0.142,-0.324,9.762,0.11,0.13,-1.63
98.32,-0.215,-0.164,9.852,-0.19,0.08,-1.66
98.34,-0.203,-0.303,9.810,0.10,0.12,-1.55
98.36,-0.125,-0.191,9.753,0.08,-0.01,-1.44
98.38,-0.161,-0.106,9.862,0.05,0.12,-1.25
98.40,-0.181,-0.262,9.867,-0.25,0.03,-1.21
98.42,-0.232,-0.189,9.765,0.04,-0.02,-1.08
98.44,-0.172,-0.190,9.813,0.08,0.05,-0.93
98.46,-0.106,-0.166,9.865,0.16,-0.07,-1.16
98.48,-0.131,-0.282,9.797,-0.23,0.05,-0.89
98.50,-0.227,-0.084,9.713,0.12,0.07,-0.92
98.52,-0.130,-0.217,9.781,0.04,-0.09,-0.86
98.54,-0.174,-0.099,9.766,-0.05,-0.07,-0.63
98.56,-0.152,-0.120,9.774,0.08,0.12,-0.45
98.58,-0.138,-0.115,9.860,0.01,0.09,-0.48
98.60,-0.206,0.008,9.857,-0.08,0.10,-0.59
98.62,-0.178,-0.101,9.820,-0.04,0.03,-0.67
98.64,-0.288,-0.135,9.796,-0.09,0.04,-0.56
98.66,-0.280,-0.074,9.809,-0.12,-0.07,-0.23
98.68,-0.248,-0.052,9.782,0.07,0.12,-0.46
98.70,-0.219,0.001,9.775,0.11,-0.04,-0.44
98.72,-0.157,-0.125,9.886,-0.06,0.03,-0.07
98.74,-0.285,-0.007,9.877,-0.03,0.00,-0.49
98.76,-0.189,-0.112,9.736,-0.01,-0.14,-0.19
98.78,-0.115,-0.062,9.822,0.04,-0.02,-0.09
98.80,-0.211,-0.047,9.819,0.16,-0.10,-0.25
98.82,-0.239,-0.070,9.786,-0.14,-0.06,-0.19
98.84,-0.174,0.050,9.714,0.13,-0.05,-0.02
98.86,-0.132,-0.020,9.782,-0.08,-0.17,-0.20
98.88,-0.098,-0.076,9.805,0.08,-0.01,-0.12
98.90,-0.236,0.106,9.824,-0.03,0.06,0.00
98.92,-0.182,-0.050,9.838,0.01,-0.10,-0.09
98.94,-0.196,0.007,9.750,0.06,0.01,0.23
98.96,-0.255,0.022,9.837,-0.06,-0.03,0.08
98.98,-0.130,-0.002,9.846,0.05,-0.02,0.07
99.00,-0.173,-0.056,9.908,0.02,-0.12,0.09
99.02,-0.151,-0.046,9.808,-0.02,-0.35,-0.14
99.04,-0.193,-0.014,9.749,-0.06,0.04,0.05
99.06,-0.259,-0.042,9.849,0.01,-0.06,-0.11
99.08,-0.099,-0.002,9.794,0.03,0.01,0.11
99.10,-0.184,-0.036,9.768,0.04,-0.02,0.07
99.12,-0.248,-0.049,9.819,-0.02,-0.06,0.05
99.14,-0.150,0.013,9.803,-0.05,-0.11,0.07
99.16,-0.134,0.019,9.742,-0.05,-0.12,-0.18
99.18,-0.181,-0.091,9.798,-0.16,0.03,-0.03
99.20,-0.069,0.003,9.844,0.10,0.06,-0.10
99.22,-0.079,-0.082,9.815,-0.04,-0.04,0.22
99.24,-0.151,-0.100,9.839,0.27,-0.20,-0.20
99.26,-0.145,-0.030,9.812,-0.05,-0.08,0.07
99.28,-0.074,0.046,9.899,0.03,0.13,-0.03
99.30,-0.225,-0.030,9.895,-0.19,-0.12,-0.09
99.32,-0.168,-0.054,9.750,0.03,-0.14,-0.02
99.34,-0.280,0.043,9.845,0.04,-0.13,-0.06
99.36,-0.196,-0.024,9.776,0.09,-0.02,0.03
99.38,-0.246,-0.042,9.701,-0.03,-0.13,0.04
99.40,-0.234,0.011,9.821,-0.06,-0.01,-0.08
99.42,-0.183,0.087,9.847,-0.00,-0.06,-0.12
99.44,-0.182,-0.058,9.779,0.07,-0.08,0.00
99.46,-0.127,0.090,9.862,0.11,0.04,-0.07
99.48,-0.168,-0.007,9.695,-0.07,-0.09,0.15
99.50,-0.113,0.057,9.919,0.13,0.19,-0.02
99.52,-0.174,0.052,9.880,0.12,-0.01,-0.09
99.54,-0.129,-0.034,9.820,0.09,-0.00,-0.08
99.56,-0.179,0.046,9.812,-0.12,0.02,0.07
99.58,-0.187,-0.008,9.716,-0.20,-0.01,0.11
99.60,-0.143,0.038,9.840,-0.05,0.07,0.13
99.62,-0.097,0.075,9.731,0.02,-0.09,0.01
99.64,-0.183,0.009,9.785,-0.11,0.00,-0.03
99.66,-0.187,0.051,9.808,0.06,0.18,-0.05
99.68,-0.152,-0.014,9.845,-0.12,-0.08,0.09
99.70,-0.156,0.006,9.799,0.06,-0.12,-0.02
99.72,-0.188,-0.027,9.863,-0.01,0.07,0.01
99.74,-0.226,0.047,9.785,0.01,0.14,-0.14
99.76,-0.150,-0.026,9.872,0.13,-0.40,-0.09
99.78,-0.173,0.060,9.775,-0.06,0.13,0.06
99.80,-0.173,0.044,9.823,0.16,0.02,-0.13
99.82,-0.182,-0.069,9.774,-0.13,0.03,-0.24
99.84,-0.068,-0.050,9.726,0.12,0.03,-0.13
99.86,-0.199,-0.028,9.857,0.03,0.01,0.17
99.88,-0.152,0.006,9.829,0.09,-0.20,-0.07
99.90,-0.049,-0.006,9.832,0.08,0.03,-0.01
99.92,-0.199,0.023,9.878,-0.11,0.15,0.13
99.94,-0.116,0.098,9.829,0.08,0.01,-0.04
99.96,-0.187,-0.006,9.779,-0.09,-0.01,0.22
99.98,-0.173,0.049,9.809,0.00,0.01,0.08
100.00,-0.071,0.056,9.840,0.17,-0.08,0.06
100.02,-0.028,-0.035,9.767,-0.00,0.27,0.01
100.04,-0.074,0.041,9.885,-0.05,0.16,-0.02
100.06,-0.154,0.077,9.737,0.12,-0.07,-0.12
100.08,-0.010,-0.001,9.804,0.19,-0.06,-0.00
100.10,-0.075,-0.080,9.811,0.13,-0.04,0.12
100.12,-0.055,0.073,9.754,0.11,-0.17,-0.15
100.14,-0.105,0.022,9.863,-0.00,-0.05,-0.07
100.16,0.001,-0.051,9.763,-0.01,-0.04,0.11
100.18,-0.053,-0.006,9.897,0.06,0.05,-0.03
100.20,-0.138,-0.033,9.793,-0.06,0.19,0.02
100.22,0.025,0.100,9.751,-0.10,-0.06,0.02
100.24,-0.039,-0.062,9.721,-0.07,-0.13,0.13
100.26,-0.009,0.047,9.808,0.10,-0.02,0.24
100.28,0.087,-0.104,9.763,-0.09,0.14,0.02
100.30,0.015,-0.048,9.790,-0.03,0.23,0.04
100.32,-0.018,-0.025,9.872,-0.07,0.07,-0.03
100.34,-0.048,-0.044,9.755,-0.20,-0.02,-0.01
100.36,-0.021,-0.079,9.820,-0.06,-0.09,0.01
100.38,-0.057,0.065,9.895,0.05,0.01,0.12
100.40,0.044,0.056,9.733,0.01,0.09,0.13
100.42,-0.075,0.064,9.842,0.12,-0.10,0.06
100.44,-0.068,-0.015,9.875,-0.02,0.07,0.20
100.46,-0.053,-0.021,9.808,-0.11,0.03,-0.09
100.48,-0.038,-0.017,9.801,0.07,0.08,0.02
100.50,-0.036,-0.068,9.795,0.13,0.08,-0.06
100.52,-0.008,-0.055,9.857,0.15,0.02,0.10
100.54,0.073,-0.023,9.823,-0.07,-0.07,0.12
100.56,-0.007,0.019,9.862,0.00,-0.08,-0.22
100.58,-0.003,-0.035,9.857,-0.04,-0.02,-0.00
100.60,0.078,-0.010,9.776,0.14,-0.11,0.17
100.62,0.006,-0.051,9.766,-0.04,-0.00,0.01
100.64,0.038,-0.056,9.822,-0.14,0.14,-0.04
100.66,-0.095,-0.014,9.845,0.08,-0.12,-0.08
100.68,-0.020,-0.007,9.801,0.26,-0.13,0.06
100.70,-0.042,0.090,9.789,0.04,-0.19,-0.11
100.72,0.023,-0.066,9.801,0.05,0.05,0.18
100.74,-0.020,0.078,9.723,0.04,-0.05,-0.02
100.76,0.029,-0.023,9.828,0.19,0.04,0.20
100.78,-0.133,0.025,9.863,0.04,-0.05,0.12
100.80,-0.019,-0.084,9.743,-0.00,-0.11,0.05
100.82,-0.042,0.066,9.926,-0.02,0.12,0.01
100.84,-0.034,-0.064,9.759,-0.03,-0.05,-0.20
100.86,0.015,-0.050,9.674,-0.06,-0.10,0.09
100.88,-0.031,-0.041,9.753,0.03,-0.15,0.00
100.90,-0.033,0.063,9.783,-0.08,-0.03,-0.03
100.92,0.008,0.008,9.714,0.13,-0.13,-0.02
100.94,0.121,-0.028,9.839,-0.14,0.05,0.12
100.96,-0.026,0.035,9.861,0.01,-0.14,-0.12
100.98,0.065,0.050,9.909,-0.17,-0.16,-0.07
101.00,-0.007,-0.070,9.872,0.01,-0.10,-0.01
101.02,0.001,-0.029,9.843,0.11,0.09,-0.06
101.04,0.007,-0.046,9.771,-0.03,-0.06,-0.04
101.06,-0.012,0.043,9.816,-0.10,-0.06,-0.05
101.08,0.040,0.049,9.809,0.10,0.03,-0.05
101.10,-0.007,0.072,9.800,-0.01,-0.13,-0.07
101.12,0.017,0.067,9.842,0.05,0.05,-0.13
101.14,-0.000,0.070,9.859,0.16,0.03,-0.02
101.16,-0.013,-0.013,9.822,0.04,-0.04,0.09
101.18,0.012,-0.009,9.768,-0.03,0.03,-0.08
101.20,-0.070,-0.054,9.745,-0.04,0.06,-0.01
101.22,-0.042,0.001,9.718,0.18,0.08,-0.07
101.24,0.013,0.040,9.771,0.23,-0.09,0.08
101.26,-0.016,0.001,9.859,0.04,0.03,0.07
101.28,0.052,0.000,9.814,-0.16,-0.00,-0.05
101.30,-0.040,0.005,9.775,0.03,0.05,-0.17
101.32,0.007,0.064,9.826,-0.07,0.11,0.16
101.34,-0.008,0.024,9.860,-0.15,-0.10,0.02
101.36,-0.009,-0.044,9.791,-0.00,-0.06,0.10
101.38,-0.040,0.002,9.818,0.05,-0.13,-0.17
101.40,0.045,0.056,9.803,0.01,-0.08,0.20
101.42,0.010,0.045,9.721,0.03,-0.00,0.03
101.44,-0.037,0.034,9.823,-0.10,-0.03,-0.06
101.46,-0.095,0.010,9.777,-0.01,0.20,0.11
101.48,0.033,0.073,9.805,-0.03,0.13,0.09
101.50,-0.028,-0.072,9.778,0.07,-0.02,0.01
101.52,-0.046,-0.020,9.806,-0.12,0.02,-0.07
101.54,-0.021,-0.007,9.738,0.08,-0.01,-0.02
101.56,0.032,-0.045,9.789,-0.25,0.03,0.02
101.58,0.016,-0.008,9.841,0.07,0.03,-0.00
101.60,-0.011,-0.020,9.836,-0.18,-0.05,-0.21
101.62,-0.029,0.063,9.818,0.06,0.02,0.08
101.64,-0.006,-0.020,9.873,-0.06,0.07,0.06
101.66,0.130,0.027,9.863,0.01,0.20,-0.07
101.68,0.022,0.042,9.852,-0.16,0.10,-0.09
101.70,0.009,-0.027,9.873,0.15,0.07,-0.05
101.72,-0.028,-0.057,9.800,-0.03,0.03,0.05
101.74,-0.021,-0.085,9.769,-0.15,-0.05,-0.07
101.76,-0.001,-0.067,9.830,0.03,-0.10,0.22
101.78,-0.012,-0.057,9.817,0.03,0.02,-0.13
101.80,-0.030,0.021,9.775,0.06,-0.07,0.10
101.82,-0.046,-0.011,9.803,0.16,0.15,0.15
101.84,-0.027,-0.091,9.818,-0.05,0.09,-0.03
101.86,-0.057,-0.012,9.775,-0.01,-0.13,-0.05
101.88,-0.105,0.079,9.853,-0.10,-0.10,-0.07
101.90,-0.077,-0.039,9.808,0.03,-0.12,0.05
101.92,-0.063,-0.087,9.981,0.10,-0.19,0.18
101.94,-0.085,0.065,9.841,0.08,-0.07,-0.18
101.96,0.045,0.024,9.846,0.14,-0.07,-0.05
101.98,0.058,0.111,9.794,0.06,0.16,0.03
102.00,0.014,0.002,9.859,0.05,0.01,-0.15
102.02,-0.120,0.091,9.782,0.10,0.03,0.05
102.04,-0.029,-0.027,9.780,0.12,-0.23,0.13
102.06,-0.030,0.039,9.763,0.08,-0.03,0.09
102.08,0.065,0.028,9.833,-0.07,0.07,-0.06
102.10,-0.023,0.093,9.705,-0.02,-0.02,-0.02
102.12,0.037,-0.054,9.736,0.08,0.08,-0.15
102.14,-0.003,-0.007,9.742,0.08,-0.03,-0.19
102.16,0.034,0.069,9.803,-0.16,0.03,-0.01
102.18,-0.016,-0.010,9.737,0.03,-0.20,-0.12
102.20,0.075,0.029,9.752,0.07,-0.02,0.06
102.22,-0.038,-0.000,9.814,-0.03,-0.01,-0.09
102.24,-0.099,0.032,9.819,-0.17,0.04,0.08
102.26,0.015,-0.004,9.767,0.03,-0.00,-0.10
102.28,-0.065,0.019,9.806,0.13,-0.06,-0.07
102.30,-0.113,-0.021,9.736,-0.02,-0.15,0.08
102.32,0.031,-0.057,9.790,0.08,-0.00,-0.13
102.34,0.072,0.057,9.793,-0.02,-0.13,0.06
102.36,0.041,-0.002,9.812,0.26,0.21,-0.01
102.38,-0.054,-0.059,9.860,-0.04,-0.20,0.14
102.40,0.017,0.074,9.731,0.02,-0.19,-0.00
102.42,-0.039,-0.047,9.861,-0.14,0.15,0.04
102.44,0.032,0.047,9.760,0.03,-0.12,-0.16
102.46,0.010,0.005,9.815,0.08,0.08,-0.05
102.48,-0.017,0.084,9.821,0.04,-0.03,-0.16
102.50,0.019,-0.046,9.819,0.15,-0.03,-0.05
102.52,0.015,0.050,9.908,-0.03,-0.12,-0.03
102.54,0.034,0.094,9.823,-0.01,0.05,0.04
102.56,-0.013,-0.009,9.825,0.02,-0.02,-0.03
102.58,-0.063,0.035,9.839,-0.04,0.03,0.09
102.60,-0.025,0.126,9.849,-0.02,0.10,-0.03
102.62,-0.061,-0.010,9.870,0.08,0.01,0.08
102.64,-0.030,-0.003,9.869,0.07,0.05,-0.07
102.66,0.083,0.004,9.785,0.03,0.01,0.02
102.68,-0.042,-0.004,9.801,-0.12,0.19,0.08
102.70,0.029,0.024,9.814,-0.05,-0.25,-0.26
102.72,-0.048,0.040,9.775,-0.02,-0.09,0.02
102.74,-0.038,0.057,9.825,-0.04,-0.01,-0.29
102.76,0.107,-0.104,9.845,0.15,0.10,0.07
102.78,-0.019,0.013,9.799,-0.14,-0.03,-0.07
102.80,-0.116,0.021,9.789,-0.03,0.07,-0.04
102.82,0.001,-0.030,9.788,0.11,-0.10,-0.07
102.84,0.002,-0.119,9.830,-0.05,0.10,0.05
102.86,-0.037,-0.041,9.774,0.12,0.09,0.00
102.88,-0.048,0.047,9.844,0.06,0.17,-0.10
102.90,0.010,0.062,9.675,-0.06,0.07,0.01
102.92,-0.027,0.000,9.860,0.12,-0.22,-0.02
102.94,-0.118,0.033,9.868,-0.22,0.05,-0.09
102.96,-0.024,0.012,9.840,-0.13,-0.04,-0.04
102.98,-0.008,-0.046,9.783,0.13,0.03,-0.07
103.00,-0.011,0.089,9.878,0.07,0.04,-0.12
103.02,0.043,0.042,9.752,-0.09,0.03,-0.02
103.04,-0.026,-0.006,9.831,0.03,0.06,0.22
103.06,0.028,-0.057,9.772,-0.14,0.03,-0.13
103.08,0.093,0.005,9.840,0.02,0.06,0.01
103.10,-0.052,-0.028,9.757,-0.06,-0.09,-0.05
103.12,0.086,0.044,9.765,-0.09,0.11,-0.01
103.14,0.091,-0.007,9.798,-0.04,-0.04,0.05
103.16,0.079,-0.041,9.735,-0.09,0.09,0.03
103.18,-0.051,0.055,9.854,-0.12,-0.09,0.23
103.20,0.028,-0.070,9.833,0.15,-0.00,-0.31
103.22,0.037,0.003,9.762,-0.08,0.05,-0.07
103.24,-0.048,0.055,9.822,0.07,0.06,-0.02
103.26,0.042,0.020,9.799,0.01,-0.08,0.04
103.28,0.007,0.063,9.845,0.04,-0.06,-0.12
103.30,-0.036,0.020,9.883,-0.12,0.02,0.26
103.32,0.064,0.031,9.794,-0.02,0.22,0.08
103.34,0.086,0.006,9.744,-0.18,0.06,0.09
103.36,0.043,0.097,9.786,0.02,0.18,-0.05
103.38,0.034,-0.068,9.798,0.08,-0.10,-0.04
103.40,0.075,0.016,9.816,-0.08,0.06,0.02
103.42,0.014,-0.057,9.807,-0.03,0.07,-0.07
103.44,0.029,0.090,9.786,-0.01,-0.02,0.05
103.46,0.051,0.040,9.769,0.10,0.14,-0.25
103.48,-0.018,-0.007,9.840,0.05,0.01,0.08
103.50,0.029,0.008,9.879,0.01,0.09,0.03
103.52,0.023,-0.051,9.747,-0.05,0.04,0.13
103.54,-0.139,0.043,9.758,0.11,-0.14,-0.08
103.56,-0.011,0.005,9.848,0.01,-0.10,-0.09
103.58,0.021,-0.027,9.857,-0.03,-0.03,-0.26
103.60,0.015,-0.012,9.751,-0.03,0.19,0.06
103.62,-0.051,0.016,9.797,0.01,-0.04,0.00
103.64,-0.011,0.094,9.769,-0.21,-0.10,-0.00
103.66,-0.028,0.027,9.815,0.04,0.01,0.12
103.68,-0.006,-0.014,9.749,-0.07,-0.04,-0.00
103.70,-0.020,0.013,9.861,0.06,-0.00,0.10
103.72,0.004,-0.077,9.815,0.19,-0.01,-0.08
103.74,-0.057,0.027,9.862,0.04,-0.15,0.18
103.76,0.070,0.016,9.787,0.10,0.04,0.01
103.78,0.007,-0.073,9.782,0.02,-0.05,-0.12
103.80,0.065,-0.042,9.794,0.12,-0.09,0.07
103.82,-0.001,-0.006,9.826,0.15,0.05,-0.09
103.84,0.028,0.019,9.774,0.02,0.04,-0.13
103.86,0.063,0.026,9.774,-0.06,-0.10,-0.15
103.88,0.020,-0.070,9.752,0.08,-0.06,-0.05
103.90,0.093,-0.000,9.775,-0.20,-0.00,0.19
103.92,0.007,-0.022,9.786,-0.13,0.02,0.19
103.94,0.013,-0.060,9.755,0.11,0.03,-0.06
103.96,-0.056,0.002,9.757,0.23,-0.02,-0.02
103.98,-0.076,-0.020,9.826,0.09,-0.10,0.07
104.00,0.001,-0.018,9.696,0.16,-0.24,-0.03
104.02,-0.064,-0.063,9.835,0.02,0.06,-0.00
104.04,0.024,-0.044,9.842,-0.03,-0.02,0.10
104.06,0.036,0.027,9.781,0.02,-0.01,-0.00
104.08,-0.049,0.070,9.776,-0.05,0.01,-0.01
104.10,-0.067,-0.015,9.798,-0.15,0.12,-0.04
104.12,-0.138,-0.094,9.807,0.14,-0.01,0.13
104.14,0.096,-0.016,9.828,-0.05,0.02,0.02
104.16,-0.081,-0.027,9.834,0.04,-0.11,-0.12
104.18,-0.043,-0.035,9.760,-0.15,-0.08,-0.05
104.20,0.037,-0.024,9.768,-0.03,0.13,-0.04
104.22,-0.005,0.032,9.764,0.07,0.01,-0.07
104.24,0.083,-0.025,9.823,0.03,-0.04,0.14
104.26,-0.021,-0.010,9.842,-0.06,-0.07,0.18
104.28,0.013,0.014,9.748,-0.12,-0.09,0.05
104.30,-0.029,0.005,9.802,0.03,0.11,0.15
104.32,-0.002,0.022,9.752,0.18,0.01,0.06
104.34,-0.037,0.001,9.716,0.04,0.10,-0.03
104.36,-0.006,-0.048,9.777,0.05,-0.18,0.09
104.38,0.045,0.018,9.737,-0.00,-0.07,-0.12
104.40,-0.080,0.025,9.798,0.10,-0.01,0.04
104.42,0.076,-0.008,9.805,0.03,-0.04,-0.16
104.44,0.037,0.013,9.792,-0.09,0.06,0.09
104.46,0.007,-0.043,9.787,0.06,-0.06,-0.02
104.48,0.012,0.031,9.778,-0.05,-0.11,0.15
104.50,0.020,0.022,9.793,-0.02,-0.03,0.06
104.52,-0.015,-0.060,9.673,0.01,-0.02,-0.01
104.54,-0.016,-0.054,9.776,0.03,-0.11,0.14
104.56,0.002,0.012,9.868,0.11,0.10,0.11
104.58,0.020,0.069,9.814,0.04,-0.04,0.19
104.60,-0.019,-0.021,9.831,-0.02,0.08,0.09
104.62,-0.035,0.029,9.776,0.09,-0.07,-0.04
104.64,-0.097,0.018,9.767,-0.06,-0.09,0.09
104.66,-0.024,-0.088,9.811,-0.02,-0.10,-0.07
104.68,-0.041,-0.066,9.731,-0.07,-0.05,-0.02
104.70,0.015,0.070,9.741,-0.10,-0.10,0.10
104.72,0.023,-0.072,9.851,-0.04,0.13,0.08
104.74,0.082,0.148,9.754,-0.23,-0.05,-0.07
104.76,0.025,0.065,9.786,0.00,0.04,0.03
104.78,0.033,-0.040,9.748,-0.06,-0.08,-0.18
104.80,-0.011,-0.042,9.777,-0.04,-0.13,0.07
104.82,-0.109,-0.025,9.792,-0.03,0.15,0.01
104.84,0.033,-0.044,9.799,-0.09,0.04,-0.00
104.86,-0.047,0.005,9.784,0.05,-0.09,0.14
104.88,-0.013,0.034,9.808,0.20,0.07,0.02
104.90,0.088,-0.017,9.891,-0.15,0.01,-0.00
104.92,0.048,0.079,9.874,0.04,-0.01,-0.18
104.94,0.095,-0.024,9.866,-0.03,0.23,-0.11
104.96,0.007,-0.008,9.780,0.01,0.07,0.03
104.98,0.021,-0.114,9.810,0.07,0.07,-0.03
105.00,-0.016,-0.026,9.781,-0.07,-0.17,-0.04
105.02,-0.016,0.035,9.880,-0.02,-0.08,-0.07
105.04,0.045,0.016,9.752,0.06,-0.01,0.06
105.06,0.039,-0.079,9.752,0.08,0.21,-0.01
105.08,-0.054,0.035,9.823,-0.28,-0.01,0.19
105.10,0.087,-0.045,9.860,-0.14,0.03,0.10
105.12,-0.013,-0.056,9.773,-0.05,0.03,-0.04
105.14,0.030,0.015,9.903,0.07,-0.02,-0.03
105.16,0.029,0.006,9.761,0.04,-0.00,-0.26
105.18,0.010,-0.065,9.810,-0.05,0.05,0.14
105.20,0.042,0.058,9.796,-0.09,0.11,-0.07
105.22,-0.008,0.000,9.845,-0.12,0.02,-0.06
105.24,0.015,0.049,9.815,0.02,-0.11,-0.08
105.26,-0.102,-0.130,9.775,-0.05,0.01,0.12
105.28,-0.034,0.005,9.770,-0.00,-0.06,-0.06
105.30,-0.111,0.043,9.801,-0.02,-0.03,0.18
105.32,-0.009,-0.105,9.763,0.20,-0.02,-0.17
105.34,-0.062,0.073,9.782,0.01,-0.03,0.24
105.36,0.001,-0.097,9.800,0.12,-0.09,-0.11
105.38,0.095,-0.019,9.934,-0.18,-0.02,0.11
105.40,-0.068,-0.004,9.761,0.01,0.05,0.12
105.42,-0.080,0.108,9.734,-0.06,0.09,-0.18
105.44,-0.023,0.005,9.783,0.00,-0.00,-0.06
105.46,0.023,0.039,9.839,0.07,-0.23,0.03
105.48,-0.107,0.031,9.818,0.03,-0.10,-0.11
105.50,0.023,0.009,9.859,0.07,0.14,0.07
105.52,0.026,-0.046,9.787,0.05,-0.00,-0.03
105.54,0.056,0.021,9.883,0.10,0.05,-0.07
105.56,0.056,0.045,9.808,0.26,0.04,-0.03
105.58,-0.012,-0.070,9.820,0.00,0.07,-0.00
105.60,0.029,-0.005,9.785,-0.01,-0.05,-0.05
105.62,-0.017,-0.065,9.795,0.12,0.06,-0.04
105.64,0.017,-0.010,9.842,-0.09,0.02,0.09
105.66,-0.045,-0.066,9.783,0.00,-0.00,-0.01
105.68,0.036,0.053,9.917,-0.12,-0.04,-0.05
105.70,0.075,-0.005,9.772,-0.04,-0.11,0.15
105.72,-0.083,-0.064,9.844,-0.00,-0.10,-0.02
105.74,0.033,-0.010,9.770,-0.15,0.00,-0.08
105.76,-0.011,0.059,9.772,0.07,0.21,0.11
105.78,0.114,0.022,9.798,-0.07,0.09,0.13
105.80,0.063,0.049,9.838,0.19,-0.06,0.06
105.82,-0.100,-0.048,9.893,-0.02,-0.06,0.09
105.84,0.056,0.020,9.820,-0.09,0.18,-0.01
105.86,-0.015,-0.118,9.835,-0.02,0.01,0.07
105.88,-0.032,-0.072,9.859,-0.11,-0.28,-0.04
105.90,0.050,-0.064,9.777,-0.02,-0.01,0.04
105.92,-0.004,-0.015,9.786,0.07,-0.03,-0.01
105.94,-0.139,-0.054,9.761,-0.14,0.16,0.09
105.96,0.049,0.016,9.852,-0.10,0.03,0.14
105.98,0.026,-0.003,9.801,0.03,0.09,-0.02
106.00,-0.012,-0.045,9.827,-0.04,0.02,0.06
106.02,0.024,-0.007,9.817,-0.06,-0.05,-0.08
106.04,0.036,-0.001,9.764,-0.06,0.08,0.10
106.06,0.096,0.067,9.853,-0.13,-0.02,0.03
106.08,0.007,-0.061,9.667,-0.04,0.10,0.07
106.10,0.065,-0.022,9.734,-0.00,0.00,-0.13
106.12,-0.038,0.048,9.778,-0.07,0.03,-0.09
106.14,-0.031,0.035,9.861,0.01,0.07,0.13
106.16,-0.034,-0.006,9.778,-0.08,0.02,-0.08
106.18,0.047,-0.032,9.876,0.10,0.06,0.10
106.20,0.061,0.041,9.724,-0.18,0.03,0.03
106.22,0.027,0.043,9.857,-0.08,0.25,-0.19
106.24,-0.023,-0.057,9.843,-0.02,0.04,-0.01
106.26,0.013,0.059,9.832,-0.06,-0.02,0.09
106.28,-0.063,-0.061,9.802,0.09,-0.18,-0.00
106.30,-0.047,0.126,9.917,0.18,0.01,-0.11
106.32,0.044,-0.019,9.788,-0.10,0.01,0.07
106.34,-0.005,-0.041,9.781,-0.03,0.07,-0.14
106.36,0.038,-0.009,9.736,0.09,0.04,0.10
106.38,-0.110,0.074,9.733,-0.13,0.07,0.06
106.40,0.030,0.026,9.754,0.05,0.02,0.07
106.42,-0.011,0.062,9.757,0.06,-0.14,-0.08
106.44,-0.042,-0.016,9.855,-0.02,-0.08,-0.11
106.46,0.057,-0.018,9.755,0.02,0.07,-0.01
106.48,0.069,0.089,9.830,-0.16,-0.04,-0.03
106.50,-0.035,0.023,9.831,0.07,0.32,-0.01
106.52,0.061,-0.035,9.900,0.08,0.05,-0.16
106.54,-0.073,-0.014,9.785,0.00,-0.13,-0.05
106.56,0.060,-0.032,9.774,0.03,-0.01,-0.17
106.58,-0.010,0.055,9.899,0.02,-0.06,-0.09
106.60,0.009,0.042,9.835,0.06,0.13,0.10
106.62,0.045,-0.092,9.796,0.03,-0.05,-0.02
106.64,0.062,-0.028,9.812,-0.15,0.10,0.23
106.66,0.017,0.035,9.848,0.08,-0.02,-0.04
106.68,0.118,-0.035,9.789,-0.09,-0.07,0.01
106.70,0.015,-0.038,9.856,0.11,-0.06,0.06
106.72,0.060,-0.005,9.833,-0.11,0.08,-0.08
106.74,-0.048,0.040,9.797,-0.02,0.01,0.08
106.76,0.033,-0.065,9.838,-0.07,-0.00,0.10
106.78,0.006,-0.025,9.693,0.08,0.12,0.12
106.80,-0.005,-0.054,9.834,0.14,-0.07,-0.30
106.82,0.042,0.013,9.816,-0.06,-0.17,0.00
106.84,0.038,-0.035,9.693,-0.05,-0.21,-0.01
106.86,-0.061,0.022,9.827,0.03,-0.01,-0.11
106.88,0.013,0.001,9.805,-0.07,-0.08,0.12
106.90,0.072,-0.057,9.792,-0.15,0.17,0.03
106.92,-0.012,-0.015,9.835,0.01,0.07,0.04
106.94,-0.055,0.026,9.870,-0.14,0.06,0.21
106.96,-0.051,0.078,9.761,0.10,-0.07,0.14
106.98,-0.008,0.028,9.729,-0.02,-0.18,-0.03
107.00,-0.064,-0.016,9.801,0.14,-0.17,0.01
107.02,-0.053,0.007,9.740,-0.07,0.05,-0.10
107.04,-0.005,-0.049,9.861,-0.11,-0.08,0.00
107.06,0.033,0.039,9.868,-0.13,0.11,0.00
107.08,0.001,0.037,9.826,-0.12,-0.04,0.15
107.10,-0.010,-0.032,9.737,-0.08,0.27,-0.27
107.12,-0.037,-0.019,9.870,0.01,0.12,-0.06
107.14,0.027,-0.063,9.803,-0.16,0.22,0.14
107.16,0.045,0.065,9.811,-0.06,-0.04,0.05
107.18,-0.007,-0.021,9.681,-0.16,0.02,-0.09
107.20,-0.011,0.010,9.820,0.04,0.09,0.13
107.22,0.015,0.077,9.793,-0.01,0.17,-0.24
107.24,0.000,0.094,9.792,-0.13,0.11,-0.12
107.26,0.012,-0.066,9.810,-0.05,0.06,-0.23
107.28,0.005,0.032,9.820,0.04,0.06,-0.11
107.30,-0.033,0.048,9.740,0.13,0.11,0.01
107.32,0.046,0.056,9.803,-0.07,0.15,-0.03
107.34,-0.009,-0.048,9.916,0.10,0.08,0.07
107.36,0.020,-0.075,9.761,0.11,-0.12,0.00
107.38,-0.069,-0.016,9.757,-0.07,-0.14,-0.07
107.40,0.023,0.147,9.923,0.11,0.14,0.06
107.42,0.045,0.035,9.878,-0.05,0.01,0.07
107.44,-0.034,-0.009,9.812,-0.03,0.02,-0.00
107.46,-0.053,0.053,9.884,-0.07,-0.06,0.13
107.48,-0.001,0.039,9.787,-0.04,-0.28,-0.19
107.50,0.048,-0.123,9.890,-0.16,0.20,-0.09
107.52,0.070,0.054,9.901,-0.12,0.09,-0.11
107.54,0.047,0.090,9.836,0.09,0.02,0.06
107.56,-0.089,0.114,9.839,0.04,0.00,0.10
107.58,0.014,0.005,9.761,-0.03,0.07,0.02
107.60,0.016,-0.014,9.838,-0.08,-0.05,-0.12
107.62,0.065,0.004,9.787,0.06,-0.17,0.03
107.64,-0.011,0.011,9.759,0.07,0.09,-0.02
107.66,0.074,0.058,9.785,0.03,0.19,-0.12
107.68,-0.009,-0.006,9.851,0.01,0.09,0.10
107.70,0.081,0.023,9.808,0.10,-0.10,0.02
107.72,-0.064,0.036,9.892,0.04,0.07,0.00
107.74,-0.039,0.050,9.852,0.02,-0.02,-0.08
107.76,-0.026,0.122,9.884,0.00,-0.04,-0.15
107.78,-0.113,-0.015,9.725,-0.09,0.04,-0.02
107.80,0.009,-0.053,9.789,0.04,-0.06,0.14
107.82,0.029,-0.121,9.841,0.11,-0.19,-0.22
107.84,0.056,-0.058,9.788,-0.09,0.10,-0.03
107.86,-0.025,-0.072,9.717,0.02,0.15,-0.03
107.88,0.042,0.026,9.842,0.09,0.19,-0.13
107.90,-0.038,0.038,9.801,-0.14,-0.10,-0.09
107.92,0.053,0.047,9.780,0.24,-0.12,-0.11
107.94,0.009,0.002,9.822,0.11,0.14,-0.03
107.96,0.124,-0.078,9.770,-0.05,0.13,-0.04
107.98,0.038,-0.011,9.725,0.08,0.17,0.05
108.00,-0.001,0.044,9.851,0.08,-0.01,0.06
108.02,0.016,-0.023,9.821,-0.14,-0.10,-0.06
108.04,-0.025,-0.088,9.885,0.21,0.10,-0.09
108.06,-0.024,-0.043,9.773,0.08,-0.03,-0.19
108.08,0.035,0.067,9.787,0.12,0.12,0.09
108.10,0.136,0.051,9.801,0.01,0.02,0.05
108.12,0.028,-0.044,9.773,0.21,0.17,0.05
108.14,-0.047,-0.083,9.782,-0.07,0.12,0.05
108.16,-0.077,0.011,9.860,0.12,-0.01,0.00
108.18,-0.024,-0.045,9.713,-0.00,0.11,-0.12
108.20,-0.108,0.120,9.809,-0.03,0.12,-0.12
108.22,0.022,-0.024,9.724,0.01,0.15,0.01
108.24,0.051,-0.014,9.807,0.05,-0.10,0.06
108.26,-0.037,0.041,9.846,-0.17,0.04,0.06
108.28,-0.082,0.071,9.870,-0.08,-0.06,-0.18
108.30,-0.024,-0.066,9.727,0.09,0.09,0.03
108.32,0.021,-0.053,9.803,0.12,-0.04,0.24
108.34,0.014,0.057,9.812,-0.09,-0.02,-0.13
108.36,-0.048,0.019,9.779,0.23,-0.04,0.04
108.38,-0.033,0.029,9.791,0.03,0.13,-0.14
108.40,0.051,-0.017,9.721,-0.07,-0.02,-0.08
108.42,-0.065,0.025,9.804,-0.13,-0.10,-0.09
108.44,0.077,-0.027,9.875,-0.26,-0.01,0.02
108.46,0.015,-0.038,9.744,-0.11,-0.04,-0.23
108.48,-0.015,-0.058,9.838,-0.10,-0.05,0.03
108.50,-0.041,0.033,9.696,0.03,-0.11,-0.15
108.52,0.069,-0.003,9.835,-0.03,-0.04,-0.11
108.54,0.003,-0.087,9.787,0.03,0.06,-0.01
108.56,-0.062,-0.046,9.768,-0.06,0.15,0.04
108.58,0.095,-0.060,9.736,-0.19,-0.00,-0.11
108.60,0.058,-0.083,9.769,-0.11,0.13,0.05
108.62,-0.034,-0.039,9.838,-0.11,-0.00,0.01
108.64,0.062,-0.075,9.880,-0.13,-0.03,-0.01
108.66,0.003,-0.088,9.843,-0.04,-0.16,0.10
108.68,-0.041,-0.013,9.785,-0.03,0.01,0.11
108.70,0.050,-0.040,9.746,0.12,-0.09,0.05
108.72,-0.087,-0.017,9.900,-0.09,-0.00,-0.14
108.74,0.051,0.035,9.793,-0.05,0.07,-0.07
108.76,-0.017,-0.041,9.900,0.07,0.03,0.01
108.78,0.085,-0.031,9.855,-0.02,0.01,-0.11
108.80,0.087,0.085,9.790,0.09,0.03,0.09
108.82,-0.021,-0.014,9.848,0.10,0.03,0.12
108.84,0.094,-0.015,9.765,0.02,0.03,-0.16
108.86,-0.083,0.019,9.812,-0.15,-0.07,0.01
108.88,0.018,0.033,9.811,0.17,0.04,-0.03
108.90,0.018,-0.050,9.782,-0.11,0.05,-0.03
108.92,0.023,-0.108,9.740,-0.08,-0.07,-0.06
108.94,-0.031,-0.106,9.775,0.01,-0.14,-0.05
108.96,-0.032,-0.013,9.768,0.11,0.06,0.06
108.98,0.004,0.026,9.718,0.01,-0.04,-0.07
109.00,-0.012,0.027,9.809,0.20,-0.04,0.02
109.02,-0.030,0.033,9.727,-0.05,-0.16,0.08
109.04,0.021,-0.063,9.852,-0.12,-0.08,0.05
109.06,-0.030,-0.043,9.824,0.10,0.04,0.12
109.08,0.024,-0.028,9.863,0.08,0.07,0.03
109.10,0.017,0.041,9.863,-0.01,-0.02,0.05
109.12,-0.036,0.068,9.888,-0.04,0.11,0.11
109.14,-0.001,0.028,9.847,0.04,-0.02,0.08
109.16,0.028,0.025,9.837,-0.04,-0.06,-0.00
109.18,-0.084,0.001,9.817,0.02,-0.00,0.06
109.20,0.028,0.001,9.903,0.05,0.01,-0.05
109.22,0.026,0.024,9.926,0.05,-0.16,-0.13
109.24,0.013,0.009,9.731,0.03,0.01,-0.04
109.26,0.097,0.062,9.761,0.13,-0.04,0.08
109.28,-0.032,0.092,9.769,-0.00,0.08,0.01
109.30,0.070,-0.045,9.780,-0.05,0.13,0.19
109.32,-0.017,-0.009,9.812,-0.04,-0.11,0.01
109.34,0.093,0.015,9.733,0.14,0.03,0.12
109.36,0.019,0.044,9.834,-0.03,-0.11,-0.05
109.38,-0.010,-0.013,9.769,-0.04,-0.01,-0.04
109.40,-0.030,0.044,9.834,-0.06,0.06,-0.04
109.42,-0.092,0.019,9.855,0.12,-0.07,0.02
109.44,-0.033,-0.052,9.747,0.10,0.05,-0.01
109.46,0.067,0.031,9.823,0.02,-0.21,-0.14
109.48,0.042,-0.022,9.753,0.14,-0.25,-0.15
109.50,0.090,-0.056,9.872,-0.09,-0.18,-0.01
109.52,0.068,0.045,9.812,0.09,0.09,0.13
109.54,0.050,-0.047,9.811,0.04,0.01,-0.06
109.56,0.010,0.042,9.875,-0.02,-0.04,-0.09
109.58,-0.077,-0.077,9.788,-0.04,-0.00,0.21
109.60,-0.041,0.113,9.859,0.02,-0.07,0.48
109.62,-0.062,-0.099,9.743,0.13,-0.07,-0.07
109.64,0.026,-0.004,9.807,0.03,0.04,0.01
109.66,0.025,-0.002,9.879,-0.05,0.08,-0.07
109.68,0.044,0.062,9.823,0.17,0.07,-0.03
109.70,-0.020,-0.019,9.781,-0.02,0.11,0.07
109.72,0.030,-0.005,9.812,-0.01,0.11,-0.03
109.74,-0.015,-0.001,9.843,-0.11,-0.21,-0.26
109.76,-0.063,0.059,9.939,0.08,-0.01,-0.07
109.78,-0.027,-0.065,9.873,-0.07,0.14,-0.01
109.80,0.013,-0.039,9.768,-0.02,0.07,0.11
109.82,-0.062,0.031,9.692,0.16,0.07,-0.06
109.84,-0.041,0.004,9.764,0.05,-0.00,0.12
109.86,-0.032,0.011,9.854,-0.03,0.06,-0.01
109.88,-0.075,-0.013,9.830,-0.17,-0.05,0.01
109.90,0.005,-0.012,9.882,0.01,-0.01,-0.08
109.92,0.006,0.015,9.834,-0.11,-0.08,0.02
109.94,0.013,0.075,9.801,0.08,0.10,0.11
109.96,0.041,0.022,9.769,-0.06,-0.06,-0.08
109.98,0.003,-0.037,9.891,0.13,0.10,0.01
110.00,0.046,0.010,9.827,0.04,-0.11,0.09
110.02,0.025,-0.018,9.801,-0.06,0.02,-0.14
110.04,0.043,0.058,9.745,-0.05,-0.01,-0.08
110.06,-0.007,-0.096,9.839,-0.15,-0.04,0.13
110.08,0.006,-0.045,9.768,-0.09,-0.03,-0.12
110.10,-0.068,0.019,9.807,-0.09,-0.06,-0.20
110.12,0.033,0.026,9.795,0.19,-0.01,0.02
110.14,-0.069,0.009,9.831,-0.01,-0.06,-0.10
110.16,0.013,-0.018,9.941,-0.09,0.09,-0.07
110.18,-0.018,0.068,9.828,-0.13,0.00,-0.07
110.20,0.183,0.015,9.771,0.04,0.21,-0.17
110.22,0.041,0.005,9.789,0.09,0.02,-0.07
110.24,0.042,-0.016,9.922,-0.16,0.01,-0.04
110.26,0.034,0.043,9.764,0.05,-0.07,-0.00
110.28,0.020,0.011,9.790,-0.07,-0.12,-0.02
110.30,-0.061,-0.075,9.780,0.09,0.04,0.03
110.32,0.004,0.070,9.816,-0.04,-0.15,-0.08
110.34,0.055,-0.045,9.854,-0.05,0.01,0.11
110.36,-0.018,-0.057,9.894,-0.08,-0.18,-0.02
110.38,0.029,-0.058,9.839,-0.09,-0.15,-0.19
110.40,0.021,0.064,9.884,-0.04,0.04,-0.09
110.42,0.054,0.048,9.749,-0.10,-0.24,-0.05
110.44,0.052,0.024,9.793,0.02,-0.08,0.19
110.46,-0.085,0.110,9.906,-0.10,-0.12,-0.06
110.48,-0.089,0.074,9.811,0.02,0.09,-0.07
110.50,-0.033,0.012,9.777,0.10,0.07,0.16
110.52,0.068,0.028,9.818,0.15,0.13,0.04
110.54,-0.009,-0.041,9.910,0.01,-0.08,0.15
110.56,-0.037,0.091,9.838,0.07,-0.04,-0.19
110.58,0.002,0.008,9.843,0.10,0.06,-0.01
110.60,0.083,0.070,9.788,0.07,-0.04,-0.08
110.62,0.033,-0.028,9.852,-0.17,0.09,0.13
110.64,-0.010,0.057,9.815,-0.05,0.18,0.04
110.66,0.028,-0.066,9.754,0.11,-0.12,0.05
110.68,0.018,0.028,9.892,-0.07,-0.09,0.08
110.70,-0.070,0.046,9.784,-0.10,-0.03,0.14
110.72,-0.008,-0.050,9.825,-0.11,0.05,-0.04
110.74,-0.006,-0.070,9.799,-0.10,0.11,0.04
110.76,-0.049,-0.057,9.837,0.11,0.04,0.10
110.78,-0.043,-0.006,9.886,0.05,0.01,-0.16
110.80,0.006,0.028,9.803,0.20,-0.17,-0.04
110.82,-0.050,0.099,9.779,-0.06,-0.09,0.18
110.84,0.023,-0.038,9.738,0.08,-0.13,0.01
110.86,0.003,0.010,9.709,-0.13,-0.00,-0.11
110.88,-0.057,0.012,9.717,-0.07,0.15,0.18
110.90,-0.030,-0.043,9.853,0.08,-0.06,0.08
110.92,0.018,-0.050,9.756,-0.06,0.02,0.19
110.94,-0.028,0.017,9.852,0.02,0.08,0.03
110.96,-0.027,0.019,9.882,-0.11,0.10,-0.04
110.98,-0.004,-0.033,9.774,0.06,-0.02,0.16
111.00,-0.042,-0.055,9.815,0.06,0.12,0.09
111.02,-0.024,-0.120,9.788,0.04,0.01,-0.01
111.04,0.058,0.068,9.814,-0.13,-0.05,-0.07
111.06,-0.088,0.007,9.872,-0.01,0.08,-0.14
111.08,-0.018,0.096,9.831,0.14,-0.11,-0.03
111.10,-0.049,0.016,9.815,0.12,-0.13,0.10
111.12,0.084,-0.097,9.833,0.11,-0.04,0.11
111.14,-0.013,0.006,9.841,0.04,0.29,-0.01
111.16,0.105,-0.033,9.947,0.15,0.15,0.14
111.18,-0.053,-0.036,9.795,-0.07,-0.01,0.02
111.20,-0.033,0.001,9.760,-0.15,-0.03,0.30
111.22,0.044,-0.070,9.904,0.03,0.02,0.01
111.24,0.002,0.012,9.806,-0.10,0.13,-0.05
111.26,-0.018,0.019,9.815,-0.07,0.04,0.03
111.28,0.010,0.020,9.835,0.20,-0.06,0.06
111.30,-0.025,-0.044,9.745,0.05,-0.14,0.08
111.32,-0.010,-0.037,9.780,0.02,0.12,-0.22
111.34,-0.061,-0.115,9.782,-0.14,-0.06,-0.09
111.36,0.018,-0.128,9.737,0.14,-0.23,0.21
111.38,0.009,-0.066,9.869,-0.06,-0.09,0.07
111.40,-0.015,-0.043,9.759,0.01,-0.06,-0.05
111.42,0.054,-0.023,9.691,0.13,0.04,0.08
111.44,0.053,-0.076,9.872,0.12,-0.03,0.06
111.46,0.128,0.029,9.869,0.04,-0.03,-0.29
111.48,-0.051,0.066,9.855,-0.22,0.08,0.01
111.50,-0.085,0.064,9.737,0.09,-0.03,0.13
111.52,-0.088,0.086,9.789,-0.11,0.05,0.01
111.54,-0.022,-0.017,9.857,-0.00,-0.12,0.21
111.56,-0.076,0.123,9.838,-0.12,-0.14,-0.16
111.58,-0.022,-0.042,9.898,0.19,0.06,0.04
111.60,-0.042,0.017,9.847,0.10,-0.02,0.17
111.62,0.009,-0.083,9.779,0.10,0.02,0.12
111.64,-0.033,-0.066,9.839,0.12,0.01,-0.06
111.66,-0.030,0.080,9.846,0.07,-0.03,0.03
111.68,-0.030,-0.025,9.801,-0.09,-0.15,-0.12
111.70,-0.038,-0.004,9.790,-0.10,0.09,0.18
111.72,0.037,0.023,9.837,0.09,-0.08,-0.04
111.74,-0.104,-0.020,9.786,-0.03,0.00,-0.10
111.76,-0.108,0.060,9.888,0.17,0.01,-0.00
111.78,-0.022,-0.042,9.769,0.12,0.06,0.13
111.80,-0.009,0.092,9.879,0.05,-0.09,0.12
111.82,-0.043,0.000,9.811,0.02,0.20,0.08
111.84,0.015,-0.084,9.733,0.03,0.07,0.07
111.86,-0.016,-0.005,9.833,0.16,0.00,-0.04
111.88,-0.003,0.023,9.832,0.11,0.01,-0.06
111.90,0.044,0.023,9.814,-0.00,-0.08,-0.16
111.92,-0.013,0.026,9.817,0.05,0.11,0.02
111.94,-0.086,0.065,9.778,-0.09,-0.13,-0.10
111.96,-0.026,0.013,9.805,0.01,-0.13,0.15
111.98,-0.080,0.036,9.769,0.06,-0.06,-0.06
112.00,0.114,-0.040,9.784,0.16,0.04,0.05
112.02,-0.083,-0.040,9.731,-0.01,-0.06,0.02
112.04,0.015,-0.044,9.766,-0.02,0.13,0.12
112.06,0.007,-0.031,9.820,0.08,-0.08,-0.14
112.08,0.008,0.040,9.841,-0.04,0.03,0.13
112.10,-0.002,0.088,9.800,0.00,0.11,0.16
112.12,0.056,0.116,9.839,-0.22,0.11,0.16
112.14,0.117,-0.076,9.786,0.01,-0.01,-0.10
112.16,-0.046,0.074,9.770,0.14,0.01,-0.03
112.18,0.038,-0.049,9.777,0.06,0.10,0.06
112.20,0.037,-0.093,9.787,-0.06,-0.10,-0.25
112.22,0.088,-0.068,9.825,-0.08,0.15,-0.15
112.24,-0.034,-0.175,9.804,0.00,0.09,-0.24
112.26,0.084,-0.045,9.820,0.19,-0.04,-0.03
112.28,0.086,0.016,9.765,0.00,0.04,-0.12
112.30,0.072,0.037,9.800,0.00,-0.03,-0.11
112.32,0.008,0.044,9.754,-0.04,0.05,0.16
112.34,-0.030,0.001,9.785,-0.09,-0.05,0.05
112.36,0.056,-0.107,9.818,-0.07,-0.20,0.10
112.38,-0.065,-0.043,9.735,-0.05,0.09,-0.09
112.40,0.136,0.117,9.800,0.14,-0.06,0.11
112.42,0.048,0.020,9.894,0.16,0.04,-0.07
112.44,-0.119,-0.022,9.754,-0.05,-0.06,-0.15
112.46,-0.096,0.019,9.773,0.15,0.10,-0.15
112.48,0.031,0.045,9.766,0.02,-0.08,-0.10
112.50,-0.087,0.010,9.774,0.01,0.08,-0.02
112.52,0.033,0.035,9.890,0.03,-0.08,-0.01
112.54,0.026,0.040,9.866,0.10,-0.17,0.17
112.56,-0.016,-0.045,9.774,0.02,-0.18,-0.03
112.58,0.067,-0.067,9.756,-0.08,-0.05,-0.04
112.60,0.011,-0.001,9.765,0.09,0.04,0.08
112.62,-0.028,0.010,9.808,0.03,0.13,-0.10
112.64,0.030,-0.005,9.806,0.06,0.06,-0.09
112.66,-0.035,-0.082,9.810,-0.12,0.15,0.06
112.68,-0.011,-0.043,9.917,0.08,0.02,0.00
112.70,0.020,-0.033,9.746,-0.19,0.13,-0.03
112.72,0.010,0.093,9.801,-0.11,-0.01,0.11
112.74,0.089,-0.010,9.861,-0.02,0.02,-0.07
112.76,-0.024,0.032,9.775,-0.01,0.36,-0.13
112.78,0.048,0.017,9.772,0.00,-0.00,0.08
112.80,-0.070,0.014,9.801,-0.17,-0.19,0.04
112.82,0.005,-0.020,9.812,-0.15,0.08,0.04
112.84,0.088,-0.048,9.878,-0.04,-0.04,0.05
112.86,-0.190,0.016,9.768,0.06,-0.02,-0.16
112.88,-0.381,0.026,9.745,0.10,0.01,-0.02
112.90,-0.617,0.033,9.763,0.02,0.02,0.03
112.92,-0.971,-0.004,9.752,0.02,-0.10,-0.17
112.94,-1.154,-0.015,9.843,-0.13,0.03,-0.02
112.96,-1.524,-0.106,9.800,-0.08,-0.14,-0.03
112.98,-1.826,-0.018,9.798,-0.20,0.07,-0.04
113.00,-2.136,-0.036,9.712,0.08,-0.03,0.02
113.02,-2.401,-0.014,9.840,0.02,-0.02,-0.03
113.04,-2.699,-0.055,9.808,0.03,-0.19,-0.01
113.06,-2.898,-0.014,9.786,0.08,0.17,-0.12
113.08,-3.192,-0.032,9.805,-0.09,-0.22,0.09
113.10,-3.490,0.014,9.720,0.07,0.00,-0.03
113.12,-3.724,-0.040,9.806,0.00,-0.02,-0.07
113.14,-3.944,-0.033,9.841,-0.20,0.07,0.06
113.16,-4.306,-0.102,9.793,0.01,-0.10,-0.00
113.18,-4.654,-0.026,9.749,-0.04,-0.18,0.06
113.20,-4.842,0.008,9.773,0.07,0.11,-0.11
113.22,-5.111,-0.013,9.812,-0.04,0.21,0.13
113.24,-5.380,0.022,9.790,0.12,0.12,0.04
113.26,-5.660,0.037,9.753,0.12,-0.06,-0.09
113.28,-6.007,-0.110,9.850,-0.18,0.02,-0.15
113.30,-6.276,0.050,9.776,-0.10,-0.07,-0.04
113.32,-6.564,-0.047,9.783,-0.14,-0.08,-0.01
113.34,-6.812,0.008,9.780,0.20,-0.10,0.10
113.36,-7.048,0.048,9.830,0.01,0.06,0.02
113.38,-7.037,0.034,9.848,0.16,-0.06,-0.19
113.40,-7.012,-0.072,9.777,0.05,-0.03,0.13
113.42,-7.046,0.098,9.821,0.11,0.15,-0.08
113.44,-7.005,0.080,9.853,0.01,0.01,-0.05
113.46,-7.004,0.044,9.826,0.23,0.00,-0.08
113.48,-7.031,-0.083,9.820,-0.18,-0.01,0.05
113.50,-6.955,-0.098,9.841,0.06,0.08,0.10
113.52,-6.965,-0.042,9.875,-0.09,-0.09,-0.06
113.54,-7.068,0.004,9.823,0.03,-0.07,0.19
113.56,-6.964,0.005,9.868,-0.08,0.12,-0.12
113.58,-7.025,0.046,9.741,-0.03,-0.09,-0.02
113.60,-6.929,-0.042,9.797,0.04,0.19,0.10
113.62,-6.991,-0.015,9.789,0.00,-0.10,0.10
113.64,-7.017,-0.015,9.839,-0.00,0.05,-0.04
113.66,-6.992,0.071,9.855,-0.08,-0.03,0.02
113.68,-6.922,0.017,9.827,-0.04,0.16,0.18
113.70,-7.024,-0.034,9.808,-0.09,-0.03,-0.06
113.72,-6.988,-0.074,9.801,0.09,0.04,0.08
113.74,-6.982,-0.067,9.797,0.01,0.14,0.02
113.76,-7.023,0.026,9.696,0.22,-0.11,0.07
113.78,-6.921,-0.050,9.768,-0.16,-0.12,0.05
113.80,-6.961,-0.010,9.772,-0.11,-0.13,-0.08
113.82,-6.951,-0.040,9.876,-0.17,-0.10,-0.05
113.84,-6.994,0.093,9.714,0.05,0.04,-0.04
113.86,-7.064,0.011,9.816,0.09,0.03,0.16
113.88,-6.913,0.082,9.841,-0.13,-0.01,0.06
113.90,-7.010,-0.030,9.831,0.25,-0.04,-0.13
113.92,-7.059,0.062,9.839,-0.11,0.04,0.11
113.94,-6.891,0.022,9.799,0.04,-0.07,-0.05
113.96,-7.012,0.052,9.800,-0.07,-0.15,-0.02
113.98,-7.075,-0.057,9.851,0.02,-0.20,-0.09
114.00,-7.079,0.001,9.778,-0.02,0.11,0.02
114.02,-6.990,0.047,9.782,-0.06,-0.05,0.11
114.04,-6.918,0.005,9.737,-0.10,-0.07,0.11
114.06,-6.789,0.009,9.819,-0.10,0.11,-0.10
114.08,-6.442,-0.011,9.813,-0.03,0.13,-0.13
114.10,-6.211,-0.016,9.877,0.08,0.18,0.15
114.12,-5.879,-0.026,9.815,0.15,-0.01,0.10
114.14,-5.628,-0.010,9.836,0.08,-0.15,0.08
114.16,-5.376,0.004,9.830,-0.13,-0.07,-0.02
114.18,-5.118,-0.035,9.841,-0.02,-0.01,0.02
114.20,-4.916,-0.015,9.824,0.05,0.21,-0.20
114.22,-4.481,0.056,9.803,0.00,0.02,0.08
114.24,-4.128,0.044,9.814,0.07,-0.01,0.09
114.26,-3.937,-0.045,9.821,0.07,0.19,-0.05
114.28,-3.632,-0.055,9.844,0.18,-0.11,0.02
114.30,-3.437,-0.075,9.805,0.07,-0.06,-0.07
114.32,-3.153,-0.057,9.811,0.12,0.06,0.18
114.34,-2.855,-0.095,9.839,-0.16,-0.03,0.15
114.36,-2.528,0.031,9.788,0.09,-0.01,0.09
114.38,-2.331,-0.009,9.851,0.06,-0.01,0.01
114.40,-1.998,0.028,9.785,0.25,0.03,-0.02
114.42,-1.712,0.043,9.809,-0.14,-0.06,0.03
114.44,-1.436,-0.023,9.827,0.09,-0.01,-0.07
114.46,-1.155,0.013,9.776,-0.07,0.15,-0.06
114.48,-0.823,0.061,9.817,0.10,-0.05,-0.16
114.50,-0.520,-0.059,9.767,-0.15,0.03,-0.12
114.52,-0.245,-0.044,9.829,-0.26,-0.01,-0.01
114.54,-0.038,0.038,9.830,0.04,-0.08,-0.04
114.56,-0.103,-0.056,9.845,0.13,-0.12,-0.11
114.58,0.051,-0.095,9.814,0.01,-0.01,-0.00
114.60,0.025,-0.108,9.822,-0.16,-0.03,0.05
114.62,0.059,0.066,9.875,-0.05,-0.01,0.00
114.64,-0.104,-0.047,9.858,0.24,0.00,-0.08
114.66,-0.083,0.092,9.831,0.06,0.01,-0.09
114.68,0.036,0.043,9.828,-0.00,-0.24,0.08
114.70,-0.002,-0.016,9.854,0.15,-0.06,0.11
114.72,-0.040,-0.019,9.704,0.23,-0.08,-0.02
114.74,-0.023,0.011,9.758,-0.10,-0.11,0.03
114.76,-0.114,-0.040,9.749,0.06,0.18,0.18
114.78,0.019,-0.042,9.743,0.07,-0.16,-0.20
114.80,0.074,-0.014,9.878,0.11,-0.16,0.05
114.82,0.033,-0.043,9.875,0.04,0.01,0.03
114.84,0.027,-0.033,9.763,-0.02,-0.03,-0.05
114.86,0.030,-0.067,9.844,0.01,-0.01,0.03
114.88,-0.004,-0.109,9.828,-0.08,-0.04,-0.19
114.90,-0.042,0.014,9.791,-0.12,0.15,-0.14
114.92,-0.038,-0.036,9.774,-0.03,0.11,-0.10
114.94,-0.041,-0.001,9.833,0.36,0.06,0.08
114.96,-0.016,0.009,9.775,-0.04,0.17,0.07
114.98,-0.072,0.014,9.806,0.21,0.05,0.10
115.00,0.021,-0.047,9.772,0.15,0.05,-0.21
115.02,-0.010,-0.029,9.726,-0.06,0.06,0.11
115.04,-0.028,-0.040,9.773,-0.01,-0.24,0.05
115.06,0.018,0.010,9.784,0.10,-0.16,-0.16
115.08,0.054,0.039,9.825,-0.08,0.08,0.05
115.10,0.022,0.016,9.803,0.18,-0.11,0.05
115.12,-0.022,0.043,9.820,-0.00,0.11,-0.01
115.14,-0.004,0.045,9.842,-0.06,-0.18,-0.17
115.16,0.046,-0.046,9.800,-0.21,0.22,-0.12
115.18,0.077,0.023,9.743,0.07,0.12,0.08
115.20,0.120,0.056,9.730,0.03,0.12,-0.03
115.22,0.070,-0.025,9.813,-0.08,0.08,0.11
115.24,-0.048,0.012,9.811,0.08,0.04,-0.09
115.26,0.110,-0.006,9.813,-0.03,0.00,0.15
115.28,-0.031,0.011,9.772,0.02,-0.15,0.14
115.30,-0.060,-0.051,9.720,0.02,0.07,-0.06
115.32,0.055,-0.008,9.811,0.01,-0.07,0.07
115.34,0.051,-0.018,9.731,0.00,-0.05,0.01
115.36,0.010,-0.003,9.850,-0.02,-0.04,0.02
115.38,0.080,-0.050,9.803,-0.15,-0.07,0.07
115.40,-0.031,0.049,9.751,-0.04,0.10,-0.01
115.42,-0.049,-0.076,9.783,0.10,-0.13,0.17
115.44,0.074,-0.010,9.759,-0.06,0.06,0.03
115.46,-0.032,0.022,9.789,-0.02,-0.19,0.05
115.48,-0.019,-0.110,9.853,0.25,0.11,0.05
115.50,0.108,0.088,9.775,0.01,-0.05,-0.12
115.52,-0.044,-0.053,9.813,-0.01,0.13,0.04
115.54,-0.010,-0.024,9.875,-0.12,0.01,-0.01
115.56,0.051,0.014,9.816,0.15,0.08,0.14
115.58,-0.041,-0.084,9.882,0.26,0.02,0.10
115.60,-0.003,0.047,9.805,-0.10,-0.05,0.01
115.62,-0.063,-0.082,9.803,-0.18,-0.09,-0.13
115.64,-0.019,0.019,9.765,0.12,-0.18,-0.05
115.66,0.032,0.036,9.810,-0.03,-0.08,-0.07
115.68,-0.076,0.019,9.815,-0.09,0.17,-0.21
115.70,-0.015,-0.007,9.826,-0.08,0.01,0.01
115.72,0.013,-0.037,9.711,0.10,-0.03,-0.11
115.74,0.024,-0.025,9.778,-0.01,-0.05,-0.15
115.76,0.048,0.007,9.784,-0.18,-0.19,0.17
115.78,0.054,-0.008,9.884,-0.12,0.10,-0.09
115.80,0.109,-0.058,9.736,-0.03,-0.11,-0.17
115.82,0.006,-0.047,9.813,-0.13,0.11,-0.02
115.84,0.055,0.040,9.882,-0.14,-0.05,-0.07
115.86,0.029,-0.043,9.788,0.04,0.01,-0.09
115.88,0.012,-0.023,9.761,0.04,-0.17,0.06
115.90,-0.040,-0.006,9.814,0.25,0.03,-0.05
115.92,-0.026,0.066,9.812,0.15,-0.10,0.00
115.94,-0.041,0.038,9.790,-0.04,0.02,0.03
115.96,0.008,0.028,9.757,0.02,0.19,-0.02
115.98,-0.078,-0.044,9.820,0.09,-0.11,0.06
116.00,-0.006,0.000,9.832,-0.24,0.03,0.07
116.02,-0.008,-0.041,9.775,0.04,-0.01,0.09
116.04,-0.036,0.018,9.827,-0.14,0.07,0.11
116.06,-0.053,-0.043,9.812,0.00,-0.02,-0.07
116.08,-0.012,-0.087,9.749,0.14,0.04,-0.08
116.10,-0.028,0.036,9.847,-0.23,0.06,0.07
116.12,-0.013,-0.013,9.829,-0.04,-0.02,-0.12
116.14,0.041,0.006,9.846,0.06,-0.23,0.02
116.16,0.067,0.029,9.885,-0.07,-0.05,-0.00
116.18,-0.012,0.024,9.755,-0.00,0.06,0.16
116.20,0.059,0.053,9.798,-0.02,0.16,0.08
116.22,-0.077,-0.012,9.783,0.04,0.08,-0.07
116.24,-0.059,-0.062,9.848,-0.08,0.03,-0.07
116.26,0.032,-0.005,9.801,0.01,0.02,-0.18
116.28,-0.043,0.060,9.828,-0.00,-0.10,0.15
116.30,0.058,0.023,9.750,0.08,0.07,-0.08
116.32,0.035,-0.042,9.686,-0.05,0.00,-0.04
116.34,-0.074,0.041,9.808,0.06,0.04,0.06
116.36,0.072,-0.016,9.837,0.12,0.10,-0.04
116.38,0.053,-0.037,9.781,-0.03,-0.15,-0.10
116.40,0.020,0.032,9.748,-0.06,-0.12,0.11
116.42,-0.026,-0.027,9.727,0.03,-0.00,-0.08
116.44,-0.060,-0.057,9.784,0.06,-0.09,-0.11
116.46,0.045,-0.011,9.830,-0.18,-0.02,-0.16
116.48,-0.013,-0.063,9.838,0.07,-0.05,-0.09
116.50,-0.015,0.075,9.769,-0.02,-0.08,0.04
116.52,-0.026,0.024,9.757,0.10,-0.04,-0.05
116.54,-0.065,-0.060,9.773,0.13,0.08,0.03
116.56,-0.013,0.022,9.921,0.23,-0.31,0.06
116.58,-0.028,0.008,9.744,-0.14,0.08,0.07
116.60,-0.014,-0.000,9.862,0.10,0.11,0.11
116.62,-0.026,0.051,9.849,-0.02,0.10,-0.08
116.64,-0.014,0.044,9.825,0.13,-0.06,0.04
116.66,-0.047,-0.141,9.852,-0.07,-0.14,0.04
116.68,-0.060,-0.050,9.769,-0.08,-0.07,-0.01
116.70,0.083,-0.055,9.895,0.05,-0.22,0.10
116.72,0.039,-0.035,9.856,-0.24,0.04,-0.03
116.74,0.015,0.005,9.699,-0.07,-0.03,0.04
116.76,-0.006,-0.078,9.829,0.04,-0.05,0.15
116.78,0.030,-0.015,9.761,-0.11,0.10,-0.02
116.80,-0.042,-0.020,9.750,-0.07,-0.01,0.02
116.82,-0.079,-0.018,9.705,0.06,0.00,0.01
116.84,-0.032,0.032,9.866,-0.02,-0.00,-0.12
116.86,-0.034,0.045,9.793,-0.15,-0.16,-0.01
116.88,0.017,0.066,9.846,-0.04,0.09,-0.06
116.90,-0.024,-0.064,9.885,-0.06,-0.03,0.00
116.92,-0.066,0.048,9.796,-0.01,-0.10,0.01
116.94,0.036,0.073,9.803,0.02,0.10,0.13
116.96,-0.025,0.055,9.789,-0.07,-0.25,0.06
116.98,0.105,-0.034,9.819,0.16,0.10,-0.11
117.00,0.026,0.035,9.914,-0.11,-0.20,-0.02
117.02,-0.046,0.003,9.794,0.08,-0.09,0.07
117.04,0.075,0.015,9.773,0.08,-0.09,-0.05
117.06,-0.028,-0.015,9.798,-0.06,-0.10,-0.01
117.08,-0.060,0.046,9.730,-0.08,0.02,-0.07
117.10,0.034,0.029,9.840,0.03,0.04,-0.03
117.12,0.044,0.017,9.905,-0.25,-0.17,0.05
117.14,-0.125,0.024,9.791,0.01,-0.01,-0.12
117.16,0.027,0.030,9.853,-0.13,0.07,-0.08
117.18,0.006,-0.086,9.819,0.21,-0.12,0.04
117.20,-0.021,0.024,9.825,-0.06,0.11,-0.01
117.22,-0.036,-0.077,9.742,-0.11,0.06,-0.14
117.24,0.009,-0.049,9.818,-0.04,-0.01,-0.07
117.26,0.010,0.054,9.907,0.00,-0.10,0.02
117.28,0.027,-0.043,9.754,-0.08,0.05,-0.07
117.30,0.029,0.096,9.703,-0.05,0.07,0.09
117.32,-0.075,-0.001,9.813,-0.05,0.10,-0.04
117.34,0.086,0.026,9.768,0.29,-0.12,-0.03
117.36,-0.040,0.092,9.812,0.09,0.15,0.10
117.38,0.072,-0.007,9.904,-0.10,-0.10,-0.05
117.40,0.028,-0.061,9.845,0.00,0.15,-0.02
117.42,0.032,0.018,9.832,0.09,-0.04,0.16
117.44,0.034,0.028,9.810,0.07,-0.02,0.01
117.46,0.044,0.011,9.760,-0.03,0.11,0.07
117.48,0.018,0.007,9.831,-0.08,-0.16,0.09
117.50,0.007,0.032,9.898,0.01,0.21,-0.06
117.52,-0.026,-0.000,9.860,-0.05,0.11,-0.07
117.54,-0.044,0.002,9.803,-0.04,0.21,0.21
117.56,0.063,0.031,9.892,-0.09,0.10,0.03
117.58,-0.043,0.027,9.746,0.12,-0.06,-0.07
117.60,-0.057,-0.017,9.767,0.13,-0.03,0.27
117.62,0.003,-0.030,9.794,-0.09,0.04,0.18
117.64,-0.054,-0.000,9.813,0.02,-0.11,-0.13
117.66,-0.058,-0.066,9.776,0.04,0.03,-0.08
117.68,0.009,0.076,9.808,0.07,-0.22,0.06
117.70,0.044,0.056,9.842,-0.02,0.02,-0.09
117.72,0.013,0.065,9.885,0.02,0.05,-0.07
117.74,0.004,-0.097,9.780,-0.00,0.18,0.13
117.76,0.005,-0.006,9.794,-0.01,-0.05,0.16
117.78,0.080,0.016,9.854,-0.03,-0.13,0.05
117.80,0.042,0.018,9.849,-0.03,0.31,0.01
117.82,-0.075,-0.035,9.861,0.01,-0.05,0.00
117.84,-0.009,-0.025,9.768,0.05,0.02,0.13
117.86,-0.046,-0.101,9.755,-0.04,-0.01,0.21
117.88,0.016,-0.052,9.822,-0.05,0.07,0.12
117.90,0.002,0.025,9.772,0.10,0.09,-0.09
117.92,0.004,-0.038,9.805,0.10,-0.01,-0.11
117.94,0.001,-0.008,9.810,0.07,0.03,0.01
117.96,-0.037,-0.002,9.741,0.14,0.02,-0.03
117.98,-0.021,0.016,9.705,-0.15,0.15,0.04
118.00,-0.078,-0.087,9.779,-0.03,-0.07,-0.09
118.02,-0.096,0.065,9.873,-0.05,0.06,-0.02
118.04,-0.049,-0.053,9.863,-0.03,0.05,0.08
118.06,-0.025,-0.021,9.832,-0.22,-0.04,0.00
118.08,-0.075,-0.005,9.775,-0.14,-0.10,0.23
118.10,-0.041,-0.071,9.848,0.15,0.02,-0.05
118.12,0.002,0.018,9.785,-0.29,-0.12,0.08
118.14,-0.128,-0.039,9.821,-0.10,-0.06,0.01
118.16,0.057,-0.006,9.760,-0.10,-0.04,0.01
118.18,-0.024,-0.020,9.916,-0.05,0.05,0.07
118.20,0.005,0.083,9.724,-0.15,0.03,-0.06
118.22,-0.001,-0.008,9.818,-0.10,-0.02,0.00
118.24,0.025,0.085,9.747,0.06,0.01,0.12
118.26,0.020,-0.056,9.859,0.04,-0.01,0.15
118.28,-0.017,0.015,9.848,-0.11,0.20,0.08
118.30,-0.054,0.041,9.769,0.09,0.07,-0.13
118.32,-0.081,-0.047,9.885,0.04,-0.27,0.15
118.34,-0.094,-0.088,9.799,0.05,-0.24,0.06
118.36,-0.028,0.038,9.788,-0.25,0.01,-0.16
118.38,-0.098,-0.010,9.833,0.02,-0.05,0.01
118.40,0.125,0.068,9.820,-0.18,-0.07,0.01
118.42,-0.048,-0.066,9.860,-0.16,-0.05,0.02
118.44,0.049,-0.002,9.771,0.14,0.25,-0.09
118.46,-0.023,-0.071,9.724,-0.23,0.14,0.00
118.48,0.013,-0.000,9.875,0.12,-0.04,0.16
118.50,0.013,0.050,9.847,0.02,0.03,-0.13
118.52,0.045,0.034,9.806,0.13,0.09,0.00
118.54,0.002,0.071,9.842,0.08,-0.08,0.13
118.56,-0.115,0.063,9.715,0.13,0.16,-0.11
118.58,0.039,0.083,9.837,0.04,0.03,-0.10
118.60,-0.017,0.036,9.759,0.14,-0.01,-0.06
118.62,-0.022,-0.004,9.799,0.03,0.30,-0.05
118.64,0.023,-0.054,9.721,-0.04,-0.10,-0.10
118.66,-0.008,-0.029,9.749,0.20,0.06,0.17
118.68,0.002,-0.005,9.795,-0.03,-0.15,-0.01
118.70,-0.079,0.064,9.829,0.04,0.09,0.08
118.72,0.015,-0.071,9.824,-0.21,-0.03,0.08
118.74,-0.049,0.024,9.820,0.06,0.03,-0.16
118.76,0.091,0.059,9.877,-0.11,-0.29,-0.09
118.78,0.036,0.041,9.766,0.17,-0.07,0.13
118.80,0.032,-0.008,9.805,-0.19,0.19,0.11
118.82,-0.073,0.022,9.787,0.08,0.00,-0.07
118.84,0.025,-0.017,9.819,0.11,-0.03,0.05
118.86,0.067,0.059,9.814,-0.08,-0.15,-0.10
118.88,-0.017,0.022,9.895,0.01,-0.10,-0.06
118.90,0.013,-0.002,9.793,-0.08,-0.09,0.11
118.92,0.014,-0.022,9.778,-0.08,-0.09,-0.03
118.94,0.002,0.072,9.849,0.12,-0.02,-0.04
118.96,-0.091,0.011,9.867,0.03,-0.04,-0.08
118.98,-0.026,0.003,9.862,-0.08,-0.13,-0.06
119.00,-0.007,-0.076,9.803,-0.05,-0.03,0.02
119.02,0.130,-0.083,9.971,0.11,0.12,0.05
119.04,0.002,0.008,9.763,0.08,0.08,-0.09
119.06,-0.031,0.057,9.784,0.12,0.05,0.28
119.08,0.028,-0.019,9.876,-0.13,0.16,-0.23
119.10,-0.105,-0.000,9.856,-0.04,0.14,0.02
119.12,0.026,-0.047,9.806,0.16,0.22,-0.12
119.14,-0.104,0.015,9.796,0.01,-0.12,0.00
119.16,0.018,-0.094,9.773,-0.02,0.03,0.23
119.18,-0.044,-0.027,9.729,0.08,-0.15,0.01
119.20,-0.025,-0.062,9.830,-0.06,-0.11,0.04
119.22,0.034,-0.041,9.856,-0.04,-0.11,0.00
119.24,0.040,0.048,9.801,0.09,0.08,0.02
119.26,-0.053,-0.057,9.804,-0.04,-0.07,0.18
119.28,0.028,-0.053,9.840,0.17,-0.07,0.04
119.30,0.002,-0.021,9.739,-0.26,-0.04,-0.02
119.32,-0.094,-0.011,9.755,-0.15,0.06,-0.14
119.34,0.020,-0.048,9.894,-0.20,0.02,-0.04
119.36,-0.012,-0.092,9.865,-0.07,-0.04,0.14
119.38,0.027,-0.019,9.824,-0.17,-0.02,0.02
119.40,0.122,-0.007,9.752,-0.03,-0.02,-0.03
119.42,0.046,-0.075,9.775,-0.03,-0.15,-0.06
119.44,-0.008,-0.031,9.855,0.12,0.07,0.04
119.46,0.016,-0.043,9.796,-0.09,0.15,-0.15
119.48,0.033,0.019,9.813,-0.14,-0.06,-0.05
119.50,0.059,0.040,9.787,0.19,0.13,0.00
119.52,-0.057,-0.019,9.805,0.12,-0.07,-0.05
119.54,-0.016,-0.028,9.817,0.00,0.01,-0.06
119.56,0.137,0.054,9.794,0.09,0.12,-0.15
119.58,-0.075,0.020,9.852,-0.10,-0.14,-0.01
119.60,0.011,-0.017,9.747,0.00,-0.07,-0.05
119.62,-0.037,-0.041,9.809,-0.01,-0.05,0.10
119.64,-0.001,0.007,9.832,-0.18,-0.03,0.03
119.66,-0.011,0.021,9.778,0.08,0.15,0.15
119.68,0.037,-0.033,9.739,0.03,0.07,-0.05
119.70,0.044,0.074,9.793,0.04,-0.08,-0.03
119.72,-0.001,-0.015,9.829,-0.04,0.05,0.03
119.74,0.020,-0.017,9.771,-0.24,-0.13,0.04
119.76,0.046,-0.053,9.885,-0.12,0.08,-0.03
119.78,-0.050,-0.035,9.798,0.20,-0.00,-0.05
119.80,-0.015,0.065,9.773,0.02,-0.03,-0.10
119.82,-0.033,-0.010,9.854,0.07,0.09,0.02
119.84,-0.070,0.098,9.786,-0.03,0.06,0.10
119.86,-0.010,-0.045,9.860,0.20,0.01,0.08
119.88,-0.001,-0.024,9.954,-0.19,-0.02,-0.04
119.90,-0.039,-0.069,9.840,-0.10,0.06,-0.10
119.92,-0.028,0.030,9.753,-0.13,0.01,-0.01
119.94,-0.081,-0.037,9.836,-0.09,-0.15,0.02
119.96,0.067,-0.031,9.908,0.11,-0.03,0.01
119.98,0.058,-0.092,9.743,0.01,0.06,-0.05
120.00,0.025,0.061,9.757,0.05,0.05,-0.03
120.02,0.042,0.052,9.808,0.01,0.04,-0.11
120.04,-0.010,0.061,9.855,0.16,0.02,-0.09
120.06,-0.015,0.006,9.780,0.05,-0.09,-0.01
120.08,-0.071,-0.003,9.895,0.06,-0.19,-0.11
120.10,0.017,-0.017,9.763,0.05,-0.16,-0.00
120.12,-0.030,0.015,9.840,-0.01,-0.03,-0.02
120.14,-0.012,0.058,9.919,0.06,0.06,-0.06
120.16,-0.006,-0.030,9.709,-0.00,0.01,0.17
120.18,0.015,0.023,9.878,-0.03,0.01,0.07
120.20,0.023,-0.069,9.749,-0.02,0.00,0.02
120.22,0.092,0.011,9.753,0.03,-0.02,0.08
120.24,0.036,-0.100,9.808,0.08,0.09,0.09
120.26,-0.061,-0.004,9.760,0.09,-0.03,0.04
120.28,-0.010,-0.020,9.842,0.04,-0.11,-0.05
120.30,-0.001,-0.047,9.869,0.08,0.08,0.09
120.32,0.028,-0.018,9.806,-0.08,0.04,0.13
120.34,0.010,-0.052,9.900,-0.15,-0.03,0.01
120.36,-0.034,0.031,9.803,0.08,0.15,-0.13
120.38,0.110,-0.046,9.816,0.04,-0.01,-0.06
120.40,0.076,0.038,9.843,0.00,0.12,-0.03
120.42,0.067,0.008,9.759,0.06,0.03,0.06
120.44,0.031,0.007,9.799,-0.15,0.06,-0.05
120.46,-0.010,-0.010,9.762,0.29,0.09,0.08
120.48,-0.031,-0.048,9.779,-0.07,-0.13,-0.07
120.50,0.057,-0.035,9.886,-0.17,-0.06,0.00
120.52,-0.051,0.039,9.754,0.00,-0.18,-0.14
120.54,0.077,0.061,9.813,-0.13,0.15,0.12
120.56,0.090,-0.103,9.909,-0.01,-0.06,0.03
120.58,-0.001,0.005,9.826,-0.03,0.10,0.01
120.60,0.034,0.050,9.905,-0.18,0.09,-0.20
120.62,-0.012,0.043,9.772,0.03,0.14,-0.09
120.64,0.042,0.053,9.846,0.03,-0.06,0.16
120.66,-0.029,0.067,9.898,0.13,-0.12,0.17
120.68,-0.032,0.022,9.817,-0.06,-0.11,-0.17
120.70,-0.065,-0.057,9.830,0.08,-0.01,0.16
120.72,0.004,-0.059,9.793,0.01,0.04,0.01
120.74,0.044,0.024,9.837,-0.02,0.15,0.06
120.76,0.026,0.020,9.795,-0.04,-0.01,-0.03
120.78,0.017,-0.034,9.718,-0.11,-0.19,-0.11
120.80,-0.037,0.036,9.852,0.00,-0.04,0.11
120.82,0.014,0.032,9.785,-0.03,-0.00,-0.09
120.84,0.065,-0.045,9.794,-0.13,0.04,-0.11
120.86,-0.068,0.018,9.783,-0.18,-0.16,0.09
120.88,0.070,-0.028,9.847,-0.07,0.13,0.05
120.90,-0.033,-0.021,9.781,0.08,0.17,0.02
120.92,-0.090,-0.004,9.775,0.08,-0.08,0.06
120.94,0.005,0.021,9.808,-0.14,0.05,-0.09
120.96,-0.059,-0.052,9.828,0.07,-0.25,0.02
120.98,0.003,-0.014,9.760,0.11,-0.23,0.07
121.00,-0.066,0.056,9.850,0.10,-0.06,-0.06
121.02,-0.018,0.057,9.808,0.02,-0.08,0.10
121.04,-0.012,-0.050,9.868,0.22,0.25,0.17
121.06,-0.002,-0.026,9.814,-0.25,0.14,0.14
121.08,0.003,0.028,9.708,-0.13,-0.01,0.01
121.10,-0.004,0.057,9.828,0.16,0.08,-0.01
121.12,0.005,0.049,9.888,-0.04,0.13,0.07
121.14,0.064,-0.017,9.817,0.00,0.03,0.16
121.16,-0.002,-0.026,9.883,-0.11,-0.02,-0.16
121.18,-0.038,0.019,9.864,0.06,0.15,0.13
121.20,-0.070,-0.072,9.748,-0.12,0.07,-0.14
121.22,-0.089,-0.072,9.771,-0.01,0.05,0.09
121.24,0.111,0.029,9.872,0.05,-0.05,0.05
121.26,0.015,0.005,9.844,0.09,0.21,0.27
121.28,-0.040,-0.051,9.799,0.08,0.11,-0.13
121.30,-0.001,0.038,9.797,0.09,0.17,0.13
121.32,-0.021,-0.040,9.795,-0.10,0.11,0.03
121.34,-0.089,-0.008,9.902,0.08,-0.08,-0.04
121.36,0.024,-0.087,9.846,-0.05,-0.01,-0.01
121.38,-0.072,0.071,9.791,-0.01,-0.16,0.02
121.40,-0.033,0.073,9.791,0.08,-0.06,0.08
121.42,-0.030,-0.032,9.801,0.05,-0.00,0.13
121.44,-0.080,-0.109,9.803,0.02,-0.08,-0.00
121.46,0.023,0.007,9.742,0.04,-0.11,-0.10
121.48,0.020,-0.021,9.735,-0.16,0.12,0.03
121.50,0.047,0.005,9.827,-0.02,0.07,0.08
121.52,-0.012,-0.100,9.786,0.05,-0.19,0.00
121.54,-0.033,-0.003,9.763,0.09,0.02,0.11
121.56,0.034,-0.093,9.748,-0.10,-0.19,0.16
121.58,0.015,0.069,9.845,0.12,-0.01,0.01
121.60,-0.143,-0.053,9.814,-0.10,-0.13,0.01
121.62,0.015,0.013,9.792,-0.13,0.05,-0.08
121.64,0.050,0.083,9.872,0.04,0.04,0.23
121.66,0.049,-0.019,9.814,-0.14,0.04,-0.05
121.68,0.086,-0.012,9.880,-0.03,-0.06,0.14
121.70,0.051,-0.028,9.840,0.11,0.14,-0.01
121.72,0.009,-0.030,9.829,-0.08,0.10,0.10
121.74,0.105,-0.112,9.777,-0.15,0.04,-0.07
121.76,-0.032,-0.063,9.789,-0.07,0.01,0.04
121.78,0.007,-0.090,9.824,0.22,-0.25,0.13
121.80,0.048,-0.055,9.821,-0.07,0.05,-0.10
121.82,0.006,-0.047,9.802,-0.05,0.12,0.01
121.84,0.134,-0.020,9.887,-0.07,0.03,-0.09
121.86,0.020,-0.046,9.760,0.02,0.11,0.07
121.88,-0.022,0.051,9.816,-0.28,0.11,0.05
121.90,0.078,-0.017,9.787,0.07,-0.01,0.01
121.92,-0.022,0.109,9.779,-0.18,0.13,0.09
121.94,-0.039,-0.019,9.852,0.11,-0.03,-0.11
121.96,0.042,-0.006,9.775,0.06,-0.07,-0.03
121.98,-0.015,-0.020,9.776,-0.06,0.15,-0.02
122.00,0.069,0.034,9.857,0.06,0.11,-0.04
122.02,0.041,0.003,9.753,0.06,-0.41,-0.25
122.04,0.032,-0.007,9.847,-0.07,0.06,0.02
122.06,-0.084,-0.005,9.813,0.04,0.07,-0.19
122.08,0.035,0.001,9.818,-0.09,0.03,-0.09
122.10,-0.053,-0.026,9.818,-0.03,0.01,-0.07
122.12,0.024,-0.056,9.757,-0.02,0.15,-0.13
122.14,0.006,0.105,9.811,0.11,0.01,0.00
122.16,0.034,0.058,9.805,-0.11,-0.04,0.07
122.18,0.037,-0.006,9.889,0.03,0.04,0.04
122.20,0.017,-0.013,9.839,0.10,-0.09,-0.07
122.22,0.045,0.022,9.771,-0.05,0.23,0.06
122.24,0.075,-0.016,9.843,-0.02,-0.06,0.12
122.26,-0.139,-0.058,9.808,-0.13,-0.09,-0.02
122.28,0.043,0.012,9.795,0.09,0.09,0.17
122.30,-0.065,0.057,9.768,-0.03,0.14,-0.02
122.32,-0.010,0.002,9.888,0.09,-0.09,-0.01
122.34,0.055,0.025,9.866,-0.11,-0.06,-0.04
122.36,0.006,0.089,9.769,0.25,-0.03,-0.15
122.38,0.059,0.056,9.782,0.13,-0.04,-0.09
122.40,-0.098,0.070,9.803,0.04,0.09,-0.16
122.42,-0.023,-0.101,9.900,0.10,0.06,-0.09
122.44,0.009,0.027,9.767,-0.07,-0.17,-0.08
122.46,-0.012,-0.003,9.779,0.00,0.04,-0.18
122.48,-0.015,-0.012,9.775,-0.07,-0.08,-0.07
122.50,0.007,0.049,9.698,-0.07,0.07,0.12
122.52,-0.059,0.009,9.735,-0.08,0.18,0.11
122.54,-0.026,-0.002,9.831,0.03,0.23,0.05
122.56,-0.030,-0.002,9.847,-0.14,0.10,-0.00
122.58,-0.008,0.001,9.800,-0.00,0.04,-0.05
122.60,-0.020,-0.014,9.838,0.14,0.06,-0.01
122.62,-0.046,0.032,9.756,0.17,-0.10,-0.16
122.64,0.082,-0.055,9.801,-0.11,-0.02,0.05
122.66,0.030,0.009,9.841,0.27,0.04,0.33
122.68,-0.009,-0.029,9.785,0.01,-0.08,-0.19
122.70,0.019,-0.066,9.807,0.01,0.05,0.03
122.72,0.120,0.025,9.773,-0.01,-0.09,0.15
122.74,-0.073,0.048,9.807,0.06,-0.14,-0.05
122.76,0.002,-0.030,9.858,-0.05,-0.11,0.16
122.78,-0.058,0.021,9.789,0.16,0.02,-0.18
122.80,-0.068,-0.013,9.720,0.02,-0.00,0.01
122.82,-0.008,0.014,9.779,-0.16,-0.01,-0.05
122.84,0.007,-0.069,9.770,0.05,-0.10,-0.23
122.86,0.033,-0.024,9.926,-0.04,0.07,0.01
122.88,-0.008,-0.077,9.738,-0.15,-0.15,0.04
122.90,0.039,0.024,9.804,-0.14,0.13,-0.06
122.92,0.078,0.116,9.802,-0.20,0.04,-0.10
122.94,-0.018,-0.063,9.796,0.01,0.04,-0.28
122.96,-0.024,0.046,9.800,0.11,0.20,-0.01
122.98,0.008,0.070,9.794,-0.03,-0.32,0.03
123.00,0.081,-0.062,9.802,-0.05,-0.08,-0.15
123.02,0.019,-0.046,9.876,-0.12,-0.02,0.00
123.04,-0.066,-0.027,9.707,0.19,0.07,0.08
123.06,0.033,-0.089,9.799,-0.07,-0.22,0.02
123.08,-0.042,-0.076,9.792,0.03,0.13,-0.17
123.10,-0.033,-0.011,9.779,-0.13,-0.14,-0.04
123.12,0.056,0.067,9.815,-0.07,0.06,-0.04
123.14,-0.052,-0.017,9.785,0.02,0.00,-0.16
123.16,0.090,0.035,9.869,0.12,-0.07,0.07
123.18,-0.041,0.026,9.826,0.10,-0.09,0.04
123.20,-0.020,0.046,9.849,0.16,0.15,-0.14
123.22,-0.004,0.030,9.792,-0.14,0.16,-0.15
123.24,-0.058,0.042,9.839,0.05,-0.09,0.07
123.26,0.057,-0.045,9.875,-0.09,0.16,-0.03
123.28,0.018,0.002,9.704,0.06,0.06,-0.06
123.30,0.074,0.013,9.828,-0.01,0.00,0.12
123.32,0.014,0.098,9.823,0.12,-0.01,0.03
123.34,-0.032,-0.016,9.770,0.02,0.13,-0.01
123.36,-0.017,-0.023,9.855,-0.03,0.10,-0.11
123.38,0.040,-0.007,9.810,-0.11,0.00,0.11
123.40,-0.036,0.027,9.886,0.10,0.07,-0.10
123.42,-0.034,0.034,9.785,-0.10,-0.07,-0.07
123.44,0.030,0.049,9.836,-0.03,0.00,-0.16
123.46,0.079,0.042,9.830,0.19,-0.08,0.02
123.48,-0.074,-0.029,9.936,0.12,-0.02,0.10
123.50,0.071,0.033,9.762,0.10,0.02,0.04
123.52,0.006,-0.001,9.862,0.12,0.14,0.21
123.54,0.032,0.020,9.789,0.03,-0.01,-0.06
123.56,-0.040,-0.032,9.761,-0.06,0.09,-0.03
123.58,0.117,0.091,9.806,0.10,0.04,-0.13
123.60,-0.051,-0.014,9.834,0.16,-0.08,0.07
123.62,0.040,-0.035,9.886,0.04,-0.02,-0.27
123.64,0.083,-0.013,9.765,0.07,-0.19,0.10
123.66,0.136,0.014,9.870,0.01,-0.04,0.15
123.68,0.048,-0.071,9.803,-0.08,0.00,-0.01
123.70,0.006,0.022,9.832,0.31,-0.14,-0.00
123.72,-0.066,-0.074,9.775,0.30,-0.01,0.07
123.74,0.021,-0.038,9.789,-0.00,-0.07,0.07
123.76,-0.054,-0.035,9.832,-0.17,-0.14,-0.08
123.78,-0.006,-0.004,9.744,0.05,0.00,-0.11
123.80,0.018,-0.034,9.792,0.02,-0.03,-0.09
123.82,0.016,-0.111,9.840,-0.08,-0.19,0.06
123.84,-0.046,-0.012,9.822,-0.07,0.02,0.14
123.86,0.018,-0.006,9.902,0.19,0.14,0.02
123.88,0.090,-0.106,9.820,0.15,0.16,0.07
123.90,-0.008,0.053,9.800,-0.03,-0.24,-0.08
123.92,0.003,-0.019,9.830,-0.09,-0.13,-0.01
123.94,0.031,-0.040,9.760,0.02,0.04,0.05
123.96,0.025,-0.085,9.873,-0.02,-0.02,-0.02
123.98,0.033,0.051,9.670,-0.15,0.05,-0.08
124.00,-0.109,0.081,9.712,-0.15,-0.11,-0.20
124.02,0.042,-0.119,9.790,0.04,0.02,-0.03
124.04,-0.081,0.015,9.814,-0.12,0.04,0.06
124.06,0.002,0.083,9.875,0.02,-0.10,0.13
124.08,-0.002,-0.081,9.851,-0.04,0.14,0.05
124.10,-0.039,0.071,9.856,-0.04,-0.06,0.23
124.12,0.035,0.002,9.768,-0.05,-0.07,0.13
124.14,0.002,0.018,9.722,-0.08,-0.01,-0.03
124.16,0.042,0.081,9.834,-0.01,-0.20,0.03
124.18,0.070,0.049,9.738,-0.03,-0.01,-0.04
124.20,0.110,0.032,9.774,0.09,-0.13,-0.09
124.22,0.015,0.011,9.779,0.12,-0.04,0.15
124.24,0.064,-0.002,9.761,-0.02,-0.16,-0.00
124.26,0.096,-0.009,9.728,0.10,0.09,-0.18
124.28,-0.030,0.049,9.846,-0.00,-0.02,-0.19
124.30,-0.023,0.001,9.794,-0.05,-0.13,0.19
124.32,-0.037,-0.031,9.836,0.18,0.04,0.00
124.34,-0.074,0.058,9.748,0.04,-0.04,0.10
124.36,-0.015,-0.013,9.896,-0.05,-0.12,-0.01
124.38,-0.019,-0.074,9.822,0.02,0.12,-0.10
124.40,0.058,-0.181,9.853,-0.06,-0.02,-0.07
124.42,-0.013,-0.008,9.894,-0.19,-0.01,0.03
124.44,0.053,0.025,9.879,-0.11,-0.05,-0.02
124.46,0.003,0.064,9.770,0.15,0.16,-0.01
124.48,-0.048,0.060,9.817,0.01,0.09,0.04
124.50,-0.022,-0.013,9.888,0.00,-0.01,-0.12
124.52,0.061,0.010,9.849,0.01,-0.06,0.16
124.54,-0.053,-0.029,9.731,0.10,-0.11,-0.01
124.56,-0.015,0.021,9.787,0.06,-0.13,-0.01
124.58,0.012,-0.029,9.837,-0.09,0.08,-0.00
124.60,0.073,0.005,9.775,0.04,-0.04,0.01
124.62,-0.068,-0.027,9.770,0.18,0.11,0.04
124.64,-0.046,-0.096,9.854,-0.09,-0.07,0.03
124.66,0.058,-0.004,9.766,0.12,0.03,0.06
124.68,-0.031,-0.066,9.689,-0.00,-0.04,-0.07
124.70,0.032,0.051,9.788,-0.01,-0.13,0.01
124.72,-0.032,0.027,9.872,-0.16,-0.03,-0.06
124.74,0.016,0.021,9.727,0.07,-0.05,0.03
124.76,-0.033,-0.128,9.758,0.11,-0.23,0.10
124.78,-0.003,0.079,9.777,-0.01,0.08,-0.13
124.80,-0.059,-0.020,9.853,-0.03,0.12,-0.04
124.82,0.069,0.075,9.821,0.02,0.10,0.00
124.84,0.035,0.027,9.862,-0.20,-0.10,0.04
124.86,0.031,0.021,9.895,-0.11,-0.01,0.10
124.88,0.056,0.049,9.773,0.03,-0.12,-0.01
124.90,-0.021,-0.021,9.758,-0.00,-0.07,-0.01
124.92,-0.036,-0.040,9.810,0.12,0.16,0.04
124.94,0.036,0.017,9.796,-0.06,0.03,-0.06
124.96,0.070,0.117,9.860,-0.03,-0.07,0.06
124.98,0.022,-0.014,9.748,-0.01,0.10,0.01
125.00,0.038,0.074,9.817,-0.07,-0.02,-0.03
125.02,-0.004,0.026,9.799,0.06,0.07,-0.22
125.04,0.023,-0.035,9.793,0.03,0.03,0.05
125.06,-0.111,-0.016,9.809,0.09,-0.04,0.05
125.08,0.059,-0.030,9.889,-0.02,-0.06,0.31
125.10,-0.003,-0.045,9.815,0.03,-0.02,0.03
125.12,-0.030,-0.033,9.868,-0.23,-0.05,0.06
125.14,0.063,0.008,9.811,-0.19,0.22,0.06
125.16,-0.008,-0.008,9.736,0.10,0.08,-0.18
125.18,-0.035,-0.009,9.760,0.11,-0.04,0.05
125.20,-0.012,0.053,9.767,0.02,-0.29,-0.02
125.22,-0.043,-0.007,9.774,0.02,-0.15,0.04
125.24,-0.056,0.129,9.844,0.00,-0.20,0.11
125.26,-0.076,0.013,9.768,0.05,-0.22,-0.11
125.28,0.018,0.039,9.835,0.07,-0.02,0.07
125.30,0.047,-0.044,9.745,0.08,-0.11,-0.09
125.32,-0.085,0.025,9.777,0.09,-0.09,-0.13
125.34,0.028,-0.028,9.771,0.12,-0.02,-0.06
125.36,0.071,-0.031,9.796,0.06,0.14,0.08
125.38,0.045,-0.069,9.808,0.05,0.10,0.10
125.40,-0.038,0.006,9.807,0.03,-0.16,-0.01
125.42,0.048,0.029,9.893,-0.04,-0.12,0.06
125.44,0.013,-0.022,9.835,-0.11,0.12,-0.07
125.46,-0.066,-0.046,9.833,0.04,-0.27,-0.02
125.48,0.057,-0.024,9.751,-0.10,0.10,0.21
125.50,-0.060,-0.061,9.822,-0.05,-0.04,0.02
125.52,-0.007,0.004,9.868,-0.00,0.06,0.06
125.54,-0.064,0.063,9.760,0.04,-0.03,0.09
125.56,0.037,0.024,9.763,0.09,-0.03,0.00
125.58,0.044,-0.041,9.881,-0.12,-0.13,-0.15
125.60,0.023,-0.020,9.823,0.12,-0.04,-0.20
125.62,0.011,-0.029,9.793,-0.01,0.01,-0.07
125.64,-0.064,-0.061,9.901,-0.03,-0.20,-0.03
125.66,-0.062,-0.016,9.749,-0.13,-0.04,0.14
125.68,-0.025,-0.008,9.717,-0.03,0.07,0.01
125.70,0.085,-0.029,9.762,-0.03,0.06,-0.04
125.72,0.048,-0.020,9.797,0.03,0.18,0.14
125.74,0.012,-0.067,9.859,0.00,-0.00,0.01
125.76,0.009,0.059,9.712,0.03,0.06,-0.10
125.78,-0.064,-0.011,9.892,0.04,0.01,-0.00
125.80,0.050,0.034,9.759,-0.02,-0.20,-0.11
125.82,0.067,0.065,9.811,0.00,-0.13,0.15
125.84,0.020,0.088,9.841,0.09,-0.16,-0.08
125.86,0.037,0.047,9.786,0.02,-0.02,-0.08
125.88,0.029,0.031,9.789,0.10,0.01,0.08
125.90,-0.092,-0.034,9.771,-0.11,-0.10,0.00
125.92,0.073,-0.014,9.827,-0.02,0.10,-0.10
125.94,0.017,-0.063,9.752,0.12,-0.02,0.02
125.96,0.032,-0.086,9.902,-0.12,0.08,0.04
125.98,-0.004,0.016,9.719,0.07,0.11,-0.09
126.00,0.018,0.119,9.788,0.05,-0.13,-0.06
126.02,0.070,0.037,9.841,0.05,0.08,-0.10
126.04,-0.045,0.047,9.750,-0.12,0.20,0.00
126.06,0.035,0.036,9.766,-0.16,0.14,0.10
126.08,0.016,0.002,9.862,-0.04,0.06,0.03
126.10,0.010,-0.071,9.738,-0.01,-0.10,-0.08
126.12,0.015,0.025,9.745,0.11,0.06,0.14
126.14,0.012,0.008,9.843,0.06,-0.09,0.01
126.16,0.097,0.030,9.773,-0.14,0.07,-0.06
126.18,-0.020,0.034,9.832,0.01,-0.03,-0.20
126.20,0.038,0.067,9.813,-0.14,0.15,0.06
126.22,0.032,-0.098,9.815,0.05,-0.02,-0.09
126.24,-0.035,-0.044,9.682,0.09,-0.03,0.08
126.26,0.026,-0.009,9.680,-0.13,-0.01,0.03
126.28,-0.016,-0.046,9.891,0.03,-0.09,-0.03
126.30,-0.004,0.032,9.813,0.02,-0.07,0.07
126.32,0.034,-0.094,9.870,-0.18,-0.20,-0.12
126.34,0.028,-0.033,9.869,-0.06,-0.09,-0.06
126.36,0.018,-0.032,9.738,0.13,-0.08,-0.03
126.38,0.005,0.053,9.809,0.06,-0.07,0.04
126.40,-0.008,-0.043,9.825,-0.03,0.22,-0.02
126.42,0.066,0.082,9.865,0.14,-0.04,0.28
126.44,-0.017,-0.013,9.779,-0.02,0.19,-0.04
126.46,-0.039,-0.020,9.765,0.05,-0.06,-0.10
126.48,-0.018,-0.008,9.786,-0.25,0.08,-0.05
126.50,-0.078,-0.015,9.804,-0.08,-0.03,0.08
126.52,0.043,-0.037,9.866,0.03,0.16,0.05
126.54,0.005,0.045,9.815,-0.28,0.14,-0.09
126.56,-0.008,0.047,9.796,-0.11,0.14,-0.02
126.58,-0.073,-0.001,9.847,-0.22,-0.00,-0.01
126.60,0.023,0.061,9.750,0.12,0.04,0.05
126.62,0.011,0.020,9.793,-0.07,-0.05,0.06
126.64,-0.095,-0.055,9.809,-0.03,-0.07,0.02
126.66,0.012,0.017,9.850,0.13,-0.19,-0.08
126.68,-0.015,-0.063,9.730,0.04,0.09,-0.06
126.70,0.013,0.023,9.777,0.11,-0.16,0.01
126.72,0.085,0.055,9.751,0.02,0.19,0.15
126.74,0.011,-0.019,9.711,-0.20,0.14,-0.01
126.76,-0.038,-0.014,9.847,0.12,0.04,-0.17
126.78,0.077,0.019,9.761,0.12,0.01,-0.04
126.80,0.063,0.063,9.876,0.02,0.06,0.11
126.82,0.036,-0.019,9.881,-0.13,0.05,0.07
126.84,-0.034,0.011,9.909,-0.04,-0.07,-0.02
126.86,0.066,0.055,9.823,0.14,0.01,-0.27
126.88,-0.004,-0.014,9.871,-0.00,-0.07,0.11
126.90,0.010,0.042,9.840,0.33,0.10,0.09
126.92,-0.055,0.065,9.853,-0.02,-0.02,-0.11
126.94,-0.042,0.020,9.776,-0.02,0.07,0.04
126.96,0.059,-0.049,9.765,0.08,-0.19,-0.06
126.98,-0.042,-0.007,9.757,-0.20,-0.18,-0.13
127.00,0.024,-0.079,9.777,0.03,0.17,-0.23
127.02,0.026,-0.049,9.791,0.15,0.00,0.09
127.04,0.022,-0.093,9.847,-0.10,-0.02,0.14
127.06,0.016,-0.024,9.770,0.06,-0.07,0.05
127.08,-0.130,-0.058,9.911,0.15,0.06,-0.21
127.10,0.019,0.037,9.817,0.10,-0.18,0.24
127.12,0.019,0.007,9.846,0.03,-0.10,0.06
127.14,0.087,0.054,9.796,0.22,-0.00,-0.09
127.16,-0.106,-0.070,9.819,-0.04,-0.09,-0.10
127.18,-0.046,-0.000,9.856,-0.09,0.03,0.04
127.20,0.138,-0.022,9.839,0.17,0.05,0.10
127.22,-0.009,0.016,9.839,0.05,-0.02,-0.09
127.24,-0.085,-0.011,9.841,-0.17,-0.05,-0.06
127.26,0.006,-0.077,9.794,0.05,-0.08,-0.08
127.28,0.029,-0.023,9.824,-0.01,0.08,-0.10
127.30,-0.033,-0.004,9.806,0.04,0.04,-0.18
127.32,0.029,-0.030,9.903,0.11,0.01,0.04
127.34,-0.047,-0.006,9.802,0.06,0.16,0.15
127.36,0.025,0.032,9.872,0.16,0.13,-0.03
127.38,-0.022,-0.086,9.810,-0.20,0.00,0.00
127.40,0.011,0.038,9.747,0.05,-0.24,0.05
127.42,0.046,-0.003,9.804,-0.12,-0.06,0.05
127.44,0.011,0.015,9.826,-0.15,-0.07,-0.08
127.46,0.007,0.044,9.783,0.16,-0.02,0.10
127.48,-0.032,0.073,9.873,-0.00,0.14,-0.11
127.50,0.026,0.000,9.869,-0.01,0.02,-0.12
127.52,-0.068,-0.083,9.798,-0.20,0.07,-0.06
127.54,0.006,-0.053,9.831,-0.09,0.04,-0.03
127.56,-0.001,-0.028,9.864,-0.07,0.06,-0.10
127.58,-0.078,0.017,9.817,-0.04,-0.08,0.06
127.60,-0.059,0.027,9.871,-0.15,0.03,0.14
127.62,-0.021,-0.041,9.810,0.09,-0.07,-0.03
127.64,0.034,-0.000,9.739,-0.07,-0.06,0.07
127.66,-0.044,-0.063,9.782,0.08,-0.03,0.05
127.68,0.126,0.029,9.815,0.03,-0.00,0.16
127.70,0.054,0.032,9.731,-0.00,0.03,0.03
127.72,0.071,-0.079,9.750,-0.09,0.00,0.10
127.74,0.034,-0.015,9.716,-0.13,0.26,-0.06
127.76,0.057,-0.044,9.787,0.05,0.01,0.06
127.78,0.025,0.024,9.882,0.10,0.02,0.04
127.80,-0.015,-0.009,9.791,-0.17,-0.06,-0.04
127.82,-0.020,0.026,9.789,0.02,0.03,-0.08
127.84,0.097,-0.027,9.835,0.08,0.00,0.05
127.86,0.067,-0.024,9.847,0.01,0.04,-0.08
127.88,0.118,0.032,9.929,0.02,-0.01,-0.04
127.90,0.002,0.032,9.877,-0.07,0.21,0.07
127.92,0.044,-0.044,9.915,-0.01,-0.23,0.06
127.94,-0.076,0.018,9.882,0.00,0.04,0.17
127.96,-0.017,0.080,9.741,0.11,0.01,0.22
127.98,-0.011,0.033,9.816,-0.12,0.09,0.12
128.00,0.003,-0.012,9.842,-0.02,-0.06,-0.07
128.02,0.021,-0.023,9.928,0.13,0.08,0.04
128.04,-0.009,-0.029,9.780,-0.15,-0.10,-0.04
128.06,-0.029,-0.016,9.801,-0.00,0.13,0.24
128.08,-0.028,-0.060,9.722,0.10,-0.06,-0.18
128.10,-0.048,0.056,9.817,-0.05,-0.11,0.01
128.12,0.057,-0.004,9.774,-0.17,0.10,0.06
128.14,0.058,0.010,9.786,0.01,-0.04,-0.09
128.16,-0.044,-0.106,9.875,0.11,-0.06,0.02
128.18,0.072,0.067,9.839,-0.06,-0.04,-0.02
128.20,-0.012,0.114,9.783,-0.14,-0.02,-0.04
128.22,0.006,-0.034,9.833,-0.00,-0.07,0.06
128.24,0.038,0.073,9.904,0.07,-0.01,-0.15
128.26,0.019,0.058,9.836,0.05,0.16,-0.04
128.28,0.045,-0.009,9.774,0.02,-0.22,-0.05
128.30,0.094,-0.009,9.771,-0.09,0.13,-0.19
128.32,0.027,0.028,9.806,-0.09,0.05,-0.12
128.34,-0.091,0.026,9.840,0.01,-0.07,-0.01
128.36,0.070,0.021,9.802,0.08,0.07,-0.16
128.38,0.066,0.013,9.736,-0.09,0.07,-0.02
128.40,-0.011,-0.005,9.805,0.19,-0.11,-0.18
128.42,0.043,0.060,9.857,0.01,-0.03,-0.19
128.44,0.035,-0.056,9.834,0.07,0.01,-0.04
128.46,0.034,0.000,9.824,-0.02,0.01,0.05
128.48,0.046,0.009,9.794,-0.01,-0.01,-0.30
128.50,0.083,0.047,9.830,0.07,0.06,0.10
128.52,-0.052,0.011,9.862,0.01,0.13,0.19
128.54,-0.042,-0.052,9.892,-0.04,0.18,-0.12
128.56,0.038,-0.153,9.842,-0.17,-0.00,0.01
128.58,-0.055,-0.042,9.763,0.08,-0.01,0.05
128.60,0.042,0.101,9.765,0.18,0.12,-0.00
128.62,-0.064,0.016,9.822,0.13,0.00,0.10
128.64,0.041,-0.052,9.893,-0.02,0.11,0.01
128.66,0.012,-0.035,9.742,-0.02,0.01,0.06
128.68,0.135,0.006,9.784,0.08,-0.05,0.09
128.70,-0.032,-0.090,9.825,0.09,0.12,0.05
128.72,-0.027,0.074,9.799,0.13,-0.23,0.03
128.74,0.013,0.010,9.856,0.02,-0.02,0.11
128.76,-0.012,0.087,9.748,0.02,-0.18,0.06
128.78,0.073,0.043,9.821,0.21,-0.02,0.07
128.80,0.030,-0.028,9.718,-0.11,-0.11,0.02
128.82,-0.083,-0.001,9.788,0.11,-0.02,-0.06
128.84,0.061,0.066,9.856,-0.07,-0.10,-0.06
128.86,0.086,-0.029,9.900,-0.09,0.05,0.09
128.88,0.022,-0.045,9.895,-0.16,-0.00,-0.02
128.90,-0.071,0.047,9.801,0.05,0.24,0.04
128.92,-0.041,0.010,9.752,0.04,-0.07,-0.13
128.94,-0.044,0.001,9.839,0.27,0.09,0.07
128.96,-0.018,0.029,9.836,-0.04,-0.02,0.02
128.98,-0.029,0.021,9.845,0.07,-0.11,0.05
129.00,-0.011,-0.017,9.861,-0.01,-0.06,-0.04
129.02,0.016,0.076,9.900,0.01,0.00,0.10
129.04,0.018,0.064,9.768,-0.07,0.10,-0.01
129.06,-0.035,-0.020,9.777,0.03,-0.07,0.00
129.08,0.068,0.007,9.775,0.08,0.07,0.05
129.10,0.000,0.009,9.747,0.27,0.06,0.01
129.12,0.001,0.019,9.829,0.02,-0.08,0.11
129.14,0.034,-0.003,9.814,-0.00,0.07,0.02
129.16,-0.020,0.020,9.944,-0.02,-0.14,0.02
129.18,-0.018,-0.012,9.869,0.11,-0.03,-0.10
129.20,0.001,-0.049,9.774,0.07,0.08,-0.04
129.22,-0.024,0.052,9.847,0.07,0.09,-0.04
129.24,0.022,0.038,9.912,0.02,-0.01,-0.04
129.26,-0.036,-0.019,9.901,0.02,0.14,0.09
129.28,-0.047,0.054,9.782,-0.08,-0.03,0.07
129.30,0.041,-0.060,9.795,0.02,-0.09,0.00
129.32,-0.033,0.040,9.899,-0.01,-0.16,-0.19
129.34,-0.057,0.049,9.880,0.07,0.02,0.01
129.36,0.079,0.021,9.803,-0.03,0.13,-0.06
129.38,0.006,0.040,9.836,-0.23,-0.08,0.14
129.40,-0.033,0.035,9.804,0.07,0.05,-0.04
129.42,-0.032,0.116,9.840,0.03,0.01,0.15
129.44,0.017,0.009,9.863,0.07,0.11,-0.13
129.46,0.051,-0.013,9.798,0.02,-0.06,-0.14
129.48,0.022,0.021,9.888,0.16,0.09,0.06
129.50,0.087,0.007,9.778,0.08,0.07,-0.08
129.52,0.012,-0.020,9.862,-0.02,0.03,-0.07
129.54,0.047,-0.004,9.859,0.06,0.03,-0.10
129.56,0.067,-0.009,9.759,0.12,0.12,0.11
129.58,-0.005,-0.031,9.682,-0.17,-0.04,-0.04
129.60,0.037,0.114,9.828,0.18,0.10,0.09
129.62,-0.007,0.033,9.780,0.04,0.07,0.11
129.64,0.040,0.020,9.771,0.01,-0.05,-0.05
129.66,0.008,-0.013,9.764,-0.08,0.08,-0.15
129.68,-0.011,0.028,9.744,0.00,0.02,0.13
129.70,-0.002,-0.008,9.783,-0.08,-0.06,-0.09
129.72,0.075,0.034,9.829,-0.12,0.14,-0.09
129.74,-0.055,0.034,9.867,-0.05,0.02,0.16
129.76,0.053,0.022,9.746,-0.17,-0.25,0.07
129.78,0.010,-0.015,9.800,-0.06,0.04,-0.00
129.80,-0.113,-0.026,9.782,0.02,-0.07,0.03
129.82,-0.026,-0.093,9.878,-0.08,0.06,-0.01
129.84,0.076,-0.008,9.826,-0.02,0.08,-0.03
129.86,-0.013,-0.014,9.751,-0.00,0.12,-0.01
129.88,0.017,-0.024,9.790,-0.14,0.08,-0.03
129.90,0.020,0.015,9.746,-0.12,0.11,0.01
129.92,0.106,-0.048,9.888,0.05,0.07,0.02
129.94,-0.032,0.002,9.837,-0.05,-0.05,-0.05
129.96,-0.125,-0.047,9.777,-0.05,-0.09,0.02
129.98,-0.026,-0.027,9.808,0.02,0.03,0.12
130.00,-0.052,-0.044,9.743,0.05,-0.01,-0.10
130.02,0.014,0.016,9.846,-0.12,-0.05,0.01
130.04,-0.038,-0.000,9.734,0.00,-0.09,-0.01
130.06,-0.079,0.013,9.821,0.00,-0.04,-0.05
130.08,0.022,-0.070,9.800,-0.13,-0.01,-0.06
130.10,-0.050,0.031,9.744,-0.02,-0.12,-0.11
130.12,0.023,0.037,9.836,-0.03,-0.06,-0.19
130.14,0.006,-0.001,9.746,0.13,-0.05,-0.17
130.16,-0.049,0.042,9.758,0.17,-0.14,-0.01
130.18,0.052,0.045,9.769,-0.07,0.09,0.12
130.20,0.014,-0.012,9.813,0.03,-0.15,-0.22
130.22,0.039,0.057,9.821,-0.13,-0.04,-0.07
130.24,-0.110,-0.033,9.814,0.00,0.15,0.06
130.26,-0.041,-0.016,9.837,-0.17,-0.01,-0.15
130.28,-0.014,0.051,9.880,0.16,-0.17,0.21
130.30,0.073,-0.073,9.911,0.21,0.15,0.11
130.32,0.034,0.030,9.765,0.10,-0.09,-0.05
130.34,0.008,-0.036,9.736,0.00,-0.12,-0.13
130.36,-0.010,-0.085,9.812,-0.01,-0.01,0.03
130.38,0.021,0.050,9.830,0.05,-0.06,-0.15
130.40,0.015,0.045,9.850,-0.05,-0.01,0.14
130.42,-0.090,0.006,9.890,-0.11,-0.04,-0.14
130.44,0.076,0.017,9.826,0.05,0.06,0.09
130.46,0.028,-0.027,9.856,-0.00,-0.07,-0.12
130.48,-0.018,-0.025,9.910,0.07,-0.09,-0.01
130.50,0.043,0.060,9.837,-0.10,0.13,-0.04
130.52,-0.009,0.023,9.850,-0.09,-0.02,-0.03
130.54,0.004,0.033,9.785,-0.02,-0.01,-0.11
130.56,-0.047,-0.032,9.825,-0.01,-0.14,0.03
130.58,-0.013,0.017,9.727,-0.13,0.27,-0.12
130.60,0.057,0.045,9.685,0.01,-0.05,0.04
130.62,0.025,0.010,9.785,0.02,0.01,-0.09
130.64,0.050,-0.038,9.815,-0.07,-0.11,-0.00
130.66,0.041,-0.062,9.775,0.04,0.08,-0.04
130.68,-0.114,0.001,9.848,-0.11,0.01,0.07
130.70,0.013,0.010,9.840,-0.05,-0.01,-0.16
130.72,-0.031,0.019,9.850,0.06,0.18,-0.18
130.74,0.025,0.085,9.863,0.01,0.16,-0.00
130.76,0.052,-0.063,9.889,-0.15,0.06,-0.01
130.78,-0.073,0.049,9.892,-0.06,0.14,-0.02
130.80,0.096,0.064,9.863,-0.02,-0.23,-0.22
130.82,-0.053,-0.040,9.863,-0.14,0.06,-0.05
130.84,0.003,-0.081,9.801,0.02,-0.11,0.04
130.86,0.006,0.016,9.836,-0.25,-0.06,-0.03
130.88,-0.012,0.007,9.777,-0.04,-0.04,0.09
130.90,-0.035,0.041,9.830,0.08,-0.11,-0.06
130.92,0.068,-0.015,9.740,-0.27,0.20,-0.10
130.94,0.018,0.047,9.843,-0.03,0.29,-0.03
130.96,0.010,0.025,9.849,0.08,-0.27,0.05
130.98,0.015,0.062,9.753,-0.13,-0.03,0.24
131.00,-0.021,-0.019,9.790,0.01,-0.06,0.07
131.02,-0.064,-0.001,9.779,0.05,0.04,-0.01
131.04,0.042,-0.008,9.786,0.03,0.03,-0.18
131.06,0.015,-0.078,9.872,0.05,-0.03,-0.03
131.08,0.017,0.031,9.842,0.05,0.04,0.10
131.10,-0.021,0.067,9.741,-0.32,-0.04,-0.02
131.12,0.046,-0.103,9.797,0.02,-0.07,0.01
131.14,-0.090,-0.022,9.905,-0.11,-0.09,0.20
131.16,0.057,-0.017,9.833,0.19,0.06,-0.24
131.18,-0.018,0.003,9.847,0.02,-0.01,0.06
131.20,0.089,-0.001,9.798,0.01,0.10,-0.04
131.22,0.088,0.035,9.851,0.17,0.10,-0.22
131.24,-0.001,0.047,9.807,-0.05,0.01,-0.02
131.26,-0.051,0.051,9.869,-0.19,-0.03,0.10
131.28,-0.066,0.039,9.914,-0.14,0.02,0.03
131.30,0.011,0.041,9.774,0.04,-0.12,-0.04
131.32,0.013,0.061,9.754,0.18,-0.06,-0.05
131.34,-0.070,0.005,9.774,0.03,0.10,-0.14
131.36,0.037,-0.048,9.751,0.05,0.12,0.11
131.38,-0.091,0.063,9.684,0.19,0.04,-0.12
131.40,0.093,-0.089,9.816,0.05,-0.11,-0.14
131.42,0.051,0.085,9.804,0.03,0.07,0.04
131.44,-0.017,0.002,9.750,-0.04,0.03,0.13
131.46,0.043,0.033,9.810,-0.12,0.08,-0.12
131.48,-0.059,0.028,9.859,0.15,0.09,-0.09
131.50,-0.037,-0.020,9.790,-0.07,-0.21,0.04
131.52,0.014,-0.038,9.803,0.10,0.03,0.05
131.54,-0.062,-0.015,9.774,0.08,0.04,-0.04
131.56,-0.011,0.075,9.828,0.12,-0.03,-0.08
131.58,0.011,0.016,9.764,-0.15,-0.06,-0.02
131.60,-0.021,0.058,9.787,0.08,-0.09,0.12
131.62,-0.019,-0.091,9.794,-0.07,0.01,-0.09
131.64,-0.074,0.144,9.834,0.08,-0.08,0.05
131.66,-0.065,0.039,9.788,-0.13,0.08,-0.01
131.68,0.028,0.043,9.923,0.00,0.05,0.05
131.70,-0.025,-0.033,9.801,0.10,0.02,-0.30
131.72,-0.029,-0.039,9.746,0.06,-0.09,-0.16
131.74,0.012,-0.034,9.891,0.01,-0.04,0.10
131.76,0.031,-0.094,9.833,0.02,0.02,-0.03
131.78,0.065,0.057,9.743,-0.01,0.10,0.05
131.80,-0.064,0.017,9.805,-0.00,0.07,-0.07
131.82,-0.020,0.050,9.785,-0.00,-0.10,0.11
131.84,-0.020,0.056,9.783,-0.10,-0.04,-0.23
131.86,-0.014,0.037,9.827,0.11,-0.06,-0.10
131.88,0.011,0.056,9.865,0.05,-0.00,0.04
131.90,0.105,-0.023,9.766,-0.15,-0.10,-0.02
131.92,-0.039,0.013,9.792,-0.10,0.15,-0.12
131.94,-0.029,-0.037,9.759,-0.01,-0.08,0.15
131.96,-0.003,0.063,9.899,0.06,-0.07,-0.10
131.98,0.004,0.032,9.845,0.05,-0.07,-0.23
132.00,0.019,0.016,9.880,-0.09,0.23,0.09
132.02,0.020,0.084,9.820,-0.14,0.05,-0.01
132.04,-0.030,-0.066,9.754,-0.01,-0.08,-0.01
132.06,-0.086,0.012,9.811,0.04,-0.20,0.14
132.08,0.004,-0.001,9.817,-0.06,0.08,0.11
132.10,-0.013,-0.015,9.817,-0.15,0.06,0.13
132.12,0.034,0.069,9.740,-0.07,0.03,0.06
132.14,0.004,-0.010,9.718,0.11,0.04,0.12
132.16,-0.004,0.020,9.728,-0.06,-0.00,-0.00
132.18,-0.055,0.002,9.817,0.01,0.03,-0.07
132.20,0.010,-0.061,9.854,0.17,-0.04,0.06
132.22,-0.113,-0.031,9.808,-0.03,0.01,-0.17
132.24,-0.048,-0.078,9.776,-0.13,0.02,0.00
132.26,0.001,-0.012,9.794,-0.10,-0.07,-0.20
132.28,0.035,-0.059,9.785,-0.11,0.03,-0.01
132.30,0.089,-0.007,9.737,0.13,0.05,-0.11
132.32,0.048,0.052,9.772,-0.02,0.06,0.19
132.34,0.009,0.071,9.768,0.07,0.12,0.02
132.36,0.063,0.098,9.732,-0.05,0.05,0.02
132.38,-0.041,0.051,9.816,0.06,-0.06,-0.06
132.40,-0.078,0.048,9.877,-0.13,0.12,-0.11
132.42,0.001,0.065,9.839,-0.03,-0.12,0.07
132.44,0.031,0.038,9.762,-0.02,-0.07,-0.04
132.46,-0.022,-0.034,9.717,0.17,-0.10,-0.11
132.48,0.011,0.065,9.893,0.02,0.04,-0.01
132.50,0.008,0.004,9.861,-0.02,0.05,0.04
132.52,-0.064,0.062,9.833,-0.00,0.12,-0.04
132.54,-0.008,-0.011,9.894,0.06,-0.20,-0.10
132.56,0.058,-0.002,9.832,0.01,0.20,-0.07
132.58,-0.060,0.045,9.844,-0.02,-0.05,-0.21
132.60,-0.058,-0.122,9.903,-0.11,-0.04,0.07
132.62,0.061,-0.047,9.821,0.04,0.14,-0.10
132.64,0.009,-0.039,9.833,0.09,-0.08,0.15
132.66,0.037,-0.013,9.801,0.32,-0.09,0.03
132.68,-0.046,-0.056,9.820,0.06,-0.05,-0.00
132.70,0.086,0.033,9.785,0.21,-0.03,-0.03
132.72,0.057,0.058,9.863,0.19,-0.00,-0.17
132.74,0.013,0.007,9.781,0.04,-0.11,-0.05
132.76,-0.015,-0.032,9.748,-0.16,0.06,-0.09
132.78,-0.088,0.050,9.782,-0.01,0.08,0.17
132.80,0.015,-0.092,9.751,0.01,0.04,-0.04
132.82,-0.033,-0.013,9.874,-0.04,-0.07,0.06
132.84,-0.070,-0.049,9.718,-0.11,-0.06,0.05
132.86,-0.067,0.062,9.851,-0.01,-0.08,0.26
132.88,0.091,0.016,9.840,-0.02,-0.05,-0.10
132.90,0.039,-0.061,9.842,0.13,0.07,-0.00
132.92,-0.089,-0.010,9.782,0.01,0.06,-0.04
132.94,0.010,-0.012,9.711,-0.06,0.03,0.09
132.96,0.020,-0.032,9.818,0.04,0.08,-0.13
132.98,0.059,0.044,9.725,-0.19,-0.07,-0.12
133.00,-0.082,-0.006,9.795,-0.00,0.03,-0.08
133.02,-0.062,0.007,9.834,-0.11,-0.08,-0.16
133.04,0.008,0.049,9.827,-0.11,0.05,0.01
133.06,0.010,-0.023,9.844,-0.05,0.25,0.25
133.08,-0.108,-0.040,9.846,0.00,-0.01,-0.06
133.10,0.001,-0.004,9.770,0.03,-0.07,0.17
133.12,0.013,0.051,9.760,-0.10,0.17,-0.07
133.14,0.018,-0.007,9.832,-0.02,-0.15,-0.03
133.16,-0.105,-0.015,9.795,-0.32,-0.01,0.04
133.18,0.061,-0.008,9.875,-0.06,-0.08,0.17
133.20,-0.090,-0.000,9.750,0.08,-0.06,-0.01
133.22,0.036,-0.039,9.742,-0.07,-0.04,0.07
133.24,0.121,0.003,9.808,-0.03,-0.15,0.04
133.26,-0.020,-0.030,9.758,-0.11,-0.16,-0.06
133.28,0.004,-0.071,9.801,0.08,0.05,0.17
133.30,-0.055,-0.080,9.750,0.04,0.06,0.09
133.32,-0.137,-0.027,9.853,0.12,0.00,0.00
133.34,-0.011,0.096,9.830,-0.17,-0.14,0.01
133.36,0.002,-0.020,9.886,-0.15,0.05,0.00
133.38,-0.040,-0.106,9.735,-0.08,0.14,0.00
133.40,-0.001,0.018,9.842,0.01,0.08,0.19
133.42,-0.063,-0.052,9.665,-0.14,-0.03,-0.09
133.44,0.031,0.036,9.842,0.02,0.10,0.08
133.46,-0.029,0.029,9.867,-0.10,-0.00,0.11
133.48,-0.120,0.032,9.835,-0.08,-0.10,-0.23
133.50,-0.000,-0.056,9.816,-0.07,0.00,0.03
133.52,-0.051,0.142,9.771,0.11,0.02,-0.14
133.54,-0.017,0.009,9.748,-0.03,0.08,-0.04
133.56,0.057,-0.074,9.759,-0.07,-0.16,0.02
133.58,-0.032,-0.060,9.726,0.12,0.09,-0.02
133.60,-0.066,0.053,9.825,0.24,-0.12,-0.04
133.62,-0.035,0.005,9.877,-0.01,0.08,0.09
133.64,-0.025,-0.020,9.770,-0.01,-0.03,0.03
133.66,-0.061,0.031,9.850,0.23,0.12,0.03
133.68,0.067,-0.024,9.823,-0.20,-0.18,0.09
133.70,0.027,0.003,9.816,-0.09,0.20,-0.08
133.72,0.007,0.025,9.833,-0.21,0.05,0.11
133.74,-0.106,0.005,9.870,-0.09,0.17,0.18
133.76,-0.010,-0.069,9.830,-0.10,0.01,-0.17
133.78,0.072,0.093,9.871,-0.06,-0.03,-0.04
133.80,-0.054,0.025,9.838,-0.02,0.05,-0.01
133.82,0.019,0.083,9.730,-0.07,0.12,-0.01
133.84,-0.095,0.020,9.760,0.06,-0.10,-0.08
133.86,0.040,-0.074,9.773,0.05,0.02,0.09
133.88,-0.033,0.016,9.817,0.02,-0.08,-0.08
133.90,0.013,-0.031,9.836,-0.04,-0.05,-0.04
133.92,-0.045,0.024,9.793,-0.07,-0.21,0.02
133.94,0.015,0.050,9.795,-0.12,0.01,0.00
133.96,0.046,0.033,9.850,-0.07,0.03,0.17
133.98,0.011,-0.016,9.831,0.15,-0.12,0.05
134.00,-0.031,0.041,9.853,-0.08,0.03,0.07
134.02,-0.074,-0.069,9.852,-0.08,-0.13,0.07
134.04,0.014,0.051,9.852,-0.23,-0.18,0.10
134.06,-0.005,-0.153,9.822,0.01,-0.04,-0.14
134.08,-0.073,-0.040,9.738,0.06,-0.13,0.03
134.10,0.021,-0.022,9.805,-0.00,-0.15,0.19
134.12,0.008,-0.037,9.789,0.01,-0.01,-0.08
134.14,-0.066,-0.029,9.841,-0.05,-0.06,-0.05
134.16,0.052,-0.003,9.787,-0.09,-0.06,-0.03
134.18,0.039,0.003,9.787,-0.13,0.14,-0.03
134.20,0.013,-0.041,9.771,0.06,0.06,0.01
134.22,-0.057,-0.043,9.804,0.11,0.08,-0.05
134.24,0.076,-0.146,9.805,0.07,-0.11,0.03
134.26,-0.005,0.008,9.733,-0.13,0.13,-0.11
134.28,-0.058,-0.048,9.727,-0.08,-0.05,0.07
134.30,0.036,-0.035,9.845,0.16,-0.14,-0.15
134.32,-0.064,0.010,9.799,-0.04,0.12,-0.12
134.34,-0.046,-0.067,9.860,0.11,0.06,0.03
134.36,-0.111,0.076,9.758,0.03,0.14,0.03
134.38,-0.004,-0.007,9.772,-0.15,0.03,-0.00
134.40,-0.012,0.092,9.758,0.11,-0.09,-0.02
134.42,0.090,-0.025,9.837,-0.14,-0.15,-0.05
134.44,0.001,0.035,9.818,-0.03,-0.12,0.11
134.46,0.009,0.023,9.818,0.13,0.02,-0.00
134.48,-0.005,0.079,9.824,0.13,-0.04,-0.02
134.50,-0.086,0.074,9.868,-0.03,-0.10,-0.08
134.52,-0.018,-0.029,9.785,-0.01,0.09,0.16
134.54,-0.035,-0.063,9.840,0.12,0.10,0.07
134.56,-0.016,-0.087,9.788,-0.10,0.03,0.11
134.58,0.007,0.020,9.829,0.21,0.04,-0.06
134.60,0.018,0.053,9.826,-0.01,-0.11,-0.01
134.62,-0.010,0.016,9.870,0.00,0.05,0.15
134.64,-0.060,0.029,9.834,0.07,-0.02,-0.13
134.66,-0.028,0.106,9.781,0.07,0.00,-0.04
134.68,-0.004,-0.042,9.897,-0.12,0.10,-0.08
134.70,-0.014,0.017,9.796,-0.08,0.12,0.09
134.72,-0.013,0.006,9.819,-0.22,-0.02,0.04
134.74,0.040,0.039,9.808,-0.13,-0.20,0.01
134.76,-0.026,-0.040,9.831,0.13,-0.04,0.12
134.78,-0.041,-0.019,9.794,0.03,0.10,-0.01
134.80,0.095,0.079,9.827,-0.02,0.13,0.09
134.82,-0.008,0.011,9.723,0.03,-0.11,-0.02
134.84,0.082,-0.025,9.654,0.12,-0.08,-0.11
134.86,-0.023,-0.001,9.851,0.09,0.09,0.07
134.88,-0.100,-0.105,9.754,-0.11,-0.13,0.15
134.90,-0.003,-0.021,9.885,0.03,-0.00,0.04
134.92,-0.010,-0.026,9.866,0.00,0.01,0.02
134.94,-0.010,-0.105,9.889,0.03,-0.08,-0.17
134.96,0.004,0.026,9.761,-0.03,-0.15,0.08
134.98,-0.051,0.034,9.822,0.04,0.01,-0.03
135.00,0.008,0.010,9.863,-0.11,-0.10,0.21
135.02,0.100,-0.052,9.809,0.02,0.06,0.12
135.04,0.016,-0.089,9.823,0.04,-0.02,0.08
135.06,-0.023,-0.037,9.871,-0.01,-0.04,0.01
135.08,0.008,0.044,9.785,0.20,-0.06,-0.13
135.10,-0.001,0.074,9.829,0.00,0.04,0.02
135.12,0.012,0.052,9.877,0.08,-0.04,-0.08
135.14,-0.006,0.021,9.803,0.01,0.05,0.04
135.16,0.058,-0.045,9.873,0.20,-0.11,-0.02
135.18,-0.104,0.037,9.763,-0.07,0.16,0.19
135.20,-0.047,-0.020,9.802,-0.10,-0.16,-0.04
135.22,-0.020,-0.121,9.901,0.04,-0.13,-0.02
135.24,-0.084,-0.047,9.827,0.17,-0.03,-0.00
135.26,0.018,0.019,9.780,0.13,0.05,0.01
135.28,0.059,-0.031,9.869,0.15,0.02,-0.07
135.30,0.014,0.008,9.846,0.01,-0.19,-0.09
135.32,-0.076,-0.030,9.717,-0.03,-0.03,-0.11
135.34,0.043,0.035,9.769,0.07,-0.17,0.01
135.36,0.035,0.011,9.852,0.03,-0.14,-0.12
135.38,-0.021,0.053,9.876,0.09,0.12,-0.08
135.40,0.005,0.004,9.820,0.18,0.08,-0.13
135.42,0.018,-0.066,9.851,0.09,-0.05,0.05
135.44,0.074,-0.011,9.920,-0.04,-0.20,-0.03
135.46,0.034,0.049,9.807,0.17,-0.11,0.12
135.48,0.014,-0.049,9.885,0.08,-0.07,0.14
135.50,-0.005,-0.071,9.882,0.03,0.05,0.10
135.52,-0.079,-0.010,9.788,0.25,-0.05,0.18
135.54,0.026,0.091,9.791,-0.01,-0.09,0.02
135.56,0.048,-0.013,9.714,0.05,0.08,-0.10
135.58,-0.046,0.023,9.755,0.09,0.16,0.08
135.60,0.089,-0.069,9.695,0.10,0.07,0.14
135.62,0.051,-0.087,9.832,-0.10,-0.03,0.11
135.64,0.026,0.089,9.826,-0.02,0.04,0.04
135.66,-0.003,0.043,9.950,-0.02,0.01,-0.06
135.68,0.047,-0.018,9.850,-0.01,0.02,0.06
135.70,0.094,-0.024,9.852,-0.01,0.06,-0.14
135.72,-0.001,-0.058,9.807,-0.11,-0.07,-0.05
135.74,-0.030,-0.047,9.790,-0.03,-0.07,-0.04
135.76,-0.011,-0.029,9.899,0.01,0.10,-0.03
135.78,-0.005,-0.038,9.864,0.07,-0.08,-0.25
135.80,0.093,-0.012,9.841,0.08,0.17,0.17
135.82,0.099,0.004,9.806,-0.06,-0.05,0.11
135.84,0.149,0.037,9.791,-0.01,0.07,0.07
135.86,0.179,0.064,9.790,-0.03,0.02,-0.10
135.88,0.102,-0.036,9.795,0.03,-0.05,-0.03
135.90,0.085,-0.025,9.851,-0.12,-0.06,0.06
135.92,0.088,-0.030,9.787,-0.01,0.08,0.06
135.94,0.313,-0.032,9.756,0.07,0.03,-0.12
135.96,0.307,0.018,9.789,-0.12,-0.09,-0.09
135.98,0.277,0.008,9.833,0.06,0.08,-0.11
136.00,0.321,0.009,9.850,0.16,-0.15,0.19
136.02,0.311,-0.030,9.829,0.18,0.08,-0.31
136.04,0.373,0.084,9.850,0.12,-0.01,0.03
136.06,0.481,0.051,9.787,0.04,-0.09,-0.07
136.08,0.447,-0.070,9.816,0.11,-0.17,-0.04
136.10,0.452,-0.061,9.788,0.12,-0.01,0.06
136.12,0.466,-0.026,9.755,-0.07,0.09,0.01
136.14,0.482,0.031,9.884,-0.02,0.00,-0.12
136.16,0.457,0.027,9.851,0.05,-0.05,-0.04
136.18,0.547,0.080,9.697,0.05,0.02,0.01
136.20,0.593,-0.058,9.753,-0.01,0.01,-0.06
136.22,0.603,-0.046,9.851,-0.14,-0.07,0.07
136.24,0.553,-0.058,9.836,-0.16,-0.10,-0.02
136.26,0.697,0.039,9.829,0.06,0.02,0.10
136.28,0.666,-0.065,9.796,0.06,-0.21,0.08
136.30,0.700,0.090,9.803,-0.08,-0.15,0.13
136.32,0.620,0.028,9.857,-0.06,-0.15,0.06
136.34,0.711,0.018,9.823,-0.06,-0.06,0.19
136.36,0.523,0.036,9.877,0.01,0.10,-0.03
136.38,0.616,-0.077,9.910,0.07,0.07,-0.00
136.40,0.607,0.032,9.746,-0.06,-0.08,-0.13
136.42,0.610,0.073,9.847,0.07,0.18,-0.17
136.44,0.632,-0.091,9.770,0.09,-0.16,0.03
136.46,0.585,0.034,9.782,-0.26,-0.05,0.26
136.48,0.624,0.048,9.815,0.11,-0.02,0.22
136.50,0.630,0.062,9.798,0.11,0.30,0.04
136.52,0.662,-0.018,9.852,0.05,0.04,0.03
136.54,0.637,-0.025,9.749,0.03,-0.22,-0.10
136.56,0.592,-0.060,9.701,0.09,0.15,0.04
136.58,0.663,0.017,9.823,0.07,-0.04,-0.10
136.60,0.611,-0.081,9.788,-0.10,-0.14,-0.10
136.62,0.583,-0.034,9.779,0.11,0.01,0.16
136.64,0.600,0.054,9.859,-0.12,0.08,0.07
136.66,0.538,0.008,9.989,0.08,0.02,-0.04
136.68,0.615,-0.048,9.821,0.02,0.10,0.14
136.70,0.638,-0.077,9.886,0.06,0.18,-0.13
136.72,0.544,-0.066,9.889,0.10,-0.12,-0.19
136.74,0.583,-0.075,9.808,0.21,-0.02,-0.13
136.76,0.653,0.029,9.822,0.03,-0.03,0.11
136.78,0.613,0.028,9.784,0.07,0.03,0.00
136.80,0.586,0.061,9.738,0.01,-0.09,0.08
136.82,0.682,-0.008,9.749,-0.02,-0.01,0.15
136.84,0.717,-0.014,9.872,-0.03,-0.06,-0.07
136.86,0.703,0.024,9.807,0.06,-0.17,-0.08
136.88,0.660,0.027,9.767,-0.10,-0.03,-0.12
136.90,0.549,0.009,9.808,0.01,-0.04,0.18
136.92,0.639,-0.046,9.807,0.11,-0.00,0.26
136.94,0.494,0.033,9.757,-0.13,0.16,-0.03
136.96,0.637,-0.126,9.890,-0.14,-0.07,0.13
136.98,0.600,-0.083,9.771,-0.18,0.19,-0.22
137.00,0.731,0.017,9.791,-0.10,-0.15,-0.11
137.02,0.552,0.011,9.713,0.07,-0.07,0.06
137.04,0.636,0.028,9.890,0.02,0.10,0.03
137.06,0.626,-0.005,9.807,-0.05,-0.09,0.08
137.08,0.596,-0.016,9.778,-0.00,-0.07,0.09
137.10,0.709,-0.049,9.731,0.02,0.05,-0.03
137.12,0.651,-0.024,9.801,0.03,-0.02,0.01
137.14,0.662,0.046,9.796,0.18,-0.08,-0.10
137.16,0.616,-0.013,9.763,0.19,-0.07,-0.20
137.18,0.646,-0.071,9.788,0.03,0.07,-0.07
137.20,0.601,0.031,9.781,0.05,0.13,0.13
137.22,0.653,0.006,9.859,0.06,-0.02,-0.05
137.24,0.591,-0.031,9.852,0.10,0.10,0.01
137.26,0.603,-0.035,9.857,0.08,-0.09,0.13
137.28,0.647,-0.044,9.876,0.03,0.14,0.13
137.30,0.694,0.005,9.810,0.06,-0.05,0.01
137.32,0.592,-0.046,9.752,-0.05,-0.17,0.16
137.34,0.594,0.008,9.783,-0.11,-0.11,-0.06
137.36,0.601,0.056,9.842,-0.00,-0.01,0.11
137.38,0.643,-0.034,9.814,0.12,-0.10,0.08
137.40,0.521,-0.107,9.815,-0.05,0.07,-0.07
137.42,0.532,0.090,9.806,0.02,0.12,0.13
137.44,0.539,0.060,9.833,-0.12,0.09,-0.07
137.46,0.602,-0.019,9.772,-0.00,-0.03,-0.03
137.48,0.714,-0.038,9.877,-0.25,0.15,-0.05
137.50,0.535,-0.022,9.773,0.03,-0.11,0.01
137.52,0.488,-0.093,9.719,-0.07,0.20,0.17
137.54,0.696,0.022,9.770,-0.03,-0.09,0.10
137.56,0.619,0.053,9.834,-0.09,-0.03,-0.03
137.58,0.697,-0.054,9.789,0.03,-0.07,0.03
137.60,0.580,-0.051,9.802,-0.15,-0.09,0.06
137.62,0.608,-0.079,9.746,-0.11,0.11,-0.01
137.64,0.604,-0.036,9.858,0.03,0.04,0.05
137.66,0.605,-0.006,9.788,0.13,0.03,0.06
137.68,0.601,0.057,9.786,0.00,0.05,-0.03
137.70,0.688,-0.063,9.759,-0.09,0.10,0.01
137.72,0.605,-0.039,9.729,-0.08,0.05,0.16
137.74,0.575,-0.050,9.820,-0.01,-0.04,-0.01
137.76,0.642,-0.032,9.844,0.03,-0.04,0.10
137.78,0.633,0.077,9.803,0.03,-0.03,0.07
137.80,0.659,-0.030,9.747,-0.00,0.06,-0.14
137.82,0.669,-0.011,9.755,0.01,-0.14,0.09
137.84,0.627,-0.016,9.802,-0.12,0.06,0.14
137.86,0.556,-0.065,9.813,-0.00,0.00,-0.11
137.88,0.598,-0.037,9.876,0.11,-0.00,-0.20
137.90,0.491,-0.049,9.830,0.11,-0.14,0.03
137.92,0.599,-0.003,9.886,0.14,-0.08,-0.10
137.94,0.590,0.001,9.800,0.14,-0.06,0.04
137.96,0.656,0.034,9.814,0.05,0.10,0.10
137.98,0.694,0.054,9.836,0.03,0.07,0.07
138.00,0.663,-0.006,9.869,0.25,-0.05,0.09
138.02,0.641,0.087,9.848,0.04,-0.06,0.12
138.04,0.705,-0.047,9.872,0.07,0.08,-0.22
138.06,0.647,-0.036,9.800,-0.16,-0.12,-0.00
138.08,0.600,0.024,9.881,0.16,-0.06,0.13
138.10,0.640,0.034,9.836,-0.01,-0.11,-0.04
138.12,0.529,-0.047,9.778,0.09,0.06,0.02
138.14,0.690,-0.070,9.693,0.12,0.10,0.02
138.16,0.626,-0.053,9.906,-0.11,0.13,0.01
138.18,0.647,-0.024,9.667,0.13,0.07,-0.02
138.20,0.683,0.090,9.797,-0.25,-0.18,-0.10
138.22,0.621,0.044,9.820,-0.09,0.01,0.08
138.24,0.669,-0.006,9.883,-0.09,-0.10,-0.07
138.26,0.677,0.044,9.714,0.07,-0.12,-0.06
138.28,0.536,0.002,9.738,0.02,0.15,-0.05
138.30,0.633,-0.130,9.787,0.07,0.22,0.02
138.32,0.669,0.092,9.839,0.09,0.08,-0.05
138.34,0.553,-0.012,9.766,0.07,-0.08,0.16
138.36,0.603,0.044,9.774,-0.15,-0.07,-0.07
138.38,0.676,0.064,9.837,-0.03,0.07,-0.01
138.40,0.580,-0.025,9.723,0.00,0.00,-0.07
138.42,0.667,0.021,9.774,-0.00,-0.18,0.10
138.44,0.654,0.031,9.884,-0.00,-0.16,-0.01
138.46,0.627,-0.047,9.884,-0.07,-0.15,-0.06
138.48,0.616,0.007,9.735,0.09,0.12,0.02
138.50,0.501,-0.052,9.846,-0.15,0.07,0.06
138.52,0.617,0.039,9.756,0.20,0.09,0.05
138.54,0.627,0.050,9.777,0.03,-0.16,-0.05
138.56,0.607,0.052,9.791,-0.04,-0.12,-0.06
138.58,0.687,0.013,9.832,-0.10,0.14,0.02
138.60,0.631,0.029,9.792,0.01,0.16,-0.07
138.62,0.546,0.009,9.817,-0.14,0.05,0.01
138.64,0.585,-0.046,9.687,0.03,0.15,-0.05
138.66,0.628,-0.011,9.788,-0.01,0.03,-0.07
138.68,0.584,-0.038,9.850,-0.13,0.10,-0.09
138.70,0.572,-0.022,9.829,-0.07,0.04,-0.17
138.72,0.742,0.065,9.735,0.13,0.03,-0.08
138.74,0.523,-0.016,9.682,0.05,-0.25,0.00
138.76,0.601,-0.011,9.912,0.07,-0.04,-0.08
138.78,0.624,-0.020,9.838,0.03,-0.26,-0.02
138.80,0.714,0.014,9.719,0.00,0.13,0.07
138.82,0.649,0.093,9.853,0.15,-0.19,0.17
138.84,0.602,-0.010,9.778,0.17,0.03,0.01
138.86,0.614,-0.024,9.841,0.01,0.03,-0.03
138.88,0.603,-0.016,9.766,-0.16,-0.07,0.11
138.90,0.592,0.009,9.788,-0.03,-0.07,0.02
138.92,0.548,0.081,9.781,-0.12,0.05,-0.08
138.94,0.627,-0.001,9.790,-0.12,-0.02,-0.01
138.96,0.547,-0.065,9.782,-0.02,-0.10,-0.09
138.98,0.595,-0.009,9.751,-0.12,0.03,0.12
139.00,0.675,-0.049,9.756,-0.14,0.06,-0.06
139.02,0.586,0.051,9.827,0.07,0.04,0.01
139.04,0.772,0.082,9.893,0.00,-0.03,-0.01
139.06,0.730,0.016,9.792,0.05,0.07,0.05
139.08,0.607,0.063,9.823,0.15,-0.06,-0.01
139.10,0.725,0.044,9.869,0.28,-0.03,0.02
139.12,0.577,-0.030,9.819,-0.09,0.01,0.02
139.14,0.660,0.024,9.761,-0.09,0.04,-0.02
139.16,0.617,-0.081,9.746,0.00,-0.09,0.04
139.18,0.628,-0.015,9.769,-0.03,0.22,-0.02
139.20,0.487,0.013,9.856,-0.06,0.09,0.08
139.22,0.645,0.051,9.891,-0.01,0.04,0.04
139.24,0.559,0.020,9.764,-0.09,-0.25,-0.07
139.26,0.582,0.037,9.813,-0.16,-0.12,0.11
139.28,0.697,-0.074,9.800,-0.03,-0.08,-0.06
139.30,0.597,-0.055,9.840,-0.07,0.10,-0.19
139.32,0.581,-0.021,9.800,-0.00,0.11,0.05
139.34,0.648,-0.008,9.846,0.11,-0.00,-0.04
139.36,0.555,0.005,9.960,0.03,0.08,0.01
139.38,0.616,-0.053,9.774,-0.12,0.03,-0.01
139.40,0.648,0.057,9.785,0.23,-0.10,0.04
139.42,0.626,-0.034,9.791,-0.17,0.02,-0.12
139.44,0.620,-0.032,9.854,-0.25,-0.04,-0.07
139.46,0.685,-0.007,9.806,-0.04,-0.08,0.20
139.48,0.686,-0.011,9.850,0.20,-0.08,0.01
139.50,0.566,-0.057,9.761,-0.06,-0.14,-0.14
139.52,0.642,-0.066,9.791,0.05,0.16,0.08
139.54,0.641,0.035,9.853,-0.06,0.01,0.12
139.56,0.581,0.003,9.807,0.00,-0.17,-0.07
139.58,0.709,0.048,9.822,-0.00,0.06,-0.05
139.60,0.571,-0.128,9.760,-0.00,-0.08,-0.16
139.62,0.608,-0.013,9.794,-0.01,0.15,0.02
139.64,0.651,-0.027,9.813,-0.00,0.03,0.07
139.66,0.659,-0.071,9.838,-0.01,0.04,-0.08
139.68,0.605,-0.022,9.830,0.01,-0.01,0.08
139.70,0.638,-0.045,9.793,-0.00,-0.10,-0.05
139.72,0.585,0.019,9.834,-0.05,0.02,-0.26
139.74,0.599,-0.030,9.810,-0.10,-0.02,0.13
139.76,0.693,0.104,9.758,0.06,-0.05,-0.10
139.78,0.561,0.013,9.806,0.09,-0.03,0.09
139.80,0.597,-0.005,9.883,0.09,0.08,-0.10
139.82,0.598,0.027,9.781,0.09,0.04,-0.00
139.84,0.582,0.144,9.818,0.13,-0.11,0.02
139.86,0.646,-0.008,9.764,0.02,-0.09,-0.15
139.88,0.595,0.038,9.742,-0.01,-0.11,0.06
139.90,0.689,-0.001,9.779,-0.08,0.02,0.01
139.92,0.654,0.042,9.806,0.13,0.03,-0.02
139.94,0.691,0.000,9.814,0.02,0.25,-0.07
139.96,0.582,-0.073,9.879,-0.02,0.07,-0.11
139.98,0.651,0.006,9.753,-0.00,0.00,-0.05
140.00,0.623,0.036,9.835,0.23,0.02,-0.07
140.02,0.610,0.079,9.721,0.00,0.09,0.18
140.04,0.588,0.033,9.873,0.03,0.02,0.18
140.06,0.571,0.026,9.752,0.14,-0.06,0.01
140.08,0.528,0.038,9.824,0.09,0.06,0.03
140.10,0.606,0.075,9.827,0.10,0.12,-0.00
140.12,0.630,0.003,9.766,-0.12,0.04,0.14
140.14,0.634,-0.011,9.737,-0.09,-0.09,-0.01
140.16,0.599,-0.018,9.783,-0.18,0.06,-0.17
140.18,0.605,-0.084,9.769,-0.12,0.21,-0.17
140.20,0.709,-0.009,9.879,-0.07,0.02,0.17
140.22,0.552,-0.020,9.775,0.04,-0.03,-0.09
140.24,0.634,-0.047,9.803,-0.11,0.04,0.03
140.26,0.538,0.033,9.761,-0.06,0.08,0.17
140.28,0.546,-0.098,9.818,-0.00,0.04,0.02
140.30,0.596,-0.062,9.817,0.16,-0.09,0.00
140.32,0.613,0.046,9.825,-0.02,-0.07,0.17
140.34,0.696,0.107,9.731,-0.03,-0.10,-0.01
140.36,0.615,0.086,9.832,0.07,-0.00,0.04
140.38,0.652,-0.040,9.864,0.01,-0.14,0.21
140.40,0.653,-0.078,9.721,-0.07,-0.07,-0.04
140.42,0.634,0.059,9.752,-0.03,-0.01,0.01
140.44,0.556,0.082,9.779,0.08,-0.02,-0.01
140.46,0.753,-0.021,9.824,-0.11,-0.01,-0.03
140.48,0.610,0.016,9.869,0.05,0.02,-0.03
140.50,0.593,-0.002,9.811,0.09,-0.00,0.09
140.52,0.548,-0.002,9.834,0.06,0.01,0.04
140.54,0.563,-0.028,9.838,0.05,0.13,-0.15
140.56,0.648,0.000,9.780,0.10,0.07,0.13
140.58,0.581,-0.036,9.816,-0.09,-0.14,0.16
140.60,0.588,0.029,9.785,0.04,-0.01,-0.10
140.62,0.556,0.043,9.919,0.05,0.08,0.01
140.64,0.710,-0.027,9.810,-0.08,-0.05,0.09
140.66,0.590,0.080,9.739,-0.31,-0.03,0.02
140.68,0.672,0.060,9.826,-0.01,0.01,-0.07
140.70,0.572,-0.006,9.757,0.09,0.09,0.01
140.72,0.641,0.014,9.730,0.01,0.01,0.02
140.74,0.610,-0.003,9.717,0.06,-0.04,-0.03
140.76,0.611,0.005,9.841,-0.14,-0.20,-0.00
140.78,0.598,-0.046,9.830,-0.08,0.12,-0.02
140.80,0.573,0.023,9.768,0.14,0.01,0.02
140.82,0.737,0.018,9.746,0.02,-0.15,0.01
140.84,0.682,0.069,9.831,-0.06,0.15,-0.00
140.86,0.659,0.039,9.803,0.15,-0.04,0.07
140.88,0.717,0.017,9.822,-0.15,0.02,-0.09
140.90,0.559,-0.042,9.765,0.23,0.04,0.10
140.92,0.599,0.066,9.742,0.03,0.03,-0.03
140.94,0.657,0.059,9.808,0.08,0.10,0.06
140.96,0.579,-0.097,9.796,-0.08,-0.11,-0.03
140.98,0.628,-0.012,9.833,-0.08,0.04,-0.13
141.00,0.684,-0.056,9.782,-0.12,-0.07,0.15
141.02,0.668,0.047,9.855,0.13,-0.11,-0.09
141.04,0.669,-0.045,9.809,-0.09,-0.20,-0.01
141.06,0.661,0.014,9.860,-0.03,0.03,-0.07
141.08,0.667,0.059,9.812,-0.01,0.06,-0.06
141.10,0.588,0.044,9.743,-0.10,-0.24,-0.07
141.12,0.609,-0.018,9.924,0.00,0.15,-0.08
141.14,0.651,0.023,9.804,-0.22,0.15,-0.10
141.16,0.593,0.005,9.729,-0.02,0.11,0.00
141.18,0.651,-0.025,9.821,-0.05,0.13,-0.11
141.20,0.698,0.005,9.794,0.13,-0.14,-0.10
141.22,0.653,-0.025,9.780,-0.09,-0.10,0.07
141.24,0.568,-0.033,9.891,0.01,0.05,-0.12
141.26,0.665,-0.031,9.854,0.09,0.11,0.14
141.28,0.645,-0.083,9.822,0.04,-0.08,0.00
141.30,0.697,0.009,9.797,-0.02,-0.10,0.14
141.32,0.617,-0.006,9.777,0.07,0.11,0.16
141.34,0.627,0.062,9.748,0.17,-0.18,-0.04
141.36,0.572,0.079,9.837,0.03,0.23,-0.01
141.38,0.584,-0.095,9.683,0.06,-0.14,0.01
141.40,0.567,0.013,9.884,-0.02,0.00,-0.11
141.42,0.615,-0.004,9.903,0.04,-0.08,0.09
141.44,0.624,0.007,9.765,-0.30,0.06,0.07
141.46,0.587,-0.068,9.736,0.01,-0.19,0.12
141.48,0.679,-0.005,9.813,-0.02,0.01,-0.05
141.50,0.513,0.018,9.871,-0.02,-0.18,0.03
141.52,0.628,0.034,9.840,-0.04,0.02,-0.09
141.54,0.560,-0.059,9.795,-0.02,0.06,0.11
141.56,0.629,0.010,9.774,-0.09,0.21,-0.03
141.58,0.566,0.010,9.880,-0.09,-0.16,0.09
141.60,0.682,0.038,9.767,-0.02,0.12,0.08
141.62,0.580,-0.006,9.770,-0.14,0.00,0.04
141.64,0.673,-0.000,9.892,0.00,0.09,0.04
141.66,0.658,-0.052,9.737,-0.06,0.06,-0.15
141.68,0.667,0.034,9.704,0.13,0.03,0.19
141.70,0.665,-0.002,9.873,0.05,0.07,-0.34
141.72,0.667,-0.033,9.862,0.15,-0.01,-0.02
141.74,0.698,-0.023,9.832,-0.04,-0.18,-0.05
141.76,0.583,-0.017,9.839,0.01,0.05,-0.06
141.78,0.614,0.081,9.818,-0.02,0.07,0.00
141.80,0.688,-0.051,9.916,-0.18,0.04,-0.13
141.82,0.612,0.100,9.784,-0.01,0.02,-0.04
141.84,0.687,-0.049,9.939,0.16,0.12,-0.02
141.86,0.651,0.049,9.864,0.04,0.07,-0.08
141.88,0.668,-0.074,9.797,-0.09,-0.09,0.11
141.90,0.675,-0.054,9.863,0.07,-0.10,0.05
141.92,0.647,-0.047,9.823,0.20,-0.09,-0.03
141.94,0.596,0.021,9.841,0.29,0.06,0.03
141.96,0.534,-0.104,9.725,-0.05,-0.02,-0.12
141.98,0.610,-0.029,9.820,0.07,-0.16,-0.06
142.00,0.551,0.047,9.793,-0.03,-0.07,0.12
142.02,0.597,0.067,9.806,-0.15,0.20,0.17
142.04,0.639,-0.080,9.958,-0.06,0.09,-0.01
142.06,0.584,0.030,9.783,0.06,-0.01,-0.05
142.08,0.624,-0.015,9.910,0.06,-0.10,0.12
142.10,0.631,-0.076,9.757,-0.18,-0.04,-0.02
142.12,0.704,-0.033,9.757,-0.00,0.09,0.16
142.14,0.643,0.025,9.801,0.07,0.11,-0.10
142.16,0.583,0.047,9.830,-0.18,0.04,-0.09
142.18,0.626,0.008,9.772,-0.15,-0.11,0.02
142.20,0.637,-0.064,9.816,0.03,0.10,0.05
142.22,0.627,0.051,9.820,-0.07,-0.03,0.16
142.24,0.535,0.028,9.844,0.15,0.07,0.01
142.26,0.637,-0.056,9.786,0.05,0.03,-0.09
142.28,0.623,-0.016,9.823,-0.06,0.19,0.09
142.30,0.560,0.010,9.779,0.01,-0.01,0.10
142.32,0.623,-0.016,9.892,0.12,0.19,-0.10
142.34,0.652,-0.126,9.816,-0.09,0.05,-0.02
142.36,0.585,-0.029,9.789,-0.17,0.11,0.08
142.38,0.646,-0.052,9.844,0.03,0.02,-0.08
142.40,0.625,0.048,9.815,0.05,0.08,0.08
142.42,0.649,0.013,9.911,-0.11,0.06,0.28
142.44,0.650,0.031,9.796,-0.13,0.06,-0.04
142.46,0.644,0.037,9.766,-0.13,0.05,0.05
142.48,0.657,0.026,9.821,0.11,-0.14,0.10
142.50,0.653,-0.009,9.831,-0.07,0.09,-0.21
142.52,0.650,0.014,9.733,-0.10,-0.16,-0.03
142.54,0.611,-0.083,9.797,0.05,-0.08,-0.05
142.56,0.504,0.120,9.846,0.01,-0.12,-0.03
142.58,0.753,-0.005,9.847,0.07,-0.01,0.16
142.60,0.560,-0.026,9.890,0.00,0.17,-0.00
142.62,0.688,-0.014,9.846,-0.05,0.08,-0.10
142.64,0.666,0.037,9.865,0.08,-0.01,0.08
142.66,0.605,0.036,9.744,-0.07,0.08,-0.09
142.68,0.548,-0.020,9.831,0.09,-0.02,0.09
142.70,0.733,0.095,9.804,-0.04,-0.03,0.01
142.72,0.588,0.027,9.880,-0.01,0.02,0.05
142.74,0.613,0.047,9.810,-0.21,0.11,-0.03
142.76,0.629,0.005,9.807,0.12,-0.07,0.03
142.78,0.607,-0.024,9.773,-0.13,-0.04,0.05
142.80,0.600,0.057,9.760,-0.07,0.03,0.19
142.82,0.672,-0.052,9.856,-0.10,0.09,-0.05
142.84,0.647,-0.067,9.825,0.00,-0.07,-0.04
142.86,0.661,-0.020,9.676,0.12,0.18,-0.05
142.88,0.670,0.032,9.888,0.04,-0.07,-0.06
142.90,0.625,-0.052,9.798,-0.10,0.02,0.14
142.92,0.597,0.092,9.795,-0.07,0.05,0.01
142.94,0.659,0.006,9.713,-0.06,0.15,-0.06
142.96,0.571,0.055,9.605,-0.17,-0.01,0.11
142.98,0.666,-0.057,9.769,-0.04,-0.03,-0.05
143.00,0.545,-0.063,9.815,-0.11,-0.15,-0.25
143.02,0.651,0.006,9.785,0.12,-0.04,0.21
143.04,0.577,0.010,9.746,0.05,0.03,-0.06
143.06,0.604,-0.026,9.801,-0.05,-0.03,0.07
143.08,0.661,0.031,9.762,-0.16,-0.01,-0.28
143.10,0.628,-0.020,9.819,-0.02,0.03,0.05
143.12,0.481,-0.054,9.799,0.08,-0.02,0.01
143.14,0.702,0.001,9.776,0.04,-0.05,-0.00
143.16,0.652,0.060,9.863,-0.02,0.06,-0.15
143.18,0.736,-0.047,9.920,0.12,-0.18,0.06
143.20,0.582,-0.000,9.680,-0.04,0.15,0.11
143.22,0.603,-0.012,9.734,-0.00,0.22,-0.10
143.24,0.666,0.093,9.770,0.25,0.04,0.24
143.26,0.735,0.041,9.865,-0.06,0.10,-0.07
143.28,0.626,-0.002,9.874,0.13,0.11,-0.01
143.30,0.575,-0.004,9.872,-0.05,-0.01,0.11
143.32,0.513,-0.060,9.828,-0.08,-0.08,0.07
143.34,0.645,-0.076,9.797,-0.01,-0.15,0.07
143.36,0.574,-0.028,9.870,0.06,0.13,-0.07
143.38,0.645,0.019,9.871,-0.02,0.08,-0.07
143.40,0.609,0.080,9.756,-0.05,0.04,-0.07
143.42,0.692,0.013,9.844,0.14,0.10,-0.08
143.44,0.663,0.010,9.773,-0.17,0.22,0.15
143.46,0.693,-0.003,9.857,0.18,0.09,0.12
143.48,0.689,-0.005,9.779,0.07,0.05,-0.00
143.50,0.650,0.018,9.823,0.06,-0.03,0.10
143.52,0.606,-0.150,9.814,0.10,-0.13,-0.02
143.54,0.613,-0.041,9.847,-0.06,0.06,0.07
143.56,0.672,0.002,9.792,-0.03,-0.17,0.12
143.58,0.567,0.034,9.878,-0.36,0.10,-0.10
143.60,0.682,-0.034,9.875,0.08,-0.09,-0.05
143.62,0.647,0.051,9.789,0.07,0.14,-0.14
143.64,0.609,0.100,9.728,-0.07,-0.17,0.04
143.66,0.642,-0.027,9.733,0.18,-0.08,0.06
143.68,0.633,0.001,9.810,-0.14,0.09,0.05
143.70,0.649,-0.018,9.811,0.04,-0.01,0.07
143.72,0.611,0.028,9.804,-0.17,-0.18,0.07
143.74,0.638,-0.003,9.863,-0.02,-0.01,0.05
143.76,0.612,-0.020,9.799,-0.18,0.03,-0.02
143.78,0.701,0.051,9.769,-0.06,-0.05,-0.01
143.80,0.579,-0.069,9.770,0.03,-0.05,-0.03
143.82,0.564,-0.128,9.831,0.06,0.12,-0.06
143.84,0.554,-0.089,9.824,0.02,0.07,0.28
143.86,0.675,0.054,9.862,0.21,-0.06,0.02
143.88,0.688,-0.027,9.782,0.34,-0.03,-0.21
143.90,0.673,-0.078,9.818,0.14,0.22,-0.08
143.92,0.691,0.061,9.711,-0.10,-0.00,0.05
143.94,0.601,0.051,9.784,0.08,-0.05,0.03
143.96,0.687,0.045,9.766,0.14,0.13,-0.19
143.98,0.549,0.027,9.882,0.07,0.10,0.04
144.00,0.625,-0.075,9.821,0.10,-0.05,0.00
144.02,0.619,-0.071,9.910,-0.03,-0.10,-0.09
144.04,0.616,-0.015,9.797,0.02,0.00,0.01
144.06,0.637,-0.018,9.859,-0.03,-0.25,0.04
144.08,0.558,0.063,9.876,-0.06,-0.18,0.01
144.10,0.631,0.024,9.911,-0.07,-0.14,0.04
144.12,0.698,-0.008,9.746,0.01,0.11,0.25
144.14,0.679,0.059,9.874,0.11,-0.06,-0.02
144.16,0.706,-0.076,9.809,0.04,-0.28,0.11
144.18,0.649,0.027,9.766,-0.12,-0.06,-0.10
144.20,0.669,0.001,9.793,-0.06,0.05,0.08
144.22,0.702,-0.007,9.803,0.06,-0.10,0.09
144.24,0.599,0.077,9.779,0.05,0.21,-0.14
144.26,0.626,-0.079,9.830,0.22,0.11,-0.02
144.28,0.650,0.033,9.860,0.00,-0.28,0.17
144.30,0.630,-0.004,9.802,-0.08,-0.09,0.00
144.32,0.576,-0.019,9.828,-0.04,0.14,-0.10
144.34,0.650,0.008,9.837,-0.05,-0.16,0.02
144.36,0.740,-0.094,9.875,-0.17,0.04,0.23
144.38,0.598,-0.062,9.756,0.05,-0.01,-0.13
144.40,0.610,-0.006,9.773,0.31,0.10,-0.15
144.42,0.661,0.006,9.831,0.05,-0.06,-0.02
144.44,0.639,-0.001,9.868,-0.15,0.37,0.06
144.46,0.672,-0.021,9.825,0.08,-0.03,0.15
144.48,0.635,0.044,9.754,-0.12,-0.03,-0.01
144.50,0.678,0.031,9.797,-0.10,-0.07,0.01
144.52,0.580,0.020,9.777,0.14,0.11,-0.03
144.54,0.613,0.022,9.755,0.05,0.07,-0.10
144.56,0.654,-0.005,9.832,0.05,0.03,-0.17
144.58,0.650,0.094,9.779,0.03,0.12,0.11
144.60,0.599,0.008,9.867,0.04,-0.07,0.11
144.62,0.554,0.050,9.910,0.02,0.03,-0.12
144.64,0.577,-0.018,9.821,0.14,0.01,-0.06
144.66,0.647,0.005,9.793,-0.14,-0.10,-0.10
144.68,0.592,-0.081,9.886,0.07,-0.00,-0.05
144.70,0.676,-0.029,9.762,-0.03,0.02,-0.02
144.72,0.642,-0.027,9.786,0.14,0.18,0.04
144.74,0.628,-0.101,9.736,-0.01,0.03,0.10
144.76,0.530,0.042,9.746,-0.03,-0.06,-0.02
144.78,0.591,-0.004,9.844,-0.05,0.01,0.11
144.80,0.611,-0.072,9.877,0.13,0.06,-0.04
144.82,0.634,0.066,9.826,-0.12,0.04,0.01
144.84,0.651,0.024,9.806,0.02,0.17,0.09
144.86,0.641,0.069,9.918,0.01,0.09,-0.18
144.88,0.626,-0.070,9.801,0.08,-0.10,-0.09
144.90,0.702,0.044,9.769,-0.05,-0.17,0.07
144.92,0.656,-0.045,9.779,0.02,-0.03,0.06
144.94,0.655,-0.008,9.856,-0.01,0.07,0.11
144.96,0.518,0.013,9.850,-0.02,0.07,-0.09
144.98,0.677,0.048,9.842,0.11,0.02,-0.10
145.00,0.599,0.077,9.787,0.19,0.02,-0.01
145.02,0.611,-0.015,9.738,-0.02,-0.12,0.11
145.04,0.590,0.073,9.798,0.01,-0.05,0.01
145.06,0.683,-0.007,9.846,0.09,0.12,-0.04
145.08,0.719,0.112,9.860,-0.06,-0.03,0.17
145.10,0.511,0.023,9.818,-0.01,-0.05,0.03
145.12,0.584,0.115,9.778,-0.02,0.17,0.13
145.14,0.694,0.028,9.775,0.15,0.04,0.07
145.16,0.579,-0.063,9.877,-0.03,-0.07,-0.06
145.18,0.614,-0.065,9.799,-0.05,-0.04,-0.14
145.20,0.704,-0.083,9.813,0.23,0.06,0.00
145.22,0.660,-0.041,9.785,-0.09,0.13,0.10
145.24,0.634,0.043,9.847,0.14,0.11,-0.10
145.26,0.585,-0.007,9.772,-0.04,-0.04,-0.06
145.28,0.612,-0.066,9.856,0.06,-0.01,0.03
145.30,0.612,-0.004,9.857,0.11,0.11,0.13
145.32,0.666,0.061,9.909,-0.05,-0.04,0.11
145.34,0.582,0.024,9.792,-0.11,-0.03,-0.03
145.36,0.551,-0.016,9.875,-0.02,0.12,0.07
145.38,0.649,-0.028,9.866,-0.02,0.06,-0.08
145.40,0.619,0.029,9.834,0.03,0.00,0.01
145.42,0.650,0.100,9.857,0.04,-0.02,-0.12
145.44,0.648,0.006,9.800,-0.05,-0.02,0.07
145.46,0.620,-0.040,9.873,-0.02,0.23,-0.08
145.48,0.570,-0.011,9.821,0.01,-0.17,0.09
145.50,0.655,-0.067,9.871,0.04,-0.13,0.07
145.52,0.596,-0.047,9.758,0.16,-0.16,-0.00
145.54,0.616,-0.046,9.870,-0.02,-0.06,-0.08
145.56,0.756,-0.024,9.745,0.07,0.10,-0.09
145.58,0.615,0.084,9.775,-0.13,0.03,0.09
145.60,0.623,-0.013,9.780,-0.16,-0.05,-0.08
145.62,0.539,-0.096,9.876,-0.01,-0.02,0.03
145.64,0.587,0.046,9.831,-0.20,0.08,-0.05
145.66,0.584,-0.020,9.781,-0.12,-0.18,-0.11
145.68,0.577,-0.013,9.834,0.10,-0.17,-0.04
145.70,0.544,0.083,9.867,0.22,0.04,0.19
145.72,0.640,-0.052,9.836,-0.16,-0.02,-0.24
145.74,0.671,-0.018,9.787,0.09,0.06,-0.01
145.76,0.655,-0.041,9.787,0.02,-0.23,-0.11
145.78,0.632,-0.021,9.848,-0.21,0.10,0.11
145.80,0.663,-0.057,9.735,-0.11,0.18,-0.03
145.82,0.584,-0.037,9.771,0.05,-0.11,0.02
145.84,0.649,0.003,9.870,-0.02,-0.10,-0.05
145.86,0.596,-0.071,9.794,-0.14,-0.15,0.03
145.88,0.646,0.042,9.851,-0.08,-0.22,0.02
145.90,0.662,0.015,9.883,0.12,-0.06,-0.01
145.92,0.560,0.105,9.847,-0.07,-0.02,-0.07
145.94,0.678,-0.008,9.868,0.10,0.11,-0.07
145.96,0.620,0.035,9.776,-0.22,-0.02,-0.05
145.98,0.688,-0.038,9.747,0.06,0.05,0.04
146.00,0.575,0.064,9.813,-0.05,0.25,0.13
146.02,0.606,-0.010,9.725,-0.11,0.08,-0.04
146.04,0.527,0.004,9.829,0.04,0.16,-0.21
146.06,0.607,0.053,9.828,-0.11,-0.06,0.07
146.08,0.586,0.019,9.828,0.13,0.05,-0.03
146.10,0.670,-0.021,9.768,0.00,0.04,0.05
146.12,0.650,0.080,9.761,-0.10,-0.02,0.04
146.14,0.650,-0.095,9.819,-0.04,-0.06,0.08
146.16,0.692,0.055,9.762,0.17,-0.09,0.00
146.18,0.700,-0.047,9.857,0.08,0.16,-0.06
146.20,0.631,-0.053,9.894,0.02,-0.07,0.00
146.22,0.667,-0.009,9.751,-0.05,0.06,-0.21
146.24,0.650,0.003,9.806,0.08,-0.04,-0.15
146.26,0.615,-0.039,9.826,-0.05,-0.18,0.03
146.28,0.664,0.047,9.795,-0.00,-0.09,0.12
146.30,0.556,-0.026,9.789,0.09,0.12,-0.02
146.32,0.565,-0.007,9.814,-0.03,0.06,0.05
146.34,0.581,0.003,9.779,-0.04,-0.09,0.07
146.36,0.629,-0.033,9.676,0.04,0.01,-0.08
146.38,0.612,-0.047,9.755,0.04,-0.06,0.07
146.40,0.715,-0.034,9.868,-0.12,0.05,0.08
146.42,0.612,-0.062,9.767,0.08,-0.03,0.16
146.44,0.624,0.063,9.753,0.02,0.10,0.03
146.46,0.654,0.051,9.809,-0.16,-0.16,-0.04
146.48,0.631,-0.054,9.771,-0.24,0.16,-0.14
146.50,0.549,0.022,9.759,-0.02,0.07,0.09
146.52,0.593,-0.019,9.809,-0.10,-0.06,-0.05
146.54,0.635,-0.056,9.895,-0.00,-0.13,-0.06
146.56,0.698,-0.054,9.833,-0.19,0.02,0.08
146.58,0.649,0.080,9.745,-0.04,-0.08,-0.09
146.60,0.615,-0.009,9.813,0.01,0.11,0.17
146.62,0.677,0.010,9.781,-0.22,-0.06,0.03
146.64,0.726,-0.003,9.776,-0.07,-0.05,0.14
146.66,0.589,-0.064,9.906,0.18,0.10,-0.07
146.68,0.642,-0.016,9.866,0.03,-0.09,0.10
146.70,0.658,0.097,9.843,0.19,0.04,0.01
146.72,0.561,0.024,9.813,0.05,-0.11,-0.05
146.74,0.614,0.057,9.800,-0.02,-0.01,-0.00
146.76,0.655,-0.090,9.718,0.03,0.04,-0.20
146.78,0.586,-0.022,9.852,-0.10,0.10,0.15
146.80,0.551,0.025,9.904,-0.09,-0.01,-0.08
146.82,0.654,-0.060,9.775,-0.07,-0.01,0.01
146.84,0.664,0.069,9.817,-0.01,0.07,-0.29
146.86,0.615,0.089,9.804,0.02,-0.09,0.01
146.88,0.589,0.026,9.901,-0.12,0.15,-0.07
146.90,0.653,0.008,9.831,-0.17,-0.10,0.04
146.92,0.590,0.083,9.781,0.15,-0.12,0.16
146.94,0.755,0.030,9.787,-0.06,-0.06,0.00
146.96,0.591,-0.014,9.742,-0.12,0.33,0.08
146.98,0.661,0.002,9.876,-0.06,0.11,0.04
147.00,0.654,0.058,9.834,0.08,0.10,0.06
147.02,0.651,0.005,9.780,0.08,0.06,0.06
147.04,0.580,0.021,9.829,-0.01,-0.13,0.01
147.06,0.746,-0.070,9.769,0.04,0.04,0.14
147.08,0.604,-0.084,9.825,-0.05,-0.15,0.04
147.10,0.634,0.041,9.831,-0.06,0.02,0.01
147.12,0.572,-0.036,9.817,0.03,0.00,-0.03
147.14,0.502,0.025,9.864,0.15,0.14,-0.20
147.16,0.644,0.029,9.831,-0.05,0.25,0.08
147.18,0.587,0.051,9.808,-0.00,0.05,-0.14
147.20,0.635,-0.019,9.799,0.10,-0.14,-0.13
147.22,0.639,-0.018,9.780,-0.00,0.00,0.03
147.24,0.606,-0.024,9.752,-0.21,0.00,0.11
147.26,0.637,0.057,9.775,0.07,-0.15,-0.00
147.28,0.650,-0.056,9.775,0.08,0.08,0.03
147.30,0.685,0.106,9.868,-0.01,-0.12,0.08
147.32,0.629,0.028,9.878,-0.08,-0.03,-0.07
147.34,0.636,-0.084,9.744,0.04,-0.04,-0.06
147.36,0.663,-0.013,9.804,0.06,0.05,-0.06
147.38,0.695,0.027,9.831,0.06,-0.03,0.16
147.40,0.619,-0.116,9.757,0.10,-0.02,-0.02
147.42,0.601,0.038,9.929,0.17,0.02,-0.11
147.44,0.634,-0.028,9.945,-0.07,-0.02,0.06
147.46,0.709,0.069,9.809,0.13,-0.10,-0.05
147.48,0.551,-0.050,9.826,0.21,0.06,0.08
147.50,0.631,0.051,9.818,0.04,-0.19,-0.05
147.52,0.660,0.027,9.839,0.20,-0.03,0.00
147.54,0.624,0.006,9.839,-0.01,0.02,-0.22
147.56,0.496,0.020,9.806,0.08,0.05,0.19
147.58,0.579,-0.030,9.776,-0.13,-0.13,-0.10
147.60,0.593,0.056,9.903,-0.09,-0.13,0.23
147.62,0.676,0.026,9.859,0.11,0.01,-0.02
147.64,0.770,0.112,9.821,-0.13,-0.07,-0.11
147.66,0.622,-0.029,9.825,0.24,0.16,-0.28
147.68,0.554,0.025,9.732,-0.10,0.14,0.13
147.70,0.503,-0.070,9.814,-0.06,0.03,-0.08
147.72,0.654,0.058,9.722,0.10,0.21,0.08
147.74,0.672,0.028,9.847,-0.10,-0.12,0.00
147.76,0.629,-0.015,9.807,-0.08,0.02,-0.02
147.78,0.592,0.016,9.858,0.01,-0.28,0.01
147.80,0.533,0.003,9.874,0.09,0.05,-0.08
147.82,0.554,-0.013,9.751,-0.05,0.25,0.15
147.84,0.467,0.054,9.762,0.10,-0.07,-0.06
147.86,0.541,0.077,9.730,0.12,0.01,0.08
147.88,0.525,-0.011,9.647,0.04,-0.20,0.02
147.90,0.446,0.047,9.743,0.11,-0.04,0.09
147.92,0.415,-0.058,9.866,-0.04,0.01,-0.12
147.94,0.374,0.009,9.801,-0.02,0.01,-0.06
147.96,0.357,-0.073,9.888,0.03,0.03,0.05
147.98,0.343,0.047,9.752,-0.11,0.00,-0.09
148.00,0.390,0.005,9.796,-0.01,0.02,0.00
148.02,0.304,-0.042,9.870,0.17,-0.14,-0.06
148.04,0.205,0.083,9.773,-0.04,-0.03,0.03
148.06,0.268,0.069,9.847,0.06,0.18,-0.08
148.08,0.277,0.031,9.817,0.11,0.00,-0.21
148.10,0.185,0.061,9.866,-0.12,-0.10,0.04
148.12,0.181,-0.066,9.810,-0.04,-0.12,0.00
148.14,0.176,0.010,9.770,-0.10,-0.10,-0.14
148.16,0.063,0.044,9.846,-0.09,0.17,-0.20
148.18,0.061,-0.007,9.767,0.18,0.06,-0.17
148.20,0.103,0.017,9.891,0.09,0.19,-0.08
148.22,0.142,0.032,9.793,0.24,-0.18,0.07
148.24,-0.036,0.004,9.834,0.01,-0.11,0.08
148.26,0.052,-0.009,9.829,-0.01,0.08,-0.08
148.28,0.015,0.049,9.734,-0.15,-0.02,0.06
148.30,-0.050,0.035,9.755,-0.03,0.08,0.06
148.32,0.079,-0.055,9.845,0.05,-0.10,-0.15
148.34,0.006,0.078,9.751,0.09,0.04,-0.09
148.36,-0.001,0.028,9.752,-0.09,-0.04,0.01
148.38,0.005,0.063,9.805,0.07,0.05,0.03
148.40,-0.026,-0.076,9.868,-0.00,0.03,-0.01
148.42,0.022,-0.017,9.845,0.04,0.02,0.09
148.44,0.088,-0.112,9.822,-0.05,-0.07,0.02
148.46,-0.026,0.013,9.797,-0.03,0.07,0.09
148.48,-0.057,-0.045,9.892,0.09,-0.01,0.06
148.50,-0.023,0.056,9.813,0.03,-0.04,-0.01
148.52,-0.082,-0.120,9.751,0.10,-0.02,-0.03
148.54,0.018,0.028,9.720,-0.02,0.09,-0.05
148.56,0.025,0.103,9.813,0.09,0.08,-0.00
148.58,0.090,-0.021,9.760,0.01,0.10,-0.01
148.60,-0.031,-0.002,9.750,-0.05,0.23,-0.05
148.62,0.016,-0.017,9.914,-0.06,-0.14,-0.07
148.64,-0.001,0.031,9.828,0.05,0.03,-0.18
148.66,-0.077,-0.026,9.820,0.16,0.08,-0.12
148.68,-0.047,-0.063,9.799,0.06,-0.01,0.11
148.70,0.023,0.065,9.869,0.02,-0.07,0.14
148.72,-0.021,-0.063,9.759,0.02,-0.06,-0.19
148.74,0.015,-0.004,9.776,-0.14,-0.09,-0.05
148.76,0.067,-0.049,9.821,0.05,-0.06,0.08
148.78,0.013,0.016,9.786,-0.03,0.08,0.12
148.80,0.000,0.119,9.819,-0.02,-0.10,0.07
148.82,-0.032,-0.015,9.773,-0.00,0.21,0.10
148.84,-0.056,0.040,9.828,-0.02,0.04,0.05
148.86,-0.049,0.063,9.782,-0.04,0.11,-0.04
148.88,-0.023,0.083,9.848,0.00,0.02,0.13
148.90,0.034,0.045,9.867,-0.20,0.02,-0.10
148.92,0.026,-0.033,9.823,0.03,0.01,-0.15
148.94,0.019,0.002,9.813,-0.05,-0.05,-0.08
148.96,0.033,-0.038,9.828,0.05,-0.05,0.22
148.98,0.009,0.032,9.880,-0.07,0.05,0.09
149.00,-0.019,0.092,9.759,0.08,-0.05,-0.05
149.02,0.011,-0.011,9.865,-0.06,0.02,-0.15
149.04,-0.086,0.018,9.855,-0.19,-0.14,0.00
149.06,0.084,-0.005,9.703,-0.14,0.05,-0.03
149.08,0.110,0.039,9.852,-0.05,-0.07,0.06
149.10,-0.011,-0.054,9.811,-0.07,-0.00,-0.06
149.12,-0.022,0.010,9.823,0.10,0.06,0.02
149.14,0.103,-0.036,9.875,0.05,0.18,-0.06
149.16,0.011,0.007,9.792,-0.01,-0.10,0.01
149.18,0.027,-0.021,9.856,0.06,-0.00,-0.05
149.20,-0.016,0.046,9.713,-0.06,-0.01,0.00
149.22,0.049,-0.009,9.711,-0.41,-0.21,0.15
149.24,-0.104,-0.063,9.770,0.03,0.04,-0.07
149.26,0.004,-0.060,9.752,-0.13,-0.01,0.02
149.28,0.026,0.014,9.822,-0.11,-0.08,0.09
149.30,-0.021,-0.049,9.823,0.12,0.07,0.16
149.32,-0.062,0.126,9.804,-0.02,0.04,-0.05
149.34,0.129,0.026,9.796,0.00,-0.03,0.01
149.36,0.068,-0.023,9.830,0.05,-0.21,0.08
149.38,0.043,-0.133,9.736,0.03,-0.21,-0.00
149.40,0.074,0.060,9.727,-0.17,0.05,-0.12
149.42,0.007,0.031,9.875,0.07,0.03,0.05
149.44,0.066,-0.021,9.804,0.03,-0.13,0.04
149.46,0.058,-0.041,9.855,0.04,-0.07,0.12
149.48,-0.017,-0.088,9.817,0.01,-0.04,-0.09
149.50,0.025,-0.019,9.824,0.17,0.09,-0.01
149.52,-0.038,0.017,9.887,0.01,0.11,0.02
149.54,-0.007,-0.075,9.781,0.16,-0.03,0.06
149.56,0.070,-0.061,9.907,0.19,-0.10,-0.04
149.58,-0.033,-0.026,9.755,-0.00,0.18,0.04
149.60,-0.036,-0.035,9.762,0.08,-0.03,0.18
149.62,-0.071,0.052,9.774,-0.01,-0.04,-0.09
149.64,-0.106,0.013,9.724,-0.05,-0.04,0.08
149.66,-0.025,0.009,9.756,0.18,-0.10,0.06
149.68,0.019,-0.071,9.769,-0.05,-0.07,-0.06
149.70,0.017,0.062,9.894,0.01,-0.14,0.09
149.72,0.023,0.073,9.769,0.04,0.09,0.04
149.74,-0.011,0.077,9.780,0.12,-0.27,0.00
149.76,-0.059,0.065,9.801,0.05,0.23,-0.06
149.78,0.046,-0.002,9.855,-0.02,-0.09,0.03
149.80,-0.087,0.086,9.855,0.05,0.03,0.03
149.82,0.056,-0.005,9.772,0.16,0.10,0.06
149.84,0.121,0.012,9.859,0.13,-0.07,-0.12
149.86,-0.024,0.027,9.883,0.13,-0.15,-0.05
149.88,0.048,0.112,9.708,0.09,0.06,-0.12
149.90,-0.120,-0.028,9.750,-0.09,0.16,0.07
149.92,-0.047,0.011,9.795,0.01,0.06,-0.01
149.94,0.089,-0.037,9.884,-0.16,0.17,-0.06
149.96,-0.008,-0.034,9.812,0.05,0.02,-0.09
149.98,0.036,0.027,9.760,-0.09,-0.04,0.07
150.00,-0.014,-0.084,9.826,-0.00,-0.02,0.21
150.02,0.021,-0.009,9.823,0.08,0.02,0.02
150.04,0.025,-0.023,9.799,0.14,-0.01,-0.00
150.06,-0.018,-0.048,9.728,0.16,-0.04,-0.01
150.08,0.068,0.011,9.834,0.13,0.17,0.01
150.10,0.047,-0.064,9.799,-0.00,-0.14,0.15
150.12,0.035,0.050,9.834,0.08,0.04,-0.04
150.14,-0.011,0.009,9.856,-0.20,-0.03,0.00
150.16,-0.036,-0.009,9.735,0.26,0.11,0.06
150.18,0.049,-0.006,9.748,0.01,0.02,-0.04
150.20,-0.087,0.027,9.775,-0.13,0.11,0.15
150.22,0.016,-0.031,9.785,-0.17,-0.01,0.04
150.24,0.087,-0.013,9.714,0.06,0.09,0.08
150.26,0.003,0.075,9.773,0.12,0.09,0.08
150.28,0.014,0.002,9.829,-0.17,-0.03,-0.06
150.30,-0.014,-0.026,9.839,-0.05,-0.09,-0.06
150.32,-0.032,0.093,9.931,0.06,-0.18,0.11
150.34,-0.059,-0.031,9.826,-0.09,-0.05,0.02
150.36,0.021,0.021,9.769,-0.00,-0.13,0.12
150.38,-0.097,0.027,9.739,0.27,-0.05,0.15
150.40,-0.005,-0.010,9.824,0.10,-0.07,-0.05
150.42,0.118,-0.046,9.773,-0.26,-0.07,-0.10
150.44,0.059,0.004,9.737,-0.02,0.13,0.00
150.46,0.055,0.074,9.816,-0.00,0.14,-0.03
150.48,0.037,0.024,9.880,-0.10,0.18,0.16
150.50,-0.011,-0.004,9.784,-0.06,-0.03,-0.05
150.52,0.064,-0.023,9.749,0.06,0.05,-0.06
150.54,-0.005,0.008,9.754,0.14,-0.03,-0.10
150.56,-0.018,0.001,9.861,-0.03,0.15,-0.08
150.58,-0.019,-0.061,9.790,0.02,-0.07,-0.00
150.60,0.011,-0.085,9.793,-0.01,0.10,-0.08
150.62,0.039,0.010,9.780,0.08,0.03,0.06
150.64,-0.085,0.085,9.888,-0.01,-0.05,0.06
150.66,0.065,0.019,9.701,0.08,-0.01,0.17
150.68,0.025,-0.082,9.808,0.12,-0.18,0.02
150.70,0.006,0.003,9.809,0.05,-0.05,0.05
150.72,-0.122,-0.029,9.801,-0.05,-0.10,0.15
150.74,-0.069,0.016,9.823,0.06,-0.04,-0.17
150.76,-0.081,0.057,9.874,-0.00,0.08,0.04
150.78,-0.008,0.012,9.855,-0.00,-0.12,0.14
150.80,0.026,0.027,9.792,0.12,-0.02,0.09
150.82,0.082,-0.003,9.853,0.19,-0.09,0.08
150.84,0.033,-0.044,9.769,-0.12,0.18,0.11
150.86,-0.041,0.001,9.890,-0.01,0.09,-0.08
150.88,0.015,-0.050,9.855,0.04,0.01,0.12
150.90,0.038,-0.149,9.851,0.02,0.21,0.14
150.92,0.024,0.103,9.752,-0.04,-0.04,-0.21
150.94,0.044,-0.061,9.863,-0.11,0.00,0.03
150.96,0.048,0.049,9.736,-0.01,-0.18,-0.01
150.98,-0.015,0.052,9.807,-0.02,-0.09,-0.17
151.00,-0.012,-0.013,9.757,-0.12,-0.06,0.03
151.02,0.040,-0.025,9.854,-0.08,-0.15,0.05
151.04,-0.046,0.020,9.880,-0.00,0.09,0.10
151.06,-0.019,0.011,9.883,-0.03,-0.12,-0.01
151.08,-0.055,-0.040,9.796,0.04,0.08,0.11
151.10,0.007,0.024,9.792,0.19,-0.03,-0.14
151.12,-0.040,0.027,9.808,-0.02,0.03,0.16
151.14,0.077,0.009,9.854,-0.08,0.23,0.01
151.16,0.040,0.062,9.746,0.08,0.02,-0.05
151.18,0.001,0.013,9.764,-0.02,0.05,-0.16
151.20,0.056,0.050,9.776,0.04,-0.15,0.03
151.22,0.013,0.017,9.723,-0.02,-0.07,0.20
151.24,0.020,0.031,9.888,0.05,-0.00,0.05
151.26,-0.040,-0.076,9.821,0.03,-0.00,0.07
151.28,-0.034,0.009,9.839,-0.07,0.01,-0.11
151.30,0.072,-0.021,9.747,-0.01,-0.06,-0.08
151.32,0.075,0.011,9.844,0.01,-0.16,0.08
151.34,-0.055,-0.157,9.878,-0.10,0.04,-0.11
151.36,0.058,0.016,9.794,-0.15,0.01,0.05
151.38,0.002,-0.044,9.784,0.03,-0.14,-0.03
151.40,-0.014,0.052,9.788,-0.09,0.05,-0.02
151.42,0.001,-0.005,9.735,0.07,0.12,0.01
151.44,-0.027,-0.010,9.834,0.05,0.01,-0.00
151.46,-0.007,-0.048,9.797,0.02,-0.08,0.09
151.48,0.053,-0.037,9.670,0.10,0.04,-0.01
151.50,0.066,0.044,9.798,0.02,0.01,0.12
151.52,0.025,-0.037,9.827,-0.00,-0.08,0.08
151.54,0.105,-0.071,9.816,-0.03,-0.01,-0.02
151.56,-0.010,0.067,9.821,-0.03,0.01,-0.00
151.58,0.028,0.013,9.880,-0.14,0.09,-0.21
151.60,0.056,-0.090,9.897,-0.10,-0.06,0.01
151.62,-0.036,0.008,9.809,0.08,-0.16,-0.09
151.64,-0.030,0.073,9.863,0.10,0.04,-0.07
151.66,-0.059,0.039,9.781,-0.03,0.09,0.03
151.68,0.012,0.069,9.839,-0.08,-0.02,0.03
151.70,0.056,0.006,9.872,0.18,0.01,-0.10
151.72,-0.001,-0.074,9.765,0.13,-0.10,-0.22
151.74,0.079,0.070,9.786,0.05,0.27,-0.12
151.76,0.029,-0.021,9.937,-0.03,-0.06,-0.05
151.78,-0.007,0.027,9.850,0.06,0.04,0.12
151.80,-0.042,-0.014,9.730,0.01,-0.02,-0.08
151.82,0.020,0.051,9.719,0.01,-0.04,0.07
151.84,0.048,0.006,9.793,-0.08,-0.16,-0.06
151.86,0.013,-0.003,9.760,-0.01,0.23,0.00
151.88,0.065,-0.011,9.787,0.06,0.09,-0.07
151.90,0.060,0.027,9.715,-0.13,-0.03,-0.14
151.92,0.030,-0.010,9.777,-0.17,-0.07,-0.04
151.94,-0.009,-0.033,9.698,-0.10,-0.08,-0.15
151.96,-0.036,0.074,9.851,0.16,0.06,0.08
151.98,0.016,-0.012,9.825,-0.19,-0.09,-0.07
152.00,0.015,-0.000,9.797,-0.14,-0.03,0.08
152.02,-0.003,0.012,9.777,0.13,-0.08,0.02
152.04,-0.021,-0.069,9.841,-0.07,-0.05,0.03
152.06,-0.032,0.069,9.877,0.13,-0.10,-0.03
152.08,0.014,0.080,9.882,-0.06,0.03,0.23
152.10,0.068,0.021,9.813,0.21,0.20,-0.05
152.12,-0.004,-0.043,9.904,-0.09,0.06,-0.14
152.14,-0.039,0.026,9.799,0.11,0.33,0.07
152.16,-0.022,-0.005,9.731,-0.02,-0.04,-0.03
152.18,0.055,-0.105,9.776,0.16,-0.18,-0.06
152.20,0.002,0.027,9.679,-0.11,0.00,0.04
152.22,0.008,0.005,9.833,0.01,-0.01,-0.08
152.24,-0.012,-0.023,9.835,0.00,0.01,0.03
152.26,0.028,0.059,9.819,-0.11,-0.18,0.07
152.28,0.080,0.048,9.759,0.01,-0.02,0.04
152.30,-0.041,-0.069,9.807,-0.11,0.07,0.06
152.32,-0.022,-0.016,9.784,-0.12,-0.03,0.11
152.34,-0.088,0.059,9.842,-0.03,-0.09,0.14
152.36,-0.013,-0.020,9.701,-0.03,-0.13,-0.15
152.38,0.002,-0.010,9.898,0.01,0.05,0.15
152.40,-0.029,-0.037,9.760,0.09,0.15,0.06
152.42,-0.066,0.032,9.824,-0.03,0.07,0.01
152.44,-0.082,0.015,9.857,-0.17,0.00,-0.07
152.46,-0.052,0.097,9.832,0.02,-0.12,-0.00
152.48,-0.044,0.017,9.805,0.07,-0.02,0.16
152.50,0.048,0.065,9.800,0.07,-0.06,-0.06
152.52,-0.002,-0.007,9.767,-0.04,0.09,0.20
152.54,0.031,-0.005,9.714,-0.04,0.10,0.13
152.56,-0.026,-0.034,9.751,0.21,0.01,-0.07
152.58,0.039,0.037,9.781,-0.02,-0.00,0.05
152.60,0.034,-0.017,9.815,0.01,0.02,-0.05
152.62,-0.092,0.076,9.806,0.10,-0.17,0.14
152.64,-0.097,0.000,9.787,0.19,0.13,-0.02
152.66,0.050,0.042,9.758,0.04,-0.09,-0.11
152.68,0.029,0.013,9.777,-0.04,-0.00,0.06
152.70,0.003,0.047,9.803,-0.09,0.00,-0.05
152.72,-0.039,0.029,9.843,-0.00,-0.01,0.15
152.74,-0.044,-0.033,9.844,-0.02,-0.13,0.00
152.76,-0.013,0.088,9.847,0.07,-0.13,0.03
152.78,-0.088,-0.091,9.755,-0.03,-0.00,-0.00
152.80,-0.044,-0.066,9.782,-0.03,0.14,0.16
152.82,0.021,0.001,9.813,0.17,-0.11,-0.12
152.84,0.029,-0.023,9.851,-0.09,0.07,-0.28
152.86,0.002,-0.038,9.774,-0.02,-0.04,-0.02
152.88,-0.015,-0.005,9.767,-0.15,-0.05,0.12
152.90,0.062,0.023,9.814,0.06,-0.02,-0.01
152.92,0.070,0.030,9.834,0.10,-0.02,0.04
152.94,0.036,0.042,9.721,0.06,0.08,0.02
152.96,-0.071,-0.023,9.737,0.14,0.15,0.23
152.98,0.004,-0.052,9.830,0.02,-0.07,0.03
153.00,-0.082,0.165,9.823,-0.18,-0.19,0.06
153.02,-0.052,-0.036,9.924,0.09,-0.13,0.18
153.04,0.017,0.014,9.786,0.15,0.07,-0.04
153.06,0.088,0.025,9.802,-0.03,0.09,-0.04
153.08,0.028,0.095,9.786,0.03,0.05,0.02
153.10,-0.027,0.031,9.724,-0.12,-0.03,0.03
153.12,0.005,-0.033,9.834,0.10,0.03,-0.04
153.14,-0.008,-0.062,9.804,-0.11,0.08,0.07
153.16,0.010,-0.061,9.793,-0.09,-0.09,-0.01
153.18,-0.033,0.056,9.782,0.02,0.20,0.01
153.20,-0.022,0.084,9.812,0.04,-0.18,0.09
153.22,0.009,0.055,9.800,-0.03,-0.11,0.07
153.24,-0.020,-0.005,9.814,0.06,-0.14,0.05
153.26,-0.022,-0.029,9.843,-0.05,-0.04,-0.03
153.28,0.045,0.000,9.771,0.01,-0.02,0.11
153.30,0.022,0.020,9.828,-0.12,-0.04,-0.02
153.32,-0.027,-0.040,9.753,0.06,0.27,0.02
153.34,0.076,-0.081,9.805,0.12,-0.21,0.16
153.36,0.026,0.034,9.816,0.10,-0.17,0.01
153.38,-0.048,-0.010,9.751,0.14,-0.07,0.11
153.40,0.013,0.038,9.900,0.05,-0.03,-0.06
153.42,0.036,0.069,9.842,-0.08,0.16,0.03
153.44,-0.038,0.046,9.781,0.02,-0.00,-0.14
153.46,0.032,-0.024,9.903,0.04,-0.03,0.16
153.48,-0.021,-0.036,9.777,-0.12,-0.15,0.06
153.50,-0.008,0.112,9.813,0.04,-0.03,0.01
153.52,0.062,-0.007,9.808,-0.07,0.18,-0.20
153.54,-0.031,0.034,9.798,-0.01,0.01,0.04
153.56,-0.009,0.012,9.808,0.02,0.07,-0.06
153.58,0.039,-0.013,9.801,-0.20,-0.03,0.11
153.60,0.033,0.063,9.837,-0.12,-0.04,-0.04
153.62,-0.033,0.018,9.820,0.02,0.04,0.13
153.64,0.025,0.031,9.801,0.03,0.01,-0.18
153.66,0.065,0.034,9.803,0.10,-0.11,0.08
153.68,-0.084,0.026,9.904,-0.09,0.07,0.03
153.70,-0.048,-0.009,9.814,-0.05,0.17,0.23
153.72,0.083,-0.016,9.831,0.13,-0.14,0.12
153.74,-0.010,0.003,9.850,-0.07,-0.04,0.16
153.76,-0.038,-0.022,9.848,-0.03,0.05,-0.03
153.78,-0.078,0.028,9.765,-0.01,0.14,0.04
153.80,-0.011,-0.027,9.821,0.14,0.05,0.12
153.82,0.037,-0.064,9.809,0.01,-0.03,-0.16
153.84,0.040,-0.007,9.842,0.06,-0.02,0.01
153.86,-0.041,-0.036,9.785,0.22,-0.00,0.04
153.88,0.037,0.021,9.801,0.07,0.04,-0.16
153.90,0.001,-0.044,9.857,0.09,0.01,-0.03
153.92,0.080,-0.021,9.812,-0.06,-0.08,0.09
153.94,-0.045,-0.090,9.803,0.17,0.29,0.03
153.96,0.014,-0.006,9.806,-0.24,-0.10,0.09
153.98,-0.060,0.070,9.757,-0.10,0.17,0.04
154.00,-0.054,0.038,9.934,-0.09,0.28,-0.14
154.02,0.028,0.065,9.825,-0.08,0.04,-0.05
154.04,0.005,-0.007,9.862,-0.10,0.12,-0.12
154.06,0.069,0.002,9.739,0.01,-0.07,0.12
154.08,-0.068,0.071,9.838,0.02,0.03,-0.08
154.10,-0.046,0.007,9.711,0.06,-0.07,0.02
154.12,0.050,-0.086,9.738,0.04,-0.02,0.08
154.14,-0.071,-0.032,9.811,-0.02,-0.05,-0.05
154.16,0.029,0.002,9.754,0.02,-0.02,-0.01
154.18,0.081,0.063,9.739,0.02,-0.01,-0.16
154.20,0.039,-0.039,9.815,-0.04,-0.24,-0.00
154.22,-0.101,0.000,9.782,-0.07,-0.11,0.22
154.24,0.020,-0.030,9.866,-0.00,0.09,-0.00
154.26,0.005,-0.023,9.929,0.04,-0.14,0.01
154.28,-0.097,0.032,9.825,0.04,-0.09,-0.13
154.30,0.030,-0.048,9.816,-0.03,-0.11,0.06
154.32,0.072,-0.014,9.881,-0.02,0.01,-0.01
154.34,0.044,-0.039,9.700,-0.03,0.14,0.09
154.36,-0.003,-0.017,9.858,0.02,-0.14,-0.00
154.38,-0.003,-0.010,9.824,-0.05,-0.04,-0.04
154.40,-0.086,0.052,9.787,0.04,-0.08,0.03
154.42,-0.011,-0.102,9.904,0.10,0.03,0.06
154.44,-0.032,-0.077,9.840,0.06,0.05,0.05
154.46,0.006,0.029,9.801,-0.02,-0.01,0.02
154.48,0.043,-0.058,9.778,-0.14,-0.02,0.01
154.50,0.005,0.020,9.881,-0.08,-0.09,-0.10
154.52,-0.036,-0.097,9.860,0.05,-0.20,-0.05
154.54,0.004,-0.021,9.786,-0.09,0.05,0.17
154.56,-0.053,0.034,9.918,0.03,0.21,-0.12
154.58,0.000,-0.011,9.782,-0.02,0.16,0.09
154.60,-0.007,0.019,9.862,-0.19,-0.07,0.07
154.62,0.010,0.005,9.807,0.06,0.02,-0.05
154.64,0.086,-0.007,9.839,0.06,0.05,-0.02
154.66,0.006,0.015,9.772,-0.02,0.07,-0.02
154.68,0.044,0.009,9.794,0.01,0.14,0.02
154.70,-0.017,-0.065,9.812,-0.03,-0.10,-0.00
154.72,-0.032,-0.023,9.823,0.12,-0.16,0.01
154.74,0.040,-0.035,9.806,-0.00,0.07,0.14
154.76,-0.112,0.080,9.740,0.15,-0.01,-0.08
154.78,-0.035,0.011,9.750,0.04,-0.14,0.01
154.80,-0.006,0.032,9.792,-0.18,0.00,0.06
154.82,-0.023,-0.010,9.782,0.06,0.03,0.05
154.84,0.072,-0.062,9.820,0.10,0.04,-0.12
154.86,-0.067,-0.001,9.879,-0.11,-0.03,0.06
154.88,0.004,-0.010,9.782,0.01,-0.03,0.02
154.90,-0.049,0.021,9.793,0.26,-0.10,-0.06
154.92,0.011,0.048,9.822,0.08,0.10,0.20
154.94,0.019,-0.098,9.745,-0.10,-0.15,0.10
154.96,0.022,-0.064,9.773,-0.13,-0.06,0.08
154.98,0.037,0.018,9.787,0.04,0.08,0.22
155.00,0.081,0.054,9.852,-0.04,-0.03,0.19
155.02,0.011,0.035,9.755,0.19,-0.02,0.05
155.04,-0.078,0.036,9.789,0.06,0.00,0.07
155.06,0.037,0.101,9.761,-0.06,0.06,-0.05
155.08,-0.020,0.004,9.818,-0.01,-0.01,-0.10
155.10,0.118,-0.045,9.837,0.06,0.00,0.05
155.12,0.030,0.065,9.734,0.06,0.15,-0.09
155.14,0.152,-0.081,9.865,-0.09,0.17,-0.12
155.16,-0.012,0.037,9.854,-0.10,-0.07,0.19
155.18,-0.031,0.048,9.886,-0.10,-0.17,0.10
155.20,0.018,0.083,9.852,-0.01,-0.08,-0.06
155.22,0.017,-0.002,9.887,-0.01,0.05,-0.06
155.24,-0.090,-0.056,9.819,-0.15,0.14,0.24
155.26,0.019,-0.029,9.775,0.12,0.14,-0.02
155.28,-0.044,-0.037,9.809,0.06,0.03,0.09
155.30,0.113,0.026,9.819,0.05,-0.01,0.05
155.32,0.032,-0.003,9.794,0.08,0.13,-0.10
155.34,0.000,0.017,9.841,0.04,-0.01,-0.10
155.36,-0.060,0.019,9.805,-0.07,-0.12,0.10
155.38,0.000,-0.038,9.741,0.03,0.09,-0.11
155.40,0.043,-0.041,9.830,-0.04,0.07,-0.17
155.42,0.067,0.005,9.757,-0.02,-0.09,0.13
155.44,-0.092,0.034,9.806,-0.02,-0.03,-0.06
155.46,-0.018,0.062,9.746,-0.01,-0.14,-0.01
155.48,0.018,0.058,9.786,0.13,0.06,-0.06
155.50,-0.018,-0.006,9.855,0.01,0.06,-0.02
155.52,-0.033,-0.054,9.741,0.06,-0.04,0.07
155.54,-0.040,-0.042,9.774,-0.02,0.06,-0.07
155.56,0.007,0.076,9.801,-0.02,0.01,-0.16
155.58,-0.055,0.105,9.847,0.00,0.08,0.04
155.60,-0.010,-0.084,9.807,0.07,0.02,-0.07
155.62,0.034,0.013,9.801,0.03,-0.06,0.05
155.64,0.011,-0.093,9.802,-0.01,0.00,-0.02
155.66,-0.049,-0.023,9.837,0.10,-0.12,-0.01
155.68,0.019,0.042,9.771,-0.09,0.07,0.11
155.70,-0.036,0.046,9.867,-0.04,0.17,0.07
155.72,-0.034,-0.025,9.798,-0.03,0.20,0.04
155.74,-0.006,-0.081,9.786,0.02,0.03,0.15
155.76,0.067,-0.033,9.792,-0.06,-0.09,0.03
155.78,-0.017,-0.034,9.809,0.00,0.03,0.06
155.80,-0.015,-0.087,9.804,0.01,0.12,-0.01
155.82,0.040,-0.018,9.694,0.14,0.20,-0.10
155.84,0.082,0.052,9.818,0.01,-0.01,0.02
155.86,-0.081,0.064,9.711,-0.10,0.14,0.03
155.88,0.047,-0.046,9.754,-0.06,0.06,-0.01
155.90,0.030,-0.007,9.845,0.04,-0.10,0.06
155.92,-0.013,-0.016,9.835,-0.11,-0.07,0.02
155.94,-0.034,-0.039,9.739,0.21,-0.08,0.22
155.96,0.057,-0.043,9.883,-0.07,0.08,-0.11
155.98,0.076,-0.106,9.912,0.18,-0.19,0.17
156.00,-0.028,0.124,9.791,-0.09,-0.04,-0.10
156.02,-0.122,-0.059,9.806,0.01,-0.07,0.03
156.04,-0.081,0.107,9.798,-0.07,-0.03,-0.18
156.06,0.009,0.053,9.733,0.01,0.17,-0.11
156.08,0.031,-0.017,9.854,-0.03,-0.10,0.02
156.10,0.018,-0.078,9.799,0.14,0.08,-0.03
156.12,-0.018,0.035,9.792,-0.05,-0.11,-0.04
156.14,-0.033,-0.034,9.842,-0.16,0.12,-0.08
156.16,-0.015,0.078,9.834,-0.03,0.03,-0.16
156.18,-0.031,-0.112,9.746,-0.16,-0.01,0.01
156.20,0.007,0.064,9.791,-0.12,0.04,-0.10
156.22,-0.001,0.087,9.806,0.05,0.15,-0.13
156.24,-0.036,-0.007,9.731,-0.12,0.05,-0.14
156.26,-0.052,-0.062,9.848,-0.13,0.22,0.10
156.28,0.073,0.001,9.900,-0.00,-0.03,0.29
156.30,-0.032,-0.068,9.768,0.15,0.07,0.07
156.32,-0.007,-0.104,9.810,0.14,-0.07,0.08
156.34,0.074,0.093,9.854,-0.12,0.13,0.13
156.36,-0.056,-0.029,9.766,-0.03,0.20,-0.16
156.38,0.034,-0.013,9.871,-0.05,0.08,0.03
156.40,0.039,0.012,9.918,0.10,-0.01,0.01
156.42,-0.011,0.003,9.815,-0.11,0.19,0.10
156.44,-0.002,0.061,9.842,-0.08,-0.02,-0.14
156.46,0.043,0.063,9.795,0.00,0.10,-0.11
156.48,-0.017,-0.013,9.816,-0.01,-0.16,0.04
156.50,0.015,0.006,9.739,-0.09,0.07,-0.03
156.52,-0.010,0.128,9.752,0.03,0.12,0.15
156.54,0.009,0.011,9.942,0.03,-0.02,0.14
156.56,-0.111,-0.019,9.818,-0.18,-0.04,0.09
156.58,-0.103,-0.017,9.701,-0.07,0.05,-0.05
156.60,0.064,0.023,9.795,0.02,0.04,0.05
156.62,0.044,-0.015,9.829,-0.13,0.12,-0.08
156.64,0.005,0.012,9.840,-0.12,0.06,-0.00
156.66,-0.024,-0.031,9.753,0.08,0.07,-0.03
156.68,-0.045,-0.071,9.831,0.14,-0.13,0.17
156.70,-0.037,0.023,9.888,-0.17,-0.09,0.04
156.72,0.007,0.102,9.937,0.08,0.01,-0.04
156.74,0.027,-0.095,9.715,-0.04,0.10,-0.12
156.76,0.038,-0.009,9.721,0.10,0.06,0.04
156.78,0.056,-0.002,9.895,0.02,-0.09,-0.01
156.80,0.069,-0.067,9.809,-0.02,-0.05,-0.01
156.82,0.070,-0.001,9.780,0.03,0.06,-0.12
156.84,0.028,0.065,9.821,0.17,0.02,0.10
156.86,-0.037,0.043,9.771,-0.10,-0.24,0.05
156.88,-0.026,-0.090,9.773,0.06,0.12,0.05
156.90,0.009,-0.105,9.812,0.10,0.01,0.01
156.92,-0.058,0.081,9.845,-0.08,-0.17,-0.22
156.94,0.077,-0.071,9.678,0.18,0.01,-0.02
156.96,0.002,0.007,9.814,-0.22,0.01,0.01
156.98,0.036,0.004,9.814,-0.03,-0.06,0.07
157.00,0.041,-0.007,9.755,0.27,0.07,-0.03
157.02,-0.016,0.006,9.760,0.07,-0.07,-0.03
157.04,-0.017,-0.023,9.853,-0.10,0.16,0.14
157.06,-0.028,-0.037,9.724,0.13,0.20,0.06
157.08,-0.050,0.034,9.859,0.15,0.12,0.06
157.10,-0.016,0.052,9.795,-0.06,0.05,0.04
157.12,-0.061,-0.011,9.877,-0.10,-0.00,0.15
157.14,-0.049,0.020,9.727,-0.06,0.15,0.12
157.16,-0.034,0.084,9.864,0.02,-0.09,0.09
157.18,0.040,-0.016,9.791,-0.05,0.01,-0.10
157.20,-0.015,-0.024,9.808,0.06,0.09,0.04
157.22,0.017,0.027,9.775,0.08,-0.03,0.07
157.24,-0.004,0.018,9.780,0.10,-0.17,0.00
157.26,0.011,-0.010,9.874,-0.10,-0.08,-0.14
157.28,-0.010,0.098,9.810,-0.05,0.09,0.21
157.30,0.028,0.002,9.803,-0.14,-0.11,-0.18
157.32,-0.019,0.040,9.784,-0.06,0.00,-0.05
157.34,-0.160,-0.062,9.691,0.04,0.03,0.03
157.36,0.050,0.002,9.809,-0.08,-0.00,0.08
157.38,-0.043,-0.004,9.843,-0.14,-0.07,-0.12
157.40,0.068,-0.032,9.841,-0.21,0.04,-0.08
157.42,0.041,0.097,9.723,0.07,0.14,0.06
157.44,-0.103,0.038,9.821,0.19,0.05,0.11
157.46,0.013,0.050,9.808,-0.20,0.20,-0.04
157.48,0.030,0.009,9.861,0.07,0.20,-0.02
157.50,0.057,0.031,9.800,0.00,-0.06,0.05
157.52,-0.021,-0.079,9.778,-0.10,-0.06,0.06
157.54,-0.056,0.043,9.758,0.04,-0.03,0.00
157.56,-0.011,0.105,9.807,-0.14,0.15,0.03
157.58,0.069,-0.007,9.821,0.06,0.08,-0.06
157.60,-0.077,-0.010,9.801,0.09,0.11,-0.08
157.62,-0.068,-0.018,9.854,-0.09,-0.08,-0.07
157.64,-0.102,-0.032,9.697,-0.10,-0.00,0.01
157.66,0.008,0.029,9.768,0.20,-0.11,-0.07
157.68,0.047,-0.019,9.803,0.13,-0.01,-0.02
157.70,-0.070,-0.005,9.865,-0.20,-0.09,-0.05
157.72,-0.010,0.011,9.753,0.01,0.14,0.00
157.74,0.030,-0.055,9.865,0.22,-0.02,0.14
157.76,-0.032,0.097,9.791,0.13,-0.07,-0.08
157.78,0.063,0.013,9.856,-0.10,0.05,0.18
157.80,0.037,0.078,9.860,0.10,-0.16,-0.14
157.82,0.011,-0.010,9.808,-0.01,-0.12,-0.09
157.84,-0.056,-0.047,9.805,-0.10,0.16,-0.21
157.86,-0.067,0.002,9.832,0.01,0.18,-0.01
157.88,0.085,0.012,9.851,0.05,0.04,0.24
157.90,0.058,-0.023,9.746,0.07,0.14,-0.05
157.92,0.031,0.124,9.774,0.02,-0.17,0.00
157.94,-0.060,-0.019,9.852,-0.01,0.11,-0.06
157.96,-0.029,-0.118,9.795,0.24,0.04,0.01
157.98,-0.010,-0.023,9.859,0.04,0.09,0.19
158.00,-0.135,-0.021,9.812,0.10,0.15,-0.06
158.02,-0.002,0.021,9.774,0.08,-0.19,-0.09
158.04,0.006,0.040,9.849,-0.02,0.07,-0.08
158.06,0.014,0.019,9.769,-0.06,-0.13,-0.08
158.08,0.108,0.040,9.862,-0.09,-0.02,0.06
158.10,-0.009,-0.059,9.795,0.05,0.05,-0.03
158.12,-0.014,-0.085,9.866,-0.11,0.02,0.19
158.14,-0.001,-0.033,9.840,0.09,0.14,0.13
158.16,-0.033,-0.028,9.745,-0.03,0.12,0.29
158.18,0.001,-0.023,9.880,-0.11,-0.04,0.05
158.20,0.019,-0.066,9.735,0.06,-0.02,-0.08
158.22,-0.047,-0.046,9.775,0.14,-0.07,0.03
158.24,0.061,-0.094,9.810,-0.08,0.04,0.07
158.26,-0.011,-0.003,9.851,-0.07,-0.03,0.09
158.28,0.072,0.018,9.802,-0.05,-0.02,0.06
158.30,0.040,0.012,9.776,0.05,-0.10,-0.08
158.32,-0.080,0.024,9.729,-0.04,0.05,0.27
158.34,-0.058,0.042,9.818,-0.07,-0.12,-0.28
158.36,-0.076,-0.016,9.804,0.06,0.02,0.07
158.38,0.089,0.012,9.821,-0.10,-0.02,0.10
158.40,0.008,0.013,9.812,-0.08,0.02,0.11
158.42,-0.049,0.016,9.760,0.15,0.10,0.01
158.44,-0.076,0.025,9.773,-0.02,-0.08,0.05
158.46,0.006,-0.031,9.789,-0.07,0.06,-0.05
158.48,0.047,0.029,9.833,-0.08,0.05,0.08
158.50,-0.131,-0.005,9.823,0.20,0.07,0.08
158.52,-0.007,0.025,9.782,-0.17,0.12,0.09
158.54,-0.050,-0.019,9.823,-0.11,-0.07,-0.09
158.56,0.087,0.015,9.801,0.04,0.06,0.07
158.58,0.033,0.058,9.761,0.03,-0.05,0.06
158.60,0.044,0.024,9.846,-0.09,0.08,-0.03
158.62,0.038,0.019,9.704,-0.31,0.03,0.09
158.64,-0.015,-0.022,9.822,0.03,0.10,-0.05
158.66,-0.090,-0.052,9.852,-0.01,-0.16,0.13
158.68,-0.019,0.029,9.855,-0.18,0.18,-0.13
158.70,-0.014,0.054,9.761,-0.03,-0.00,0.00
158.72,-0.005,-0.010,9.833,0.11,-0.07,-0.12
158.74,0.099,0.069,9.778,-0.11,0.09,-0.01
158.76,0.006,-0.048,9.758,0.15,0.07,0.09
158.78,0.054,-0.071,9.739,-0.12,-0.06,-0.05
158.80,-0.033,0.000,9.848,-0.07,0.10,0.02
158.82,0.015,0.082,9.871,-0.08,0.02,0.20
158.84,0.066,-0.033,9.823,0.02,0.11,0.17
158.86,0.028,-0.002,9.862,0.01,-0.01,0.04
158.88,0.022,0.063,9.846,0.03,-0.03,0.16
158.90,-0.004,0.050,9.797,0.02,0.10,-0.04
158.92,-0.054,-0.017,9.757,-0.03,-0.10,-0.14
158.94,-0.028,-0.039,9.873,-0.12,0.09,0.06
158.96,-0.046,0.033,9.721,-0.04,-0.15,0.12
158.98,0.029,0.122,9.903,-0.10,0.15,0.14
159.00,-0.025,0.065,9.872,-0.18,-0.08,0.02
159.02,-0.035,0.105,9.763,-0.05,0.01,-0.17
159.04,0.065,0.034,9.835,0.01,-0.02,0.02
159.06,-0.015,0.036,9.806,0.07,0.01,0.15
159.08,-0.051,0.017,9.830,-0.22,0.05,-0.04
159.10,-0.078,0.012,9.818,-0.07,-0.09,0.17
159.12,0.025,0.064,9.724,-0.09,0.13,-0.01
159.14,0.012,-0.096,9.756,-0.17,0.17,-0.14
159.16,-0.007,0.032,9.835,0.07,0.00,0.05
159.18,0.041,0.037,9.893,0.03,-0.00,-0.12
159.20,-0.004,0.034,9.795,0.04,0.01,0.04
159.22,-0.033,-0.007,9.732,0.03,0.01,0.08
159.24,-0.046,0.090,9.788,-0.04,-0.05,0.05
159.26,-0.040,-0.020,9.760,0.08,-0.09,-0.09
159.28,-0.048,0.025,9.843,0.07,0.12,-0.04
159.30,-0.037,-0.029,9.788,0.06,-0.04,0.10
159.32,-0.024,-0.057,9.837,-0.01,0.09,-0.12
159.34,-0.042,-0.026,9.797,0.15,0.18,-0.00
159.36,0.008,0.030,9.897,-0.04,0.15,-0.01
159.38,0.043,-0.033,9.763,0.13,-0.01,0.05
159.40,0.050,0.051,9.714,-0.05,0.01,-0.02
159.42,-0.012,0.023,9.753,-0.03,-0.07,0.05
159.44,0.048,0.103,9.772,-0.09,-0.09,0.27
159.46,0.030,0.003,9.869,0.11,0.05,0.05
159.48,-0.082,0.088,9.756,-0.02,0.02,0.14
159.50,-0.005,-0.017,9.796,-0.24,0.04,0.11
159.52,0.074,-0.005,9.893,0.08,-0.17,-0.02
159.54,-0.120,0.009,9.745,0.20,-0.03,-0.21
159.56,0.062,-0.019,9.764,0.13,-0.20,-0.03
159.58,0.002,-0.049,9.774,-0.15,0.15,-0.06
159.60,0.063,-0.034,9.781,-0.02,0.08,0.08
159.62,-0.074,0.019,9.774,0.00,-0.09,0.02
159.64,0.018,-0.008,9.770,0.12,-0.01,-0.09
159.66,0.009,-0.062,9.946,0.27,-0.05,-0.02
159.68,-0.013,0.015,9.827,-0.07,-0.15,0.10
159.70,-0.035,0.009,9.740,0.05,0.22,-0.05
159.72,-0.042,-0.038,9.795,-0.02,0.04,0.05
159.74,0.051,-0.080,9.834,0.04,0.01,-0.01
159.76,0.003,0.010,9.858,-0.09,0.07,0.09
159.78,-0.024,0.034,9.778,0.17,0.08,0.14
159.80,0.001,0.042,9.871,-0.05,-0.04,0.10
159.82,-0.045,0.032,9.800,-0.08,0.18,0.10
159.84,-0.039,0.063,9.866,-0.21,0.05,-0.06
159.86,0.020,0.009,9.764,0.06,0.11,0.04
159.88,-0.049,-0.009,9.811,0.06,0.11,-0.08
159.90,-0.044,-0.021,9.768,-0.05,-0.09,-0.10
159.92,0.030,-0.044,9.829,0.24,-0.10,0.14
159.94,0.029,-0.021,9.835,0.09,0.05,-0.16
159.96,-0.053,0.073,9.800,-0.06,0.01,0.09
159.98,0.042,-0.071,9.777,-0.19,0.04,0.15
160.00,-0.068,-0.040,9.838,-0.03,0.09,0.04
160.02,0.002,-0.007,9.819,0.08,0.07,0.07
160.04,-0.053,-0.019,9.826,-0.11,-0.06,-0.00
160.06,-0.020,-0.015,9.856,-0.06,0.09,0.06
160.08,-0.066,-0.015,9.872,0.12,-0.00,0.06
160.10,0.020,0.027,9.778,0.19,-0.06,-0.04
160.12,0.011,0.038,9.777,0.13,0.03,0.04
160.14,-0.014,-0.018,9.845,0.03,0.07,0.13
160.16,0.017,-0.005,9.819,0.16,-0.11,0.02
160.18,0.045,-0.007,9.878,0.01,0.11,0.06
160.20,0.033,-0.052,9.864,0.29,-0.02,-0.16
160.22,-0.008,0.090,9.749,0.04,0.00,0.14
160.24,-0.066,0.028,9.886,0.10,-0.03,0.13
160.26,-0.031,-0.033,9.860,-0.06,-0.19,0.10
160.28,0.055,-0.021,9.702,0.15,-0.10,-0.04
160.30,0.041,-0.026,9.804,-0.01,0.11,-0.05
160.32,-0.025,0.041,9.894,0.05,-0.02,0.08
160.34,-0.037,-0.098,9.852,0.01,-0.15,0.11
160.36,-0.078,-0.004,9.729,-0.09,-0.06,-0.15
160.38,0.036,0.103,9.842,-0.06,-0.09,0.08
160.40,0.045,0.077,9.814,0.13,0.00,-0.07
160.42,0.072,-0.017,9.747,0.26,0.05,-0.13
160.44,0.041,-0.034,9.754,0.22,0.03,-0.02
160.46,0.022,-0.028,9.851,0.20,0.04,-0.03
160.48,0.059,-0.000,9.852,-0.02,0.09,-0.06
160.50,-0.074,0.005,9.871,-0.00,0.11,0.03
160.52,-0.051,-0.030,9.827,-0.41,0.13,-0.10
160.54,-0.032,0.010,9.808,-0.03,-0.09,0.09
160.56,-0.058,-0.004,9.797,0.01,-0.07,0.07
160.58,0.031,-0.079,9.818,-0.02,0.05,0.07
160.60,-0.061,-0.005,9.778,0.14,-0.20,0.15
160.62,0.047,0.009,9.786,-0.01,0.05,0.14
160.64,0.036,-0.000,9.843,-0.21,-0.16,0.05
160.66,0.055,-0.002,9.775,0.02,0.06,0.25
160.68,0.028,0.008,9.836,0.16,-0.06,-0.02
160.70,-0.047,0.043,9.808,0.00,0.04,-0.04
160.72,-0.089,0.016,9.737,0.02,-0.04,-0.03
160.74,-0.024,0.054,9.810,-0.04,0.04,-0.06
160.76,-0.063,0.011,9.853,-0.01,-0.04,-0.14
160.78,-0.064,-0.015,9.799,-0.08,-0.01,-0.02
160.80,-0.070,-0.031,9.718,-0.03,0.05,0.18
160.82,-0.005,0.022,9.868,0.07,0.09,-0.07
160.84,0.056,-0.008,9.764,-0.04,-0.12,-0.23
160.86,0.017,0.045,9.800,-0.16,0.07,0.10
160.88,0.033,-0.005,9.857,-0.03,-0.01,0.05
160.90,-0.112,0.019,9.907,-0.11,0.10,-0.04
160.92,-0.044,0.001,9.832,0.07,0.21,-0.10
160.94,0.020,-0.054,9.781,0.01,0.15,0.02
160.96,-0.003,0.036,9.795,0.10,-0.16,0.02
160.98,0.015,-0.029,9.767,0.14,-0.01,0.06
161.00,-0.007,0.002,9.845,-0.11,-0.00,0.03
161.02,0.061,0.022,9.761,-0.05,0.05,-0.01
161.04,-0.025,0.027,9.804,-0.04,0.12,0.10
161.06,-0.024,-0.031,9.808,-0.05,0.00,-0.13
161.08,0.015,0.056,9.813,-0.08,-0.14,0.10
161.10,0.028,0.126,9.799,0.03,0.02,0.11
161.12,0.002,-0.038,9.773,-0.06,-0.06,0.24
161.14,0.085,-0.010,9.696,0.02,-0.06,-0.01
161.16,0.054,0.043,9.864,0.10,-0.19,-0.02
161.18,-0.053,0.020,9.864,-0.02,-0.03,0.05
161.20,-0.073,-0.055,9.757,-0.02,-0.03,0.18
161.22,0.090,0.058,9.811,0.11,-0.08,-0.01
161.24,-0.068,0.109,9.751,0.02,-0.05,0.06
161.26,-0.002,-0.089,9.807,-0.01,0.12,0.06
161.28,0.050,-0.019,9.806,0.13,0.12,0.21
161.30,-0.044,-0.000,9.869,-0.15,-0.11,-0.17
161.32,-0.034,-0.000,9.809,-0.14,-0.10,-0.08
161.34,-0.003,-0.053,9.820,-0.01,0.14,0.01
161.36,-0.029,0.057,9.857,0.05,0.03,0.00
161.38,0.025,-0.080,9.916,-0.05,-0.09,0.20
161.40,0.021,0.009,9.808,-0.10,0.13,-0.08
161.42,-0.047,-0.058,9.817,0.09,-0.02,0.20
161.44,-0.094,-0.046,9.769,0.11,-0.05,0.01
161.46,0.023,0.109,9.790,-0.02,-0.04,0.04
161.48,-0.043,0.059,9.852,-0.11,-0.05,-0.08
161.50,-0.055,0.103,9.852,0.05,0.00,-0.10
161.52,-0.073,-0.044,9.867,0.01,0.12,0.10
161.54,-0.041,-0.046,9.873,0.08,-0.09,0.12
161.56,-0.040,-0.004,9.858,0.14,0.08,0.24
161.58,0.079,0.076,9.850,0.08,0.43,0.01
161.60,-0.038,0.016,9.910,-0.00,0.16,-0.10
161.62,-0.050,0.114,9.819,0.17,0.06,0.09
161.64,0.072,-0.028,9.746,0.02,-0.03,-0.09
161.66,-0.034,0.010,9.757,-0.11,-0.08,0.00
161.68,0.021,0.036,9.834,-0.16,-0.12,-0.10
161.70,-0.030,0.003,9.827,-0.07,0.00,-0.20
161.72,0.128,0.058,9.904,0.13,-0.00,0.07
161.74,-0.033,-0.056,9.605,-0.00,-0.07,-0.18
161.76,0.045,-0.012,9.755,-0.11,0.04,0.32
161.78,-0.009,0.048,9.772,0.11,-0.01,0.01
161.80,-0.046,0.017,9.825,0.04,-0.12,-0.22
161.82,0.041,-0.031,9.839,0.06,0.15,0.04
161.84,-0.009,0.022,9.807,0.05,-0.08,0.11
161.86,-0.007,-0.021,9.746,-0.10,-0.14,-0.01
161.88,0.001,-0.018,9.861,-0.17,0.11,0.08
161.90,-0.088,-0.078,9.785,0.06,-0.06,-0.02
161.92,0.037,-0.008,9.792,0.13,0.11,0.13
161.94,0.035,0.024,9.811,0.05,0.07,0.08
161.96,-0.089,0.047,9.821,0.29,0.03,-0.08
161.98,0.012,-0.013,9.896,-0.02,0.13,-0.10
162.00,-0.031,0.104,9.836,-0.07,-0.10,0.05
162.02,0.046,-0.040,9.786,-0.01,0.08,-0.13
162.04,-0.041,-0.012,9.832,-0.09,0.02,0.03
162.06,-0.037,-0.016,9.774,-0.13,0.03,-0.18
162.08,0.001,0.042,9.801,0.05,0.05,0.08
162.10,0.002,-0.039,9.778,-0.12,0.07,0.33
162.12,-0.058,0.009,9.792,-0.04,-0.18,0.20
162.14,-0.003,0.010,9.824,-0.01,-0.08,0.04
162.16,-0.103,-0.053,9.832,0.03,0.01,0.02
162.18,-0.010,0.069,9.791,-0.05,0.04,-0.07
162.20,0.005,0.006,9.772,-0.06,-0.19,-0.06
162.22,-0.009,0.043,9.817,-0.01,-0.20,-0.03
162.24,0.018,-0.003,9.777,-0.11,-0.02,-0.03
162.26,-0.095,0.118,9.856,0.08,0.13,-0.09
162.28,-0.063,0.002,9.873,-0.14,-0.09,0.16
162.30,-0.110,0.033,9.767,0.15,-0.02,0.01
162.32,0.080,-0.033,9.776,-0.02,-0.06,0.12
162.34,-0.003,-0.032,9.803,-0.10,0.01,-0.16
162.36,-0.037,0.044,9.840,-0.05,-0.01,0.06
162.38,-0.010,-0.028,9.834,-0.09,0.13,0.11
162.40,0.006,-0.025,9.805,0.05,-0.11,-0.08
162.42,0.086,0.067,9.737,0.05,-0.08,-0.03
162.44,0.067,-0.030,9.743,-0.01,-0.14,0.11
162.46,0.104,-0.030,9.862,-0.01,-0.03,0.06
162.48,0.008,-0.068,9.768,0.21,0.00,0.04
162.50,0.006,0.004,9.797,0.04,0.10,0.01
162.52,0.021,0.033,9.818,0.12,0.08,0.07
162.54,0.040,0.014,9.866,0.01,0.16,0.02
162.56,-0.084,0.057,9.798,-0.20,0.01,0.04
162.58,-0.004,-0.014,9.703,-0.04,0.06,0.10
162.60,-0.000,-0.009,9.802,-0.07,0.04,-0.09
162.62,0.078,-0.133,9.734,0.00,0.01,-0.19
162.64,-0.092,0.080,9.779,-0.18,-0.01,0.02
162.66,0.010,0.019,9.769,0.00,-0.05,-0.19
162.68,0.050,0.045,9.833,0.13,-0.15,0.26
162.70,-0.002,0.024,9.849,-0.01,-0.03,0.07
162.72,0.018,0.036,9.749,-0.04,-0.16,0.09
162.74,0.065,-0.050,9.783,0.18,-0.05,-0.15
162.76,-0.067,0.067,9.811,-0.07,0.02,0.08
162.78,0.124,-0.057,9.833,-0.07,-0.11,0.09
162.80,-0.070,-0.028,9.830,-0.02,0.01,-0.01
162.82,-0.043,-0.023,9.856,-0.07,0.01,-0.07
162.84,0.042,-0.020,9.779,-0.14,-0.00,-0.13
162.86,-0.038,-0.004,9.673,-0.01,0.02,0.02
162.88,0.037,-0.065,9.775,-0.12,-0.15,-0.04
162.90,-0.040,0.059,9.812,0.05,-0.06,-0.02
162.92,0.038,-0.010,9.881,-0.01,0.06,0.10
162.94,0.014,0.030,9.828,0.02,-0.08,-0.00
162.96,0.058,-0.024,9.814,-0.13,-0.03,0.04
162.98,0.056,0.026,9.807,-0.02,-0.05,0.02
163.00,-0.084,-0.045,9.786,0.12,0.00,0.03
163.02,0.029,0.040,9.770,-0.20,-0.02,0.04
163.04,-0.024,-0.107,9.753,-0.06,-0.02,0.26
163.06,-0.020,-0.037,9.720,-0.10,0.01,0.05
163.08,0.027,0.049,9.785,-0.05,-0.03,0.07
163.10,-0.057,-0.033,9.791,0.10,0.10,0.11
163.12,0.109,0.082,9.810,-0.03,-0.14,0.05
163.14,-0.078,0.025,9.855,0.03,0.13,-0.12
163.16,0.026,0.088,9.832,-0.00,-0.21,0.05
163.18,0.060,0.047,9.777,-0.18,-0.03,-0.08
163.20,0.027,-0.049,9.805,-0.16,-0.15,-0.20
163.22,0.037,-0.098,9.808,-0.01,-0.16,-0.10
163.24,0.005,-0.011,9.847,-0.27,0.03,-0.28
163.26,-0.004,0.021,9.827,-0.14,0.10,-0.09
163.28,-0.053,-0.006,9.841,0.02,0.01,0.15
163.30,0.033,-0.047,9.790,-0.17,-0.01,0.13
163.32,-0.022,0.027,9.801,-0.03,-0.07,-0.09
163.34,0.043,-0.008,9.843,-0.01,0.19,0.13
163.36,0.021,-0.030,9.803,-0.05,-0.10,0.02
163.38,0.026,-0.097,9.923,-0.08,-0.02,0.08
163.40,-0.073,-0.031,9.806,-0.18,0.11,-0.08
163.42,-0.044,-0.071,9.717,0.10,0.09,0.13
163.44,-0.012,0.052,9.828,0.04,-0.12,-0.13
163.46,-0.022,-0.085,9.826,0.04,0.02,0.08
163.48,-0.080,-0.027,9.857,0.03,0.09,-0.12
163.50,-0.051,-0.057,9.807,0.03,0.08,0.03
163.52,0.002,-0.064,9.909,-0.05,-0.09,-0.08
163.54,-0.068,0.043,9.923,-0.03,-0.11,0.01
163.56,0.077,0.094,9.879,-0.00,0.00,0.07
163.58,-0.066,0.068,9.704,0.06,-0.09,0.18
163.60,0.030,-0.031,9.806,-0.04,-0.02,-0.06
163.62,-0.005,-0.016,9.774,-0.02,-0.10,-0.18
163.64,0.001,-0.024,9.765,0.11,0.12,0.01
163.66,-0.015,0.050,9.797,0.03,-0.03,0.09
163.68,-0.006,-0.076,9.859,-0.05,0.17,0.03
163.70,-0.007,0.028,9.750,-0.04,-0.03,0.02
163.72,-0.060,0.002,9.787,-0.02,-0.25,0.06
163.74,-0.003,0.063,9.771,-0.00,0.08,0.02
163.76,-0.081,0.042,9.776,0.14,0.05,0.09
163.78,-0.035,0.033,9.793,-0.12,-0.03,-0.22
163.80,0.023,-0.042,9.765,-0.06,-0.23,0.26
163.82,0.100,0.096,9.749,0.27,-0.07,-0.17
163.84,-0.015,0.068,9.808,0.27,0.01,0.10
163.86,-0.037,-0.014,9.817,-0.16,-0.05,-0.03
163.88,-0.021,-0.064,9.893,0.07,-0.14,0.03
163.90,0.033,0.023,9.776,0.01,0.04,-0.08
163.92,0.046,0.086,9.827,-0.02,0.06,-0.25
163.94,0.033,-0.093,9.838,-0.08,-0.09,0.05
163.96,0.088,-0.035,9.868,-0.09,-0.01,0.05
163.98,0.010,-0.092,9.896,-0.08,0.16,0.01
164.00,-0.068,-0.035,9.842,0.12,-0.02,0.00
164.02,-0.037,0.020,9.832,-0.11,0.06,0.05
164.04,-0.065,0.026,9.849,0.04,0.04,0.05
164.06,-0.073,-0.053,9.825,0.03,0.08,-0.21
164.08,-0.002,0.065,9.819,0.11,0.03,-0.07
164.10,-0.087,-0.005,9.804,0.13,0.10,0.07
164.12,0.035,0.006,9.845,-0.05,-0.02,0.15
164.14,0.015,0.081,9.817,0.00,-0.08,-0.25
164.16,-0.001,-0.101,9.865,-0.02,0.06,0.12
164.18,0.026,0.093,9.803,0.12,-0.11,0.00
164.20,-0.041,0.048,9.904,0.01,-0.03,0.11
164.22,-0.007,-0.017,9.899,-0.15,0.19,-0.11
164.24,0.015,-0.020,9.827,0.04,-0.05,-0.11
164.26,0.034,-0.014,9.863,-0.04,0.05,-0.05
164.28,0.005,-0.076,9.807,-0.04,-0.12,-0.06
164.30,-0.042,0.050,9.729,0.11,-0.10,-0.04
164.32,-0.015,-0.001,9.843,0.10,0.04,0.12
164.34,-0.067,-0.004,9.889,-0.08,0.05,0.12
164.36,-0.029,-0.174,9.756,0.18,0.10,0.07
164.38,-0.029,0.024,9.822,0.08,0.04,0.08
164.40,0.115,0.048,9.854,0.06,-0.01,-0.05
164.42,-0.005,-0.010,9.814,0.08,0.01,-0.09
164.44,-0.016,0.032,9.812,0.03,-0.03,-0.02
164.46,-0.007,-0.066,9.842,0.13,0.04,-0.06
164.48,-0.039,0.026,9.753,0.13,0.10,0.06
164.50,-0.023,0.011,9.777,-0.09,-0.04,-0.03
164.52,-0.010,0.068,9.827,0.09,0.04,-0.04
164.54,-0.032,0.021,9.772,-0.08,0.00,0.18
164.56,-0.042,-0.002,9.804,0.09,0.13,-0.11
164.58,0.003,-0.014,9.831,-0.07,-0.22,-0.10
164.60,-0.047,0.063,9.863,-0.03,0.09,0.07
164.62,-0.053,0.080,9.798,-0.15,-0.14,-0.17
164.64,0.030,0.086,9.951,-0.04,0.02,-0.14
164.66,-0.032,0.038,9.775,-0.00,-0.17,-0.21
164.68,0.066,0.031,9.808,-0.01,0.09,0.05
164.70,0.017,-0.068,9.807,0.11,0.01,-0.13
164.72,0.002,0.002,9.724,-0.04,0.04,-0.03
164.74,-0.017,0.029,9.763,-0.01,0.02,-0.08
164.76,0.024,0.037,9.867,-0.12,-0.00,-0.02
164.78,0.068,-0.016,9.735,-0.16,0.09,-0.17
164.80,0.007,-0.003,9.855,-0.09,0.12,-0.01
164.82,0.026,-0.051,9.800,0.07,-0.04,-0.07
164.84,0.035,-0.033,9.899,-0.03,-0.01,-0.01
164.86,0.010,0.000,9.720,-0.02,-0.13,0.07
164.88,0.059,-0.065,9.824,-0.04,-0.05,0.00
164.90,-0.030,-0.063,9.873,0.11,-0.10,0.13
164.92,0.063,0.021,9.817,0.05,-0.22,0.10
164.94,0.051,0.028,9.756,0.08,0.14,0.09
164.96,-0.025,-0.047,9.805,-0.03,-0.02,-0.03
164.98,-0.020,0.002,9.899,0.07,-0.23,0.01
165.00,-0.010,0.011,9.839,-0.00,0.02,0.06
165.02,0.031,-0.014,9.839,0.12,-0.06,-0.05
165.04,0.053,-0.030,9.799,0.09,-0.01,-0.13
165.06,-0.090,-0.000,9.895,-0.10,-0.15,0.07
165.08,-0.065,0.065,9.766,-0.09,0.14,0.11
165.10,-0.020,-0.058,9.725,-0.07,0.05,-0.05
165.12,-0.004,0.022,9.774,0.12,0.22,0.06
165.14,-0.002,0.041,9.804,-0.04,-0.06,-0.10
165.16,-0.023,0.015,9.770,0.00,0.11,0.02
165.18,-0.020,-0.092,9.767,-0.01,0.21,-0.06
165.20,0.088,0.105,9.824,-0.05,0.05,-0.08
165.22,0.151,0.082,9.852,-0.02,0.13,0.07
165.24,0.072,0.048,9.765,-0.00,-0.18,-0.01
165.26,-0.024,0.053,9.843,-0.02,-0.01,-0.15
165.28,-0.039,-0.012,9.870,0.04,-0.05,-0.18
165.30,-0.124,-0.093,9.734,0.14,0.24,0.03
165.32,-0.005,-0.013,9.787,-0.00,-0.12,-0.01
165.34,0.067,-0.007,9.813,0.07,0.10,0.12
165.36,0.008,0.058,9.794,-0.10,-0.14,-0.08
165.38,-0.065,0.025,9.760,0.18,-0.05,-0.07
165.40,0.077,0.006,9.791,0.05,0.16,-0.02
165.42,0.019,-0.035,9.750,-0.08,-0.05,-0.08
165.44,0.036,-0.027,9.758,-0.21,-0.03,-0.20
165.46,0.006,0.009,9.827,0.05,-0.06,0.09
165.48,-0.014,-0.011,9.754,-0.03,0.12,-0.12
165.50,-0.076,-0.130,9.792,-0.11,0.03,-0.14
165.52,-0.113,-0.027,9.923,0.05,-0.14,-0.04
165.54,-0.041,0.037,9.840,0.04,0.05,0.02
165.56,-0.034,0.019,9.873,0.03,-0.01,-0.02
165.58,-0.010,0.057,9.807,0.05,-0.09,0.01
165.60,0.024,0.016,9.868,0.28,-0.19,-0.03
165.62,-0.083,-0.047,9.808,0.17,0.08,0.06
165.64,0.045,-0.035,9.873,0.03,-0.04,0.03
165.66,-0.053,0.016,9.864,-0.16,-0.11,-0.02
165.68,0.006,0.031,9.724,0.16,-0.08,0.20
165.70,-0.033,-0.027,9.808,0.09,0.08,0.12
165.72,-0.033,0.021,9.806,-0.04,-0.09,0.13
165.74,-0.039,0.049,9.795,-0.10,-0.05,0.11
165.76,-0.028,0.023,9.812,-0.09,-0.13,0.02
165.78,0.060,-0.006,9.791,0.09,0.04,-0.02
165.80,0.036,0.087,9.799,-0.07,0.13,0.14
165.82,0.038,0.072,9.835,0.05,0.00,0.01
165.84,0.009,0.071,9.844,-0.06,0.10,0.10
165.86,0.019,-0.018,9.856,-0.07,-0.10,-0.00
165.88,0.018,0.062,9.853,0.02,0.14,-0.15
165.90,-0.029,-0.087,9.822,0.18,0.13,0.04
165.92,0.071,0.014,9.840,-0.02,-0.09,-0.04
165.94,0.033,-0.025,9.883,-0.08,0.11,-0.00
165.96,0.015,0.067,9.810,0.06,-0.06,0.11
165.98,-0.011,-0.000,9.823,0.03,-0.01,0.02
166.00,-0.011,-0.058,9.822,0.06,-0.13,0.08
166.02,-0.032,0.057,9.817,0.12,0.01,-0.02
166.04,0.044,0.044,9.745,0.06,0.18,0.04
166.06,-0.041,0.024,9.848,0.05,0.09,-0.23
166.08,0.091,0.041,9.837,0.09,-0.15,0.12
166.10,-0.003,-0.007,9.750,0.01,-0.11,-0.05
166.12,-0.014,-0.093,9.800,-0.06,0.21,-0.07
166.14,-0.035,-0.041,9.765,-0.02,0.14,0.15
166.16,0.007,0.015,9.805,-0.10,0.13,0.02
166.18,-0.043,-0.014,9.763,-0.16,-0.06,0.02
166.20,0.003,-0.020,9.786,-0.10,-0.04,-0.02
166.22,0.060,0.038,9.869,-0.01,-0.16,0.09
166.24,0.003,0.027,9.773,-0.00,-0.04,0.12
166.26,-0.055,-0.026,9.764,0.04,0.13,0.03
166.28,-0.007,0.070,9.817,0.00,0.16,0.03
166.30,-0.057,-0.050,9.848,-0.06,0.06,-0.05
166.32,-0.009,0.035,9.861,-0.02,0.05,0.04
166.34,0.065,0.049,9.818,-0.08,-0.02,0.15
166.36,0.029,0.027,9.861,0.01,0.00,0.01
166.38,-0.022,-0.013,9.809,-0.13,-0.09,0.09
166.40,0.034,-0.017,9.816,-0.19,-0.08,-0.13
166.42,0.062,-0.044,9.851,0.08,-0.03,-0.06
166.44,-0.007,0.002,9.748,-0.00,0.11,0.03
166.46,0.030,0.006,9.837,-0.09,-0.07,0.05
166.48,0.011,0.014,9.884,-0.07,-0.00,-0.03
166.50,0.011,0.037,9.751,-0.11,-0.10,-0.18
166.52,-0.071,-0.007,9.851,-0.19,-0.16,0.17
166.54,0.067,0.011,9.812,0.04,-0.18,0.08
166.56,0.011,0.031,9.780,-0.07,0.06,0.08
166.58,-0.023,-0.053,9.826,0.19,0.07,-0.09
166.60,-0.086,0.025,9.743,-0.09,-0.02,-0.10
166.62,-0.050,-0.073,9.874,0.06,-0.30,0.09
166.64,0.048,0.076,9.740,0.05,0.13,-0.04
166.66,-0.003,-0.009,9.840,0.13,0.00,0.06
166.68,-0.015,0.038,9.830,0.05,0.08,-0.01
166.70,0.031,-0.003,9.804,0.07,-0.13,0.03
166.72,0.010,0.023,9.893,0.12,-0.02,-0.06
166.74,-0.025,-0.044,9.735,0.07,0.01,0.10
166.76,-0.016,0.007,9.746,-0.06,0.13,-0.15
166.78,0.007,0.080,9.820,-0.03,0.08,-0.03
166.80,0.016,-0.085,9.772,-0.11,-0.06,-0.09
166.82,0.045,0.001,9.849,0.18,-0.01,0.11
166.84,0.009,-0.065,9.897,0.08,-0.01,-0.09
166.86,-0.055,0.068,9.700,-0.17,0.11,-0.12
166.88,-0.039,-0.075,9.844,-0.09,0.09,-0.23
166.90,0.009,0.047,9.802,0.00,-0.13,-0.10
166.92,0.066,-0.023,9.843,0.12,-0.13,0.04
166.94,0.044,0.032,9.787,0.08,-0.04,-0.04
166.96,-0.027,0.007,9.795,-0.11,-0.05,0.06
166.98,0.031,0.009,9.738,-0.11,-0.20,-0.06
167.00,-0.038,-0.041,9.775,-0.01,-0.03,-0.13
167.02,0.015,-0.031,9.885,-0.17,0.07,0.04
167.04,-0.041,-0.047,9.794,-0.02,-0.16,0.03
167.06,-0.036,0.006,9.836,0.05,-0.00,-0.02
167.08,-0.023,0.019,9.759,-0.08,0.09,-0.06
167.10,0.071,0.059,9.733,0.14,-0.08,-0.02
167.12,0.078,0.064,9.739,-0.03,0.06,-0.23
167.14,-0.035,-0.014,9.736,0.04,0.04,0.04
167.16,-0.003,-0.008,9.880,0.11,-0.01,0.03
167.18,-0.001,0.057,9.816,0.02,0.03,-0.17
167.20,0.018,-0.003,9.796,-0.07,-0.10,-0.01
167.22,0.053,-0.039,9.803,0.01,-0.05,0.01
167.24,0.009,0.032,9.764,-0.06,0.03,0.01
167.26,-0.041,-0.007,9.737,-0.15,0.09,0.17
167.28,0.001,0.069,9.898,-0.08,-0.05,-0.14
167.30,0.031,0.003,9.785,0.02,-0.10,-0.06
167.32,-0.074,0.016,9.745,-0.03,-0.12,-0.11
167.34,-0.075,0.063,9.822,-0.07,-0.08,0.01
167.36,0.047,0.014,9.844,-0.15,-0.20,0.04
167.38,-0.084,0.058,9.774,0.01,-0.27,0.07
167.40,-0.023,-0.086,9.781,-0.03,-0.02,-0.14
167.42,0.019,0.010,9.787,-0.01,-0.08,0.06
167.44,0.029,0.071,9.802,-0.22,0.06,0.04
167.46,-0.018,-0.002,9.788,-0.07,-0.03,-0.01
167.48,0.041,-0.014,9.801,0.16,0.14,-0.08
167.50,0.013,-0.014,9.795,-0.08,-0.10,-0.07
167.52,-0.004,0.010,9.733,0.15,-0.01,-0.02
167.54,-0.076,0.028,9.835,0.10,-0.21,0.13
167.56,0.051,-0.085,9.811,-0.12,0.19,-0.03
167.58,0.010,0.020,9.854,0.06,0.05,0.03
167.60,0.096,-0.062,9.871,-0.14,-0.11,-0.19
167.62,0.057,-0.031,9.807,-0.11,-0.15,0.01
167.64,0.053,0.031,9.709,0.02,-0.08,0.24
167.66,0.008,-0.039,9.836,0.06,-0.02,0.01
167.68,0.017,-0.042,9.756,0.04,0.06,0.06
167.70,-0.000,0.091,9.815,0.12,-0.04,-0.04
167.72,-0.022,-0.012,9.765,-0.05,0.04,-0.04
167.74,0.038,-0.037,9.874,0.09,0.01,-0.01
167.76,-0.026,-0.067,9.898,0.14,0.03,0.09
167.78,-0.043,-0.042,9.834,0.14,-0.02,-0.08
167.80,0.013,0.040,9.736,-0.06,0.11,0.07
167.82,-0.037,-0.033,9.759,0.11,0.10,-0.04
167.84,0.117,-0.097,9.750,0.05,-0.04,0.04
167.86,-0.102,-0.024,9.754,0.23,-0.08,0.14
167.88,-0.020,-0.096,9.880,0.09,0.18,0.11
167.90,-0.114,0.047,9.842,0.05,0.08,0.08
167.92,0.017,0.002,9.746,0.18,0.05,0.06
167.94,-0.093,0.030,9.839,0.01,0.03,0.02
167.96,-0.050,0.001,9.818,-0.01,-0.14,-0.01
167.98,-0.060,0.143,9.705,-0.00,-0.12,0.03
168.00,0.009,0.012,9.767,0.05,0.03,0.07
168.02,0.034,-0.057,9.754,0.09,-0.04,-0.05
168.04,-0.027,-0.007,9.791,-0.03,0.08,0.00
168.06,0.005,-0.055,9.757,0.10,-0.30,0.11
168.08,-0.029,-0.065,9.804,0.19,-0.02,0.01
168.10,0.049,0.023,9.869,-0.03,0.04,0.12
168.12,0.013,0.029,9.810,0.04,-0.14,0.09
168.14,-0.002,-0.036,9.846,0.14,-0.08,0.05
168.16,-0.037,0.032,9.845,-0.03,0.06,0.00
168.18,-0.110,-0.015,9.790,-0.00,-0.16,0.05
168.20,0.016,0.018,9.852,0.08,-0.15,-0.04
168.22,-0.016,-0.026,9.768,0.19,-0.10,-0.15
168.24,-0.015,-0.087,9.788,0.12,0.20,0.08
168.26,-0.027,0.002,9.864,0.19,0.02,0.03
168.28,-0.025,0.093,9.829,-0.03,-0.12,0.10
168.30,-0.122,0.068,9.885,0.18,0.17,0.16
168.32,0.025,-0.048,9.834,-0.10,0.15,-0.01
168.34,-0.052,-0.036,9.843,0.11,-0.01,0.05
168.36,-0.103,-0.016,9.779,-0.03,-0.16,0.14
168.38,0.082,-0.042,9.771,0.04,-0.07,0.03
168.40,0.056,-0.003,9.850,-0.04,-0.13,-0.21
168.42,0.036,-0.051,9.801,-0.10,0.03,0.13
168.44,0.014,-0.006,9.817,0.10,0.14,-0.07
168.46,0.017,0.024,9.755,0.03,0.05,0.07
168.48,-0.038,0.003,9.851,-0.15,-0.09,-0.12
168.50,-0.073,0.068,9.854,0.07,0.12,-0.13
168.52,-0.025,0.023,9.833,0.03,-0.04,-0.05
168.54,0.007,0.029,9.805,0.01,0.10,0.04
168.56,-0.024,-0.017,9.727,0.01,0.05,-0.09
168.58,0.126,-0.056,9.787,-0.07,-0.06,-0.16
168.60,-0.020,-0.108,9.779,-0.10,0.03,0.06
168.62,-0.073,-0.070,9.804,-0.03,-0.05,-0.00
168.64,-0.072,-0.050,9.809,-0.06,-0.03,-0.06
168.66,-0.022,0.001,9.781,0.15,0.07,-0.01
168.68,0.104,-0.066,9.741,-0.05,-0.09,-0.05
168.70,0.067,-0.056,9.787,-0.08,-0.19,0.05
168.72,0.030,0.083,9.864,-0.18,0.03,-0.17
168.74,-0.013,-0.046,9.843,-0.07,-0.07,0.12
168.76,0.143,-0.033,9.800,-0.17,0.04,0.18
168.78,0.011,-0.049,9.785,0.03,0.11,-0.06
168.80,0.012,-0.011,9.867,-0.10,0.03,0.03
168.82,0.059,0.016,9.795,-0.10,-0.01,-0.04
168.84,-0.067,0.027,9.734,-0.07,0.04,-0.03
168.86,-0.007,0.008,9.785,0.05,-0.10,-0.02
168.88,0.007,0.008,9.738,0.03,-0.09,-0.06
168.90,-0.030,0.094,9.741,0.01,0.06,-0.09
168.92,0.015,-0.008,9.742,0.05,-0.12,-0.18
168.94,0.021,0.016,9.785,-0.02,0.14,0.03
168.96,-0.037,-0.043,9.797,0.04,-0.04,-0.19
168.98,-0.086,-0.000,9.804,-0.12,-0.10,-0.09
169.00,0.006,-0.026,9.824,0.18,-0.05,0.05
169.02,0.049,-0.026,9.913,0.03,-0.12,0.08
169.04,0.030,-0.046,9.786,0.04,-0.00,0.07
169.06,0.023,-0.027,9.841,0.17,0.13,0.01
169.08,-0.047,-0.021,9.843,-0.09,-0.01,-0.05
169.10,0.015,0.008,9.854,-0.10,-0.06,0.01
169.12,-0.018,0.123,9.791,0.03,0.04,-0.10
169.14,0.037,0.049,9.800,-0.20,0.09,0.02
169.16,0.041,0.059,9.714,-0.15,0.14,0.08
169.18,-0.012,0.039,9.734,0.05,-0.09,0.17
169.20,0.060,0.017,9.767,0.04,0.07,0.11
169.22,-0.011,-0.054,9.788,0.08,0.04,0.02
169.24,0.019,-0.024,9.774,-0.12,-0.04,-0.05
169.26,-0.022,-0.020,9.712,-0.02,0.02,-0.11
169.28,-0.059,0.010,9.875,0.12,-0.07,-0.05
169.30,0.099,0.002,9.776,-0.13,0.22,0.13
169.32,-0.070,-0.038,9.772,-0.07,0.12,0.12
169.34,-0.003,-0.041,9.915,-0.14,-0.19,-0.16
169.36,-0.016,0.070,9.852,-0.04,-0.02,-0.11
169.38,0.025,-0.053,9.792,0.01,0.17,0.14
169.40,-0.027,0.015,9.790,0.06,-0.17,-0.02
169.42,-0.046,-0.004,9.826,0.03,-0.09,-0.03
169.44,-0.027,0.062,9.845,-0.01,0.04,0.02
169.46,0.012,-0.015,9.798,0.13,0.17,0.04
169.48,-0.050,-0.015,9.812,0.24,0.02,-0.07
169.50,-0.049,-0.038,9.754,0.01,0.08,-0.03
169.52,0.031,0.064,9.907,0.04,-0.05,0.14
169.54,-0.002,0.052,9.750,0.01,0.02,-0.10
169.56,0.040,-0.010,9.836,-0.07,-0.02,0.08
169.58,0.031,-0.126,9.806,0.08,-0.20,-0.08
169.60,0.025,-0.023,9.858,0.14,-0.06,-0.03
169.62,0.038,0.002,9.823,0.00,-0.30,0.03
169.64,0.059,-0.027,9.813,-0.01,0.01,0.19
169.66,-0.015,-0.079,9.800,0.01,-0.04,-0.00
169.68,0.053,-0.089,9.835,-0.12,0.00,-0.08
169.70,0.063,-0.029,9.843,-0.05,0.15,-0.10
169.72,0.044,-0.065,9.740,0.06,-0.07,0.02
169.74,0.081,-0.029,9.743,-0.02,-0.07,0.07
169.76,0.046,-0.032,9.749,0.03,-0.05,-0.01
169.78,-0.012,0.034,9.713,-0.04,-0.03,-0.07
169.80,-0.046,-0.039,9.858,-0.12,0.03,0.01
169.82,0.040,0.030,9.880,-0.03,0.13,-0.09
169.84,0.039,0.000,9.897,0.21,-0.01,0.18
169.86,-0.105,-0.091,9.818,-0.16,0.13,-0.16
169.88,-0.017,-0.000,9.820,-0.05,0.07,-0.03
169.90,-0.013,0.063,9.883,0.08,-0.05,-0.07
169.92,-0.008,-0.022,9.852,0.16,-0.04,0.02
169.94,0.016,0.072,9.745,0.10,-0.02,-0.02
169.96,0.053,0.027,9.780,0.02,-0.05,-0.05
169.98,-0.012,-0.039,9.888,0.11,0.04,-0.11
170.00,0.034,0.042,9.808,-0.06,-0.14,0.26
170.02,-0.056,-0.013,9.704,-0.17,-0.10,-0.01
170.04,-0.012,-0.031,9.901,0.01,-0.22,0.01
170.06,0.019,-0.133,9.729,0.03,-0.20,0.06
170.08,-0.003,-0.002,9.824,-0.14,-0.12,-0.09
170.10,0.071,0.026,9.733,0.18,-0.06,0.01
170.12,0.024,0.053,9.821,-0.01,-0.19,0.20
170.14,0.011,-0.040,9.768,-0.04,0.14,0.13
170.16,0.008,-0.038,9.779,0.05,0.23,-0.03
170.18,-0.058,0.044,9.870,0.22,0.04,-0.11
170.20,0.006,-0.078,9.755,-0.05,0.02,-0.11
170.22,0.024,0.068,9.759,0.12,-0.13,0.12
170.24,0.013,0.034,9.742,0.04,-0.02,0.12
170.26,0.015,0.030,9.785,-0.06,-0.09,0.01
170.28,0.019,-0.016,9.825,-0.09,-0.03,0.25
170.30,0.032,-0.009,9.807,-0.10,0.05,0.16
170.32,-0.023,-0.001,9.818,0.13,0.01,0.13
170.34,-0.022,0.031,9.880,-0.11,0.10,0.02
170.36,0.019,-0.015,9.803,0.00,-0.05,-0.02
170.38,-0.130,-0.127,9.876,0.13,0.12,-0.16
170.40,0.004,0.010,9.865,0.00,-0.03,-0.00
170.42,-0.009,-0.053,9.924,0.11,-0.15,-0.06
170.44,-0.026,-0.007,9.876,-0.09,0.08,0.03
170.46,-0.112,0.052,9.819,0.02,0.14,0.08
170.48,0.088,-0.070,9.920,0.08,-0.05,-0.10
170.50,-0.050,0.015,9.799,0.08,0.08,-0.07
170.52,-0.120,0.014,9.843,0.04,0.02,0.19
170.54,0.023,0.006,9.798,0.05,0.02,-0.11
170.56,0.010,0.008,9.843,0.07,0.12,-0.05
170.58,0.059,0.046,9.752,0.06,-0.02,0.06
170.60,0.004,-0.058,9.839,-0.07,-0.18,0.06
170.62,0.016,0.048,9.773,-0.02,0.02,-0.10
170.64,-0.068,-0.022,9.853,0.02,0.15,-0.00
170.66,-0.018,-0.019,9.796,-0.00,-0.12,-0.02
170.68,-0.014,0.052,9.788,-0.10,-0.11,-0.10
170.70,-0.019,-0.024,9.776,-0.21,0.01,0.22
170.72,-0.025,0.057,9.889,0.01,0.03,-0.00
170.74,0.024,0.033,9.865,-0.01,-0.09,-0.15
170.76,-0.074,0.041,9.779,0.01,0.01,0.04
170.78,-0.001,-0.026,9.786,0.05,-0.03,-0.09
170.80,0.103,-0.015,9.856,0.12,0.16,0.16
170.82,0.006,-0.033,9.895,0.05,-0.04,-0.04
170.84,-0.042,0.004,9.829,-0.13,0.14,-0.04
170.86,0.120,-0.017,9.744,-0.20,-0.02,0.03
170.88,0.004,0.002,9.800,0.17,-0.10,0.07
170.90,-0.008,0.030,9.809,-0.11,0.06,0.05
170.92,0.013,-0.074,9.790,0.01,-0.08,0.05
170.94,-0.028,0.004,9.814,-0.05,0.02,0.04
170.96,0.039,-0.001,9.864,0.02,0.01,0.01
170.98,-0.052,0.030,9.786,0.05,-0.10,-0.07
171.00,-0.050,0.002,9.832,-0.05,0.12,0.02
171.02,0.107,0.020,9.836,-0.14,-0.00,0.07
171.04,0.065,0.002,9.847,-0.01,-0.14,0.02
171.06,-0.009,0.013,9.764,0.15,-0.23,-0.06
171.08,-0.008,-0.071,9.706,-0.07,0.15,-0.01
171.10,-0.052,-0.080,9.835,0.10,-0.04,0.05
171.12,-0.007,0.067,9.817,-0.04,0.05,0.06
171.14,0.040,0.008,9.829,0.07,-0.12,0.10
171.16,-0.021,-0.009,9.852,0.20,0.02,-0.08
171.18,0.015,0.057,9.783,0.07,0.00,-0.08
171.20,0.015,0.001,9.831,0.00,-0.07,-0.27
171.22,0.021,0.023,9.748,-0.03,0.00,0.04
171.24,0.062,0.028,9.815,-0.13,-0.15,0.17
171.26,-0.095,-0.005,9.741,0.17,0.05,0.05
171.28,-0.019,-0.112,9.869,-0.02,-0.00,-0.05
171.30,0.024,-0.021,9.800,0.04,-0.13,0.05
171.32,-0.080,0.038,9.812,-0.01,-0.13,0.03
171.34,-0.004,-0.059,9.822,0.04,0.07,-0.02
171.36,-0.051,-0.073,9.890,0.20,0.09,0.02
171.38,0.075,0.033,9.809,0.09,0.01,-0.19
171.40,-0.109,-0.000,9.852,-0.06,-0.14,-0.05
171.42,0.102,-0.031,9.865,-0.20,0.07,-0.03
171.44,0.056,0.021,9.765,0.02,-0.06,0.17
171.46,-0.008,-0.009,9.882,-0.06,0.06,0.02
171.48,0.053,0.124,9.798,0.09,0.15,-0.13
171.50,-0.038,0.094,9.771,0.02,-0.20,0.10
171.52,0.016,0.035,9.800,-0.17,0.02,0.23
171.54,0.022,0.025,9.826,-0.01,-0.07,-0.11
171.56,-0.018,-0.033,9.787,0.18,-0.07,-0.05
171.58,0.012,-0.006,9.828,0.19,-0.10,0.02
171.60,-0.029,0.048,9.771,-0.11,-0.04,0.01
171.62,0.086,-0.035,9.850,0.13,-0.02,-0.22
171.64,-0.010,-0.014,9.859,-0.10,0.05,0.08
171.66,0.033,-0.035,9.915,0.08,-0.15,0.16
171.68,0.061,-0.072,9.702,-0.06,0.12,-0.07
171.70,-0.031,-0.010,9.745,0.13,-0.20,0.03
171.72,0.066,0.075,9.767,0.03,-0.05,-0.06
171.74,0.011,-0.065,9.804,0.06,0.17,-0.06
171.76,0.048,-0.072,9.824,0.02,0.07,0.09
171.78,-0.005,-0.019,9.811,-0.06,-0.00,-0.01
171.80,-0.012,-0.038,9.899,-0.14,-0.06,-0.01
171.82,-0.021,0.008,9.830,-0.11,-0.05,-0.20
171.84,0.087,0.079,9.851,0.04,0.09,0.02
171.86,0.022,-0.009,9.745,0.04,0.01,-0.04
171.88,-0.035,-0.012,9.785,0.02,0.06,0.05
171.90,0.017,0.019,9.777,-0.14,0.14,0.15
171.92,-0.072,-0.062,9.864,-0.05,-0.08,0.09
171.94,0.031,-0.067,9.766,0.05,-0.15,0.02
171.96,0.021,0.050,9.751,-0.06,0.06,-0.02
171.98,0.006,0.018,9.840,-0.14,-0.08,-0.06
172.00,0.063,0.001,9.871,0.08,-0.08,-0.17
172.02,0.023,-0.018,9.788,0.09,0.13,-0.01
172.04,-0.051,0.037,9.853,-0.09,-0.15,-0.15
172.06,-0.002,0.040,9.796,0.02,-0.02,0.11
172.08,-0.016,-0.010,9.835,-0.04,0.01,0.14
172.10,0.029,-0.098,9.924,0.11,-0.07,0.11
172.12,-0.009,-0.037,9.745,0.08,0.10,0.09
172.14,0.024,0.021,9.821,0.14,-0.15,0.11
172.16,-0.058,-0.015,9.760,0.10,0.10,-0.09
172.18,-0.002,0.056,9.833,-0.04,0.22,-0.06
172.20,-0.047,-0.079,9.768,-0.02,0.13,-0.07
172.22,0.061,-0.047,9.892,0.04,0.13,-0.12
172.24,0.022,-0.037,9.776,0.05,-0.06,0.01
172.26,0.131,-0.027,9.818,-0.13,-0.04,-0.13
172.28,0.020,0.061,9.777,0.02,0.03,-0.04
172.30,-0.006,0.080,9.799,0.01,0.12,0.04
172.32,-0.019,0.103,9.882,-0.01,-0.09,0.02
172.34,0.104,0.008,9.823,-0.03,0.12,0.02
172.36,-0.071,0.021,9.826,-0.05,-0.13,-0.16
172.38,-0.039,-0.057,9.775,-0.06,-0.05,0.10
172.40,-0.010,-0.007,9.837,0.19,0.01,-0.03
172.42,-0.044,-0.016,9.845,0.13,0.04,-0.03
172.44,0.039,0.034,9.802,0.06,0.03,-0.02
172.46,-0.045,0.089,9.709,0.01,-0.15,-0.01
172.48,0.074,0.042,9.782,-0.03,-0.08,0.03
172.50,-0.014,-0.049,9.890,0.17,0.13,-0.01
172.52,-0.034,0.043,9.837,0.13,-0.06,-0.10
172.54,0.063,-0.089,9.802,0.20,-0.16,0.08
172.56,0.023,-0.020,9.924,0.09,-0.04,0.01
172.58,0.067,-0.019,9.882,-0.03,0.03,0.10
172.60,-0.020,-0.007,9.836,-0.08,-0.05,-0.06
172.62,0.042,0.055,9.823,0.01,-0.05,-0.10
172.64,-0.091,0.088,9.843,-0.05,-0.03,-0.08
172.66,-0.043,-0.024,9.735,-0.03,0.10,0.12
172.68,-0.098,0.004,9.785,-0.05,-0.02,-0.07
172.70,-0.104,0.011,9.796,-0.00,0.06,-0.04
172.72,-0.002,-0.023,9.822,0.09,-0.01,0.02
172.74,0.013,0.078,9.784,-0.24,0.08,-0.13
172.76,0.036,0.014,9.729,0.02,-0.13,0.07
172.78,0.023,-0.119,9.847,-0.17,-0.03,-0.03
172.80,-0.009,0.071,9.720,0.17,0.09,0.11
172.82,0.032,-0.064,9.753,0.08,-0.05,0.04
172.84,0.036,-0.049,9.861,0.10,0.27,0.01
172.86,-0.055,-0.012,9.869,-0.13,-0.21,-0.05
172.88,0.031,0.037,9.792,-0.02,-0.09,0.00
172.90,-0.046,0.090,9.818,-0.05,-0.15,0.18
172.92,-0.042,0.077,9.796,0.18,-0.19,-0.07
172.94,0.048,-0.029,9.838,-0.16,0.10,-0.15
172.96,-0.032,0.007,9.805,0.10,0.02,-0.04
172.98,-0.003,-0.060,9.779,0.01,-0.27,-0.08
173.00,-0.060,-0.000,9.714,-0.01,-0.04,0.10
173.02,0.033,-0.043,9.780,-0.10,-0.04,0.05
173.04,0.040,-0.023,9.697,0.00,0.03,-0.07
173.06,-0.018,-0.001,9.769,-0.13,-0.05,0.04
173.08,-0.079,-0.025,9.683,-0.16,-0.06,0.03
173.10,0.072,0.015,9.892,-0.10,-0.15,-0.01
173.12,0.055,-0.063,9.807,0.09,-0.05,0.21
173.14,-0.045,-0.049,9.811,0.07,-0.15,-0.09
173.16,-0.029,0.068,9.777,0.08,-0.16,-0.12
173.18,-0.061,-0.014,9.908,0.02,0.11,0.05
173.20,-0.031,-0.010,9.848,-0.04,-0.08,-0.17
173.22,-0.022,0.003,9.791,-0.01,-0.22,0.09
173.24,0.002,-0.023,9.763,0.03,0.03,-0.10
173.26,-0.018,0.072,9.754,-0.06,-0.03,-0.14
173.28,-0.030,-0.075,9.921,0.06,0.01,0.05
173.30,-0.072,0.054,9.860,0.01,0.00,0.09
173.32,-0.068,-0.159,9.743,-0.01,0.11,0.04
173.34,0.032,-0.013,9.722,-0.02,-0.07,-0.08
173.36,0.018,0.024,9.765,-0.02,-0.03,-0.11
173.38,0.048,-0.027,9.741,-0.09,0.15,-0.06
173.40,-0.060,0.071,9.769,-0.19,0.03,0.02
173.42,-0.019,0.096,9.826,-0.10,-0.18,-0.06
173.44,-0.030,-0.016,9.752,-0.07,0.02,0.07
173.46,-0.023,0.005,9.890,0.13,-0.14,-0.02
173.48,0.025,0.100,9.842,0.05,0.19,-0.01
173.50,0.043,0.077,9.879,0.07,0.12,-0.18
173.52,-0.009,-0.048,9.942,0.14,-0.11,-0.07
173.54,0.041,-0.060,9.906,0.07,-0.04,0.04
173.56,0.041,0.044,9.853,-0.17,-0.15,0.04
173.58,0.065,0.018,9.806,0.02,0.08,0.11
173.60,0.001,0.027,9.782,-0.18,-0.06,-0.03
173.62,-0.001,0.035,9.904,-0.12,-0.07,0.10
173.64,-0.052,-0.041,9.816,-0.06,0.06,0.16
173.66,-0.051,0.025,9.779,0.07,0.03,0.16
173.68,0.081,-0.018,9.772,0.13,0.03,-0.11
173.70,-0.052,-0.016,9.720,-0.08,0.12,0.00
173.72,0.005,0.095,9.788,-0.02,-0.08,0.02
173.74,0.047,-0.020,9.803,-0.03,0.11,0.02
173.76,0.019,-0.017,9.790,-0.20,-0.04,0.09
173.78,-0.032,0.011,9.812,0.14,0.07,-0.11
173.80,0.037,0.042,9.825,-0.04,0.04,0.21
173.82,-0.001,0.036,9.834,0.16,0.10,-0.12
173.84,0.011,0.068,9.849,-0.07,0.00,-0.02
173.86,0.003,0.058,9.905,-0.11,0.06,-0.04
173.88,-0.053,0.068,9.747,0.14,-0.16,-0.09
173.90,0.071,-0.016,9.855,-0.22,0.09,0.10
173.92,0.024,-0.047,9.841,-0.14,-0.05,0.06
173.94,0.002,-0.073,9.767,-0.05,0.14,0.11
173.96,-0.015,0.030,9.833,-0.08,0.05,-0.16
173.98,-0.035,0.022,9.754,-0.05,0.05,0.01
174.00,0.010,-0.033,9.886,-0.01,0.11,-0.17
174.02,0.053,-0.006,9.855,-0.06,0.01,0.04
174.04,0.107,0.057,9.944,0.06,-0.02,-0.07
174.06,-0.004,0.050,9.772,0.02,-0.02,0.20
174.08,-0.068,0.056,9.792,0.03,-0.05,0.02
174.10,0.003,-0.091,9.855,0.10,-0.04,-0.30
174.12,-0.031,0.023,9.819,-0.07,0.05,0.09
174.14,-0.010,0.011,9.887,-0.11,-0.07,0.06
174.16,-0.027,-0.019,9.841,0.12,0.34,0.10
174.18,-0.043,0.053,9.885,-0.05,-0.20,0.06
174.20,-0.076,0.033,9.825,-0.01,-0.00,0.01
174.22,-0.025,-0.042,9.765,0.04,-0.02,0.16
174.24,-0.012,0.070,9.833,-0.08,0.13,0.01
174.26,-0.057,-0.007,9.784,0.04,0.03,0.04
174.28,0.079,0.016,9.794,-0.22,-0.11,0.04
174.30,0.005,0.005,9.805,-0.08,0.12,0.08
174.32,0.039,-0.086,9.816,-0.05,-0.05,-0.14
174.34,-0.071,-0.048,9.867,-0.10,-0.02,-0.16
174.36,0.012,0.018,9.756,-0.14,-0.11,-0.02
174.38,-0.034,0.039,9.761,-0.29,0.03,-0.16
174.40,0.106,0.035,9.817,0.04,-0.03,0.14
174.42,-0.016,-0.017,9.793,0.04,-0.02,0.02
174.44,-0.048,0.032,9.785,0.08,0.14,-0.10
174.46,-0.003,-0.084,9.782,0.16,-0.06,0.01
174.48,0.014,0.041,9.846,-0.05,0.10,-0.13
174.50,0.015,-0.042,9.781,-0.03,0.10,0.16
174.52,0.083,0.049,9.838,0.05,0.19,-0.09
174.54,0.004,0.043,9.874,-0.18,0.05,0.02
174.56,0.038,0.050,9.775,-0.01,0.04,-0.02
174.58,0.008,-0.057,9.782,0.21,0.06,-0.09
174.60,-0.050,0.000,9.764,-0.14,0.18,0.00
174.62,-0.066,0.007,9.778,0.08,0.03,-0.02
174.64,-0.004,0.155,9.839,0.09,0.03,0.02
174.66,0.011,0.013,9.856,-0.13,0.03,0.17
174.68,-0.012,-0.007,9.847,0.22,0.06,0.08
174.70,0.043,-0.035,9.881,-0.16,0.06,0.11
174.72,-0.022,-0.089,9.784,0.03,0.03,0.09
174.74,-0.083,-0.014,9.689,0.03,-0.09,-0.02
174.76,-0.042,-0.012,9.820,0.14,0.19,0.08
174.78,-0.047,0.018,9.816,-0.04,0.07,-0.04
174.80,0.014,0.006,9.883,-0.03,-0.06,0.02
174.82,0.028,0.027,9.719,0.08,0.14,-0.12
174.84,-0.031,-0.015,9.760,-0.07,0.11,0.01
174.86,-0.024,0.021,9.857,0.09,-0.23,-0.04
174.88,0.114,-0.053,9.867,-0.13,-0.05,0.20
174.90,0.011,-0.041,9.754,0.12,-0.26,-0.11
174.92,-0.076,0.057,9.818,0.09,-0.01,-0.05
174.94,0.081,-0.021,9.797,-0.08,0.13,-0.08
174.96,-0.006,-0.004,9.812,-0.07,-0.16,0.13
174.98,-0.067,-0.001,9.866,-0.00,-0.15,0.04
175.00,0.076,0.035,9.867,-0.23,0.11,0.17
175.02,0.071,0.088,9.720,0.16,-0.10,-0.04
175.04,-0.017,0.000,9.801,-0.09,-0.01,0.22
175.06,0.028,-0.051,9.754,0.09,-0.15,-0.02
175.08,0.012,-0.034,9.911,0.08,0.10,0.05
175.10,0.085,0.073,9.682,0.04,0.04,0.06
175.12,-0.014,0.043,9.821,0.00,-0.05,0.02
175.14,0.021,0.004,9.760,-0.07,-0.16,-0.10
175.16,0.037,0.074,9.790,0.17,0.04,0.05
175.18,0.022,-0.012,9.825,0.09,-0.03,0.17
175.20,-0.011,-0.048,9.781,0.07,-0.08,0.07
175.22,0.006,-0.023,9.743,-0.17,-0.03,-0.14
175.24,-0.102,-0.070,9.907,-0.08,-0.09,-0.02
175.26,0.048,0.027,9.848,0.17,-0.19,-0.10
175.28,-0.068,0.017,9.779,-0.01,-0.17,0.09
175.30,0.027,-0.075,9.692,0.12,0.04,0.13
175.32,-0.055,0.016,9.725,-0.12,0.01,-0.14
175.34,0.014,0.002,9.744,0.07,0.01,-0.10
175.36,0.015,-0.051,9.938,-0.17,0.05,0.01
175.38,0.029,-0.019,9.839,0.06,-0.01,0.28
175.40,-0.013,0.064,9.809,-0.13,0.01,-0.06
175.42,-0.002,0.052,9.822,0.02,0.07,-0.05
175.44,-0.025,0.037,9.811,0.15,0.05,-0.04
175.46,0.048,0.022,9.789,0.09,0.04,0.02
175.48,0.010,0.058,9.745,0.01,-0.03,-0.06
175.50,0.035,0.082,9.855,0.06,0.05,-0.16
175.52,-0.047,0.015,9.799,0.11,-0.10,0.03
175.54,-0.035,-0.023,9.800,-0.09,-0.01,-0.13
175.56,0.028,-0.005,9.828,-0.10,-0.01,0.07
175.58,0.045,-0.073,9.830,0.04,0.07,0.04
175.60,0.027,-0.069,9.849,-0.04,-0.08,0.12
175.62,-0.041,0.015,9.824,-0.13,0.11,0.05
175.64,-0.054,0.031,9.768,-0.00,0.19,0.04
175.66,-0.062,0.060,9.878,0.07,0.02,0.04
175.68,0.024,-0.010,9.864,-0.07,-0.13,0.13
175.70,-0.019,0.041,9.729,0.10,0.21,0.01
175.72,-0.081,0.122,9.779,0.04,-0.00,0.04
175.74,0.041,0.059,9.844,0.16,-0.01,0.06
175.76,-0.028,0.097,9.795,0.02,-0.02,-0.06
175.78,-0.069,-0.103,9.861,0.11,0.13,-0.07
175.80,-0.042,-0.022,9.811,0.01,-0.09,-0.03
175.82,0.048,-0.097,9.782,-0.03,-0.09,-0.08
175.84,-0.046,0.042,9.884,0.07,-0.07,0.11
175.86,-0.017,-0.035,9.762,-0.09,0.11,0.14
175.88,0.053,0.017,9.796,-0.08,-0.07,-0.10
175.90,-0.005,0.038,9.745,0.04,0.05,0.08
175.92,-0.006,-0.021,9.826,0.25,0.03,-0.09
175.94,-0.038,0.055,9.833,0.02,0.19,-0.08
175.96,-0.015,-0.029,9.853,0.16,0.16,-0.13
175.98,-0.030,0.011,9.795,-0.03,-0.01,-0.08
176.00,0.079,0.021,9.787,0.11,-0.15,-0.08
176.02,-0.066,0.005,9.813,0.11,0.08,-0.23
176.04,0.079,0.056,9.813,0.07,0.01,-0.20
176.06,0.014,0.063,9.799,0.09,-0.16,0.06
176.08,0.051,-0.088,9.823,0.14,-0.00,0.10
176.10,-0.009,-0.009,9.728,-0.11,-0.07,-0.12
176.12,0.065,0.038,9.861,-0.09,0.02,-0.05
176.14,-0.030,0.061,9.984,0.10,-0.08,0.10
176.16,0.024,-0.106,9.809,-0.16,-0.06,0.08
176.18,-0.112,0.005,9.831,-0.01,-0.02,-0.04
176.20,-0.052,-0.011,9.804,0.01,-0.04,-0.00
176.22,0.027,-0.060,9.865,-0.04,0.10,0.01
176.24,0.003,-0.052,9.825,-0.02,-0.09,-0.15
176.26,0.106,0.029,9.786,-0.05,0.13,0.21
176.28,-0.002,0.024,9.789,-0.03,0.05,0.16
176.30,0.050,0.030,9.760,-0.05,0.00,0.11
176.32,0.027,0.025,9.826,0.03,-0.17,-0.13
176.34,-0.041,0.008,9.866,-0.04,-0.04,0.13
176.36,-0.025,-0.106,9.732,0.08,0.06,0.03
176.38,-0.041,-0.052,9.841,-0.07,0.09,0.06
176.40,-0.066,0.100,9.809,-0.10,0.14,0.16
176.42,-0.015,-0.021,9.876,0.14,0.07,-0.11
176.44,0.014,-0.028,9.831,0.09,-0.04,-0.13
176.46,0.025,0.028,9.763,0.13,-0.03,0.06
176.48,0.033,-0.027,9.921,0.00,-0.03,-0.04
176.50,0.040,0.002,9.845,-0.12,0.02,0.16
176.52,0.046,0.030,9.795,0.04,0.02,0.01
176.54,0.003,0.007,9.766,-0.05,0.08,0.06
176.56,-0.017,-0.027,9.884,-0.09,-0.06,0.03
176.58,0.028,0.069,9.775,-0.12,0.04,-0.10
176.60,-0.001,0.040,9.765,0.18,0.06,-0.21
176.62,-0.004,-0.072,9.846,0.12,0.02,-0.13
176.64,-0.044,-0.054,9.743,-0.17,-0.07,0.09
176.66,0.033,0.025,9.844,-0.12,0.08,-0.05
176.68,-0.023,0.032,9.826,-0.14,0.11,0.23
176.70,-0.122,0.031,9.746,0.06,0.06,0.00
176.72,-0.027,-0.018,9.773,0.06,0.13,-0.08
176.74,-0.067,0.050,9.708,0.10,0.07,0.03
176.76,0.046,-0.042,9.701,0.08,-0.04,0.15
176.78,-0.050,-0.008,9.860,0.04,-0.15,-0.03
176.80,-0.023,0.029,9.941,-0.02,-0.09,0.18
176.82,-0.026,0.088,9.799,0.24,-0.13,0.14
176.84,-0.114,-0.043,9.744,0.25,0.00,-0.05
176.86,0.014,0.069,9.815,0.09,-0.08,0.02
176.88,0.006,-0.009,9.907,-0.04,0.02,-0.02
176.90,-0.052,-0.051,9.655,-0.03,0.05,0.07
176.92,-0.014,0.063,9.774,-0.06,0.11,0.02
176.94,-0.017,0.040,9.826,-0.16,0.10,0.08
176.96,0.033,-0.181,9.792,-0.21,-0.13,0.00
176.98,-0.086,0.025,9.840,0.11,-0.09,0.07
177.00,-0.007,0.089,9.711,0.20,-0.00,-0.12
177.02,0.017,0.025,9.761,-0.08,0.09,0.00
177.04,-0.007,-0.035,9.892,-0.14,0.10,-0.10
177.06,-0.019,0.056,9.783,0.09,-0.10,0.07
177.08,0.064,0.006,9.875,0.02,0.08,0.25
177.10,-0.004,-0.054,9.761,0.23,-0.02,0.09
177.12,-0.048,0.060,9.751,-0.05,-0.08,0.18
177.14,0.131,-0.059,9.849,-0.15,0.04,-0.13
177.16,-0.064,-0.036,9.799,-0.04,0.07,0.10
177.18,-0.026,-0.048,9.827,-0.10,0.03,0.01
177.20,-0.053,0.025,9.811,0.05,-0.12,-0.01
177.22,0.021,-0.066,9.839,0.04,-0.19,-0.07
177.24,0.018,-0.026,9.904,0.29,-0.05,0.07
177.26,0.050,-0.065,9.861,-0.17,-0.23,-0.00
177.28,-0.026,-0.042,9.853,0.10,-0.06,0.09
177.30,-0.008,-0.101,9.785,-0.00,0.04,-0.03
177.32,-0.001,-0.031,9.930,0.17,0.02,-0.03
177.34,-0.004,0.020,9.743,-0.05,0.25,0.13
177.36,-0.049,-0.054,9.830,0.02,-0.10,0.12
177.38,-0.009,-0.025,9.837,0.03,0.09,0.16
177.40,-0.060,-0.115,9.797,-0.04,-0.11,-0.06
177.42,-0.036,0.056,9.770,-0.05,0.24,-0.13
177.44,0.024,0.045,9.796,0.02,0.02,-0.10
177.46,-0.033,0.049,9.854,0.01,0.12,0.00
177.48,0.043,-0.003,9.729,0.24,0.07,0.16
177.50,-0.028,-0.078,9.764,0.02,0.13,-0.11
177.52,-0.014,-0.068,9.829,-0.05,-0.02,-0.02
177.54,0.102,-0.098,9.727,0.12,0.01,-0.03
177.56,0.060,0.039,9.820,0.16,-0.18,0.06
177.58,-0.046,0.003,9.745,-0.17,-0.15,0.08
177.60,-0.033,-0.046,9.784,-0.06,0.25,-0.01
177.62,-0.054,-0.072,9.843,-0.09,0.04,0.12
177.64,-0.006,0.005,9.896,0.06,0.10,0.21
177.66,-0.036,-0.071,9.817,0.07,0.21,0.02
177.68,-0.060,0.037,9.787,0.09,-0.16,-0.05
177.70,0.032,-0.004,9.800,-0.21,-0.02,0.12
177.72,-0.102,0.119,9.911,-0.09,0.15,0.10
177.74,0.101,0.014,9.846,0.07,0.02,-0.07
177.76,-0.049,-0.091,9.827,0.05,-0.03,-0.08
177.78,-0.033,-0.017,9.690,-0.01,0.07,0.08
177.80,0.020,-0.038,9.791,0.07,-0.06,0.16
177.82,-0.029,-0.022,9.850,-0.08,-0.12,-0.07
177.84,0.049,-0.088,9.782,-0.06,0.09,-0.06
177.86,0.019,-0.004,9.779,-0.16,0.03,-0.14
177.88,0.071,-0.055,9.778,-0.01,-0.22,0.09
177.90,-0.003,-0.002,9.775,-0.02,0.18,0.12
177.92,0.026,0.124,9.819,0.21,0.03,0.07
177.94,-0.013,0.053,9.756,0.07,0.02,0.06
177.96,-0.037,0.081,9.842,-0.03,-0.01,0.15
177.98,0.121,0.102,9.794,0.00,0.05,-0.12
178.00,-0.007,-0.050,9.758,0.05,0.27,-0.04
178.02,0.013,0.002,9.874,-0.17,-0.04,-0.21
178.04,-0.017,0.002,9.807,0.06,-0.20,-0.09
178.06,0.003,-0.085,9.917,0.17,0.02,0.02
178.08,0.070,-0.030,9.852,-0.03,0.10,-0.12
178.10,0.022,-0.029,9.813,0.03,0.01,0.15
178.12,0.015,-0.024,9.746,-0.01,-0.01,-0.10
178.14,0.013,-0.022,9.898,-0.01,0.21,-0.11
178.16,0.055,0.008,9.798,-0.06,0.07,0.11
178.18,-0.032,0.042,9.871,0.10,0.07,0.04
178.20,-0.025,0.021,9.761,-0.08,-0.02,-0.14
178.22,0.006,-0.110,9.824,0.16,-0.02,0.04
178.24,0.016,-0.019,9.852,0.01,0.04,-0.06
178.26,0.023,0.016,9.814,0.08,-0.16,0.06
178.28,-0.040,0.020,9.794,0.07,-0.04,0.07
178.30,-0.015,-0.121,9.790,-0.22,0.02,0.04
178.32,-0.080,-0.141,9.867,-0.16,-0.00,0.09
178.34,0.024,-0.018,9.780,0.01,0.11,0.15
178.36,0.033,-0.008,9.764,-0.03,-0.16,-0.04
178.38,-0.005,0.015,9.817,-0.08,0.08,-0.02
178.40,-0.075,-0.067,9.865,0.08,-0.04,0.16
178.42,-0.031,-0.010,9.827,0.07,0.22,-0.11
178.44,0.068,0.035,9.762,0.07,0.11,0.07
178.46,0.058,0.037,9.832,-0.03,-0.02,-0.10
178.48,-0.056,-0.036,9.813,0.01,0.08,0.10
178.50,-0.024,-0.023,9.818,-0.07,-0.13,-0.04
178.52,0.055,-0.032,9.821,0.03,0.04,0.14
178.54,0.028,-0.065,9.793,-0.03,-0.08,-0.11
178.56,-0.034,-0.048,9.850,-0.08,0.02,0.02
178.58,-0.009,-0.019,9.832,0.17,0.05,-0.18
178.60,-0.021,0.043,9.879,-0.08,0.15,-0.06
178.62,0.049,-0.020,9.808,-0.05,-0.02,0.03
178.64,0.023,-0.011,9.837,-0.04,-0.20,-0.03
178.66,-0.130,-0.009,9.773,0.07,0.14,-0.16
178.68,-0.041,0.021,9.831,-0.08,-0.06,0.11
178.70,0.007,0.003,9.701,0.04,-0.08,0.11
178.72,0.108,-0.037,9.792,-0.05,0.02,0.12
178.74,0.021,-0.032,9.850,-0.13,-0.03,0.11
178.76,-0.009,0.013,9.707,0.07,0.04,-0.08
178.78,-0.001,0.017,9.883,-0.02,-0.03,0.00
178.80,-0.036,-0.018,9.896,-0.00,-0.07,-0.04
178.82,0.051,-0.014,9.803,-0.02,-0.19,-0.03
178.84,0.033,-0.015,9.838,-0.07,0.04,-0.02
178.86,-0.066,-0.030,9.867,0.07,0.05,-0.03
178.88,0.002,-0.041,9.882,0.03,0.08,0.07
178.90,-0.106,0.005,9.803,0.01,0.05,0.11
178.92,0.073,-0.108,9.822,-0.15,0.01,-0.02
178.94,0.022,-0.000,9.742,-0.06,-0.07,0.08
178.96,-0.072,0.062,9.730,-0.05,0.18,0.18
178.98,-0.048,-0.051,9.829,-0.32,-0.00,0.00
179.00,-0.034,-0.089,9.822,-0.02,-0.00,-0.04
179.02,-0.109,0.061,9.706,-0.02,0.05,0.09
179.04,0.006,0.046,9.715,-0.16,0.21,0.02
179.06,-0.017,-0.042,9.862,0.00,-0.16,-0.02
179.08,-0.063,-0.008,9.774,-0.19,-0.15,-0.03
179.10,-0.052,0.055,9.795,0.00,-0.10,-0.13
179.12,0.011,-0.009,9.890,0.13,0.03,0.12
179.14,0.025,0.080,9.857,-0.06,0.09,-0.14
179.16,-0.019,0.034,9.745,-0.00,-0.20,-0.04
179.18,-0.041,0.022,9.845,0.05,-0.33,-0.03
179.20,0.058,0.041,9.911,-0.15,0.04,-0.01
179.22,0.036,-0.018,9.810,-0.06,-0.01,0.11
179.24,0.054,-0.065,9.799,0.07,-0.16,0.13
179.26,0.082,-0.039,9.850,-0.08,-0.05,0.08
179.28,0.011,0.002,9.908,0.01,0.03,0.09
179.30,0.110,-0.027,9.790,0.04,-0.05,0.15
179.32,0.003,-0.035,9.858,0.03,0.09,-0.11
179.34,0.028,-0.036,9.818,-0.02,0.19,-0.08
179.36,-0.025,0.063,9.839,-0.21,0.03,0.06
179.38,0.057,0.090,9.851,0.06,0.11,0.05
179.40,0.026,0.017,9.822,0.04,0.11,0.17
179.42,-0.055,-0.025,9.840,0.07,-0.12,0.12
179.44,0.047,0.029,9.860,0.28,0.10,0.01
179.46,-0.011,0.018,9.811,0.07,0.03,-0.30
179.48,0.102,-0.010,9.820,0.04,-0.01,-0.09
179.50,0.007,0.089,9.755,-0.02,0.10,0.11
179.52,0.023,0.010,9.840,-0.08,-0.15,0.08
179.54,-0.040,0.074,9.830,-0.19,-0.06,-0.07
179.56,0.027,0.007,9.745,0.14,0.06,-0.00
179.58,0.022,-0.055,9.762,0.14,-0.03,0.08
179.60,-0.041,0.005,9.878,0.05,0.02,-0.04
179.62,-0.045,0.050,9.757,-0.03,0.07,-0.00
179.64,-0.022,-0.056,9.817,0.13,0.01,0.04
179.66,0.017,0.028,9.822,-0.04,0.01,-0.06
179.68,0.007,-0.057,9.890,-0.09,0.22,0.14
179.70,0.033,0.076,9.906,0.01,0.03,-0.01
179.72,0.148,-0.014,9.773,-0.02,0.15,0.07
179.74,-0.093,-0.019,9.835,0.06,0.13,-0.06
179.76,-0.017,0.022,9.887,-0.01,-0.14,0.05
179.78,-0.042,0.068,9.797,0.08,-0.00,-0.08
179.80,-0.040,-0.028,9.776,-0.02,-0.02,-0.00
179.82,0.047,-0.023,9.830,0.13,-0.11,-0.12
179.84,-0.025,0.019,9.876,-0.07,0.03,0.05
179.86,0.012,-0.040,9.799,0.18,0.11,0.05
179.88,-0.007,-0.047,9.777,-0.02,0.01,0.05
179.90,-0.023,-0.014,9.824,0.07,-0.09,0.13
179.92,0.074,0.029,9.780,0.02,-0.06,-0.01
179.94,0.021,-0.009,9.795,-0.04,-0.01,-0.12
179.96,-0.034,-0.051,9.895,-0.05,-0.07,0.09
179.98,0.064,0.008,9.864,-0.07,-0.13,-0.05
180.00,0.010,-0.060,9.868,-0.14,0.08,0.07
